Date,SPY,EFA,EEM,TLT,IEF,DBC,GLD,VNQ
2006-01-03,86.78540802001953,33.620357513427734,20.14203643798828,47.12123489379883,48.42040252685547,,53.119998931884766,25.602392196655273
2006-01-04,87.19639587402344,33.89952087402344,20.324642181396484,47.23423385620117,48.50693893432617,,53.29999923706055,25.79201889038086
2006-01-05,87.25119018554688,33.72983169555664,20.42804718017578,47.1777229309082,48.51847457885742,,52.34000015258789,25.990049362182617
2006-01-06,87.97727966308594,34.18415832519531,20.85487174987793,47.09046936035156,48.45499801635742,,53.720001220703125,26.23444938659668
2006-01-09,88.20327758789062,34.200584411621094,21.05948257446289,47.12123489379883,48.47808074951172,,54.599998474121094,26.457761764526367
2006-01-10,88.2923583984375,33.894046783447266,20.806467056274414,46.741336822509766,48.28186798095703,,54.060001373291016,26.617891311645508
2006-01-11,88.57319641113281,34.18415832519531,21.050682067871094,46.664306640625,48.1606559753418,,54.529998779296875,26.660030364990234
2006-01-12,88.22384643554688,33.90498733520508,20.758071899414062,46.977500915527344,48.33379364013672,,54.43000030517578,26.584184646606445
2006-01-13,88.14167022705078,34.03636932373047,20.780065536499023,47.249576568603516,48.54733657836914,,55.439998626708984,26.255516052246094
2006-01-17,87.90192413330078,33.60940170288086,20.417049407958984,47.46011734008789,48.60504913330078,,55.2599983215332,26.150169372558594
2006-01-18,87.55256652832031,33.155067443847656,20.406049728393555,47.444725036621094,48.62236404418945,,54.06999969482422,26.145957946777344
2006-01-19,87.8882064819336,33.53276824951172,21.066082000732422,47.30607223510742,48.501155853271484,,55.59000015258789,26.474624633789062
2006-01-20,86.28538513183594,33.02370834350586,20.439043045043945,47.4293212890625,48.581966400146484,,55.20000076293945,26.217586517333984
2006-01-23,86.5936279296875,33.48350524902344,21.033079147338867,47.413909912109375,48.57041549682617,,55.77000045776367,26.3355712890625
2006-01-24,86.68265533447266,33.653194427490234,21.36309814453125,47.18284225463867,48.4896125793457,,55.72999954223633,26.53361701965332
2006-01-25,86.75798797607422,33.76814270019531,21.374099731445312,46.669456481933594,48.189517974853516,,56.13999938964844,26.550472259521484
2006-01-26,87.23746490478516,34.167724609375,21.880128860473633,46.469200134277344,48.085670471191406,,55.880001068115234,26.638967514038086
2006-01-27,88.0457534790039,34.34837341308594,22.13094139099121,46.469200134277344,48.1202507019043,,55.630001068115234,26.938135147094727
2006-01-30,87.97727966308594,34.3757438659668,22.02753257751465,46.42302322387695,48.01637268066406,,56.68000030517578,26.917062759399414
2006-01-31,87.3333740234375,34.4085807800293,22.17273712158203,46.551395416259766,48.085670471191406,,56.70000076293945,26.988698959350586
2006-02-01,87.9430160522461,34.51259231567383,22.161739349365234,46.39216613769531,47.9374885559082,,56.70000076293945,27.115102767944336
2006-02-02,86.92241668701172,34.12394332885742,21.591907501220703,46.479732513427734,47.9374885559082,,56.97999954223633,26.92548179626465
2006-02-03,86.49089813232422,34.03636932373047,21.297090530395508,46.80949783325195,48.08218002319336,,56.5,26.68951416015625
2006-02-06,86.71692657470703,33.987098693847656,21.803117752075195,46.902252197265625,48.0127067565918,19.18509864807129,56.720001220703125,26.790666580200195
2006-02-07,85.94971466064453,33.735294342041016,21.231094360351562,46.680686950683594,47.95481491088867,18.630155563354492,54.599998474121094,26.579971313476562
2006-02-08,86.73062133789062,33.855735778808594,21.297090530395508,46.572505950927734,47.92588806152344,18.550880432128906,54.83000183105469,26.46196746826172
2006-02-09,86.58678436279297,33.921424865722656,21.35209083557129,46.783748626708984,47.97218322753906,18.72528839111328,56.18000030517578,26.58840560913086
2006-02-10,86.74429321289062,33.84477233886719,21.3190975189209,46.5261344909668,47.83324432373047,18.384397506713867,54.790000915527344,26.613666534423828
2006-02-13,86.58678436279297,33.60940170288086,20.793272018432617,46.53129577636719,47.83324432373047,18.0989990234375,53.720001220703125,26.651601791381836
2006-02-14,87.5046157836914,33.98162078857422,21.3190975189209,46.36638641357422,47.76374816894531,17.94837188720703,54.4900016784668,26.799074172973633
2006-02-15,87.81288146972656,33.67508316040039,21.209089279174805,46.479732513427734,47.850582122802734,17.686756134033203,53.7599983215332,27.035045623779297
2006-02-16,88.4704360961914,33.998046875,21.759119033813477,46.49007034301758,47.82740020751953,17.900806427001953,54.52000045776367,27.21623420715332
2006-02-17,88.2307357788086,33.89952087402344,21.73051643371582,46.86103820800781,47.98951721191406,18.154491424560547,54.959999084472656,27.50698471069336
2006-02-21,88.01148223876953,33.90498733520508,21.539106369018555,46.783748626708984,47.931644439697266,18.455747604370117,55.119998931884766,27.47327423095703
2006-02-22,88.54578399658203,34.16226577758789,21.65570831298828,47.10319900512695,48.111141204833984,18.154491424560547,55.34000015258789,27.780864715576172
2006-02-23,88.4156265258789,34.24984359741211,21.64911460876465,46.98466873168945,47.99531555175781,18.09107208251953,54.63999938964844,27.734527587890625
2006-02-24,88.64166259765625,34.36479568481445,21.6909122467041,46.912574768066406,47.9374885559082,18.582590103149414,55.63999938964844,27.5870418548584
2006-02-27,88.67591857910156,34.48522186279297,21.888925552368164,46.83528518676758,47.844783782958984,18.21791648864746,55.220001220703125,27.591257095336914
2006-02-28,87.83338928222656,34.167724609375,21.3190975189209,47.067081451416016,48.03583908081055,18.46367835998535,56.06999969482422,27.490114212036133
2006-03-01,88.61429595947266,34.51806640625,21.90872573852539,46.78275680541992,47.94119644165039,18.424034118652344,56.099998474121094,27.650253295898438
2006-03-02,88.607421875,34.452369689941406,21.926328659057617,46.456974029541016,47.749488830566406,18.757001876831055,56.7400016784668,27.616539001464844
2006-03-03,88.1964340209961,34.31005096435547,21.56110382080078,46.18815231323242,47.63335418701172,18.93140983581543,56.279998779296875,27.464847564697266
2006-03-06,87.79232025146484,34.178680419921875,21.231094360351562,45.78484344482422,47.48234939575195,18.630155563354492,55.22999954223633,27.962066650390625
2006-03-07,87.65531158447266,33.762664794921875,20.483057022094727,45.81585693359375,47.50556945800781,18.30512046813965,54.95000076293945,27.624961853027344
2006-03-08,87.84028625488281,33.87762451171875,20.60405921936035,45.80033874511719,47.528812408447266,18.01179313659668,53.970001220703125,27.768230438232422
2006-03-09,87.25119018554688,33.83930206298828,20.39504623413086,45.81585693359375,47.575279235839844,18.194133758544922,54.2400016784668,27.995765686035156
2006-03-10,88.0799789428711,34.35385513305664,20.824068069458008,45.64524841308594,47.48234939575195,18.114852905273438,53.83000183105469,28.248580932617188
2006-03-13,88.24440002441406,34.63848114013672,20.80207061767578,45.60908889770508,47.44166564941406,18.352684020996094,54.310001373291016,28.06318473815918
2006-03-14,89.16910552978516,35.0052490234375,21.451101303100586,45.91413879394531,47.71465301513672,18.622230529785156,54.869998931884766,28.265451431274414
2006-03-15,89.56639099121094,35.131134033203125,21.699716567993164,45.665931701660156,47.62747573852539,18.416109085083008,55.119998931884766,28.800580978393555
2006-03-16,89.75129699707031,35.24609375,21.506103515625,46.07957077026367,47.92957305908203,18.574663162231445,55.34000015258789,29.09975242614746
2006-03-17,89.82628631591797,35.41577911376953,21.65791130065918,45.9399299621582,47.830814361572266,18.487457275390625,55.119998931884766,29.36100959777832
2006-03-20,89.68182373046875,35.486934661865234,21.781118392944336,46.012351989746094,47.92378234863281,18.1069278717041,55.16999816894531,28.866823196411133
2006-03-21,89.11796569824219,35.12019348144531,21.341100692749023,45.774539947509766,47.726295471191406,18.17034912109375,54.83000183105469,28.531997680664062
2006-03-22,89.66126251220703,35.44861602783203,21.576509475708008,45.87275314331055,47.78434753417969,18.13863754272461,54.75,28.595569610595703
2006-03-23,89.4755859375,35.02165222167969,21.376291275024414,45.72797393798828,47.662391662597656,18.447818756103516,54.70000076293945,28.671857833862305
2006-03-24,89.5443344116211,35.30082321166992,21.56110382080078,46.064048767089844,47.87151336669922,18.408180236816406,55.709999084472656,28.629484176635742
2006-03-27,89.41368103027344,35.240604400634766,21.693115234375,45.893402099609375,47.76693344116211,18.519168853759766,56.38999938964844,28.298891067504883
2006-03-28,88.8635025024414,34.90122604370117,21.297090530395508,45.464298248291016,47.53463363647461,18.757001876831055,56.060001373291016,28.61252784729004
2006-03-29,89.42054748535156,35.36103439331055,21.704111099243164,45.247100830078125,47.48813247680664,18.883846282958984,57.06999969482422,29.146543502807617
2006-03-30,89.26239013671875,35.787994384765625,21.81412124633789,44.93171310424805,47.34870910644531,19.113750457763672,58.599998474121094,28.726957321166992
2006-03-31,89.28300476074219,35.536190032958984,21.781118392944336,44.91622543334961,47.38357925415039,18.978979110717773,58.099998474121094,28.786293029785156
2006-04-03,89.21424102783203,35.92483901977539,22.397153854370117,44.93074417114258,47.33110427856445,19.066181182861328,58.470001220703125,28.290422439575195
2006-04-04,89.78504180908203,36.20947265625,22.529155731201172,44.8840217590332,47.336997985839844,18.963119506835938,58.33000183105469,28.095455169677734
2006-04-05,90.094482421875,36.32990646362305,22.76016616821289,44.94630813598633,47.447669982910156,19.0820369720459,58.65999984741211,28.248029708862305
2006-04-06,89.99821472167969,36.36275100708008,22.64356803894043,44.60378646850586,47.31368637084961,19.422927856445312,59.279998779296875,28.133594512939453
2006-04-07,89.08355712890625,35.94674301147461,22.298145294189453,44.167781829833984,47.098079681396484,19.335721969604492,58.59000015258789,27.709779739379883
2006-04-10,89.22112274169922,36.01241683959961,22.22114372253418,44.250823974609375,47.15636444091797,19.692472457885742,59.599998474121094,27.447002410888672
2006-04-11,88.46466827392578,35.77157211303711,22.03193473815918,44.406524658203125,47.24376678466797,19.771751403808594,59.0099983215332,27.379192352294922
2006-04-12,88.62971496582031,35.59640884399414,22.159534454345703,44.13661193847656,47.13303756713867,19.73211097717285,59.43000030517578,27.379192352294922
2006-04-13,88.51280212402344,35.689453125,22.26514434814453,43.8251953125,46.88246536254883,19.85895347595215,59.5,27.018936157226562
2006-04-17,88.47838592529297,35.853675842285156,22.529155731201172,43.986141204833984,47.06308364868164,20.0730037689209,61.09000015258789,26.94264030456543
2006-04-18,89.88128662109375,36.58717727661133,23.277196884155273,44.06398391723633,47.214595794677734,20.334617614746094,61.849998474121094,27.599584579467773
2006-04-19,90.05323028564453,36.8389778137207,23.420204162597656,43.79408264160156,47.08063507080078,20.53281021118164,63.75,27.938655853271484
2006-04-20,90.1769790649414,36.67475128173828,23.33659553527832,43.75775146484375,47.03978729248047,20.29498291015625,60.959999084472656,27.968313217163086
2006-04-21,90.19074249267578,36.92107391357422,23.519197463989258,44.01206970214844,47.13882064819336,20.72307777404785,63.20000076293945,27.972551345825195
2006-04-24,90.02568817138672,36.95939254760742,23.21119499206543,44.188568115234375,47.19713592529297,20.310834884643555,61.650001525878906,27.828454971313477
2006-04-25,89.65435791015625,36.937496185302734,22.89217758178711,43.66438674926758,46.89995193481445,20.374256134033203,62.779998779296875,27.616539001464844
2006-04-26,89.67499542236328,37.16740417480469,23.34320640563965,43.591678619384766,46.87664031982422,20.29498291015625,63.650001525878906,27.531770706176758
2006-04-27,90.10821533203125,37.23308563232422,22.97578239440918,43.64878463745117,47.00486373901367,19.97787094116211,62.959999084472656,27.705541610717773
2006-04-28,90.41081237792969,37.23855972290039,23.2001953125,43.679935455322266,47.086421966552734,20.310834884643555,65.08999633789062,27.807252883911133
2006-05-01,89.67499542236328,37.22214126586914,23.19359016418457,43.351688385009766,46.83147430419922,20.53281021118164,65.16000366210938,27.472429275512695
2006-05-02,90.34893798828125,37.791412353515625,23.60280418395996,43.466304779052734,46.90744400024414,20.77064323425293,66.55000305175781,27.192710876464844
2006-05-03,90.01197814941406,37.56699752807617,23.629207611083984,43.37249755859375,46.84315490722656,20.398038864135742,66.45999908447266,27.243562698364258
2006-05-04,90.33515930175781,37.85709762573242,23.860227584838867,43.299522399902344,46.81389236450195,20.152278900146484,67.4800033569336,27.629247665405273
2006-05-05,91.13292694091797,38.43732833862305,24.245243072509766,43.5600700378418,46.92499542236328,20.374256134033203,67.98999786376953,27.985271453857422
2006-05-08,91.02287292480469,38.404483795166016,24.42125701904297,43.58613204956055,46.948402404785156,20.318763732910156,67.55999755859375,28.10816764831543
2006-05-09,91.20164489746094,38.6343879699707,24.44325828552246,43.5600700378418,46.930870056152344,20.63587188720703,69.68000030517578,28.095455169677734
2006-05-10,91.1535415649414,38.51396560668945,24.179244995117188,43.63825225830078,46.95426940917969,21.15117073059082,70.37999725341797,27.993738174438477
2006-05-11,90.05323028564453,38.12533950805664,23.563217163085938,43.42461395263672,46.872413635253906,21.357295989990234,71.02999877929688,27.47667694091797
2006-05-12,88.87727355957031,37.632667541503906,22.94717788696289,43.06507873535156,46.696937561035156,21.285945892333984,71.12000274658203,27.129125595092773
2006-05-15,89.05610656738281,37.309730529785156,22.397153854370117,43.237022399902344,46.79635238647461,20.56451988220215,67.41000366210938,27.502099990844727
2006-05-16,88.92538452148438,37.25497817993164,22.509355545043945,43.5600700378418,46.971824645996094,20.627946853637695,68.61000061035156,27.396127700805664
2006-05-17,87.23367309570312,36.067161560058594,21.73711395263672,43.289119720458984,46.837318420410156,20.59623146057129,68.1500015258789,26.883325576782227
2006-05-18,86.7935562133789,35.95768356323242,21.3190975189209,43.877925872802734,47.170589447021484,20.60416030883789,67.45999908447266,26.675636291503906
2006-05-19,87.40559387207031,36.13832092285156,21.778915405273438,43.9925651550293,47.141422271728516,20.152278900146484,65.58000183105469,26.73920440673828
2006-05-22,86.7385482788086,35.34462356567383,20.753665924072266,44.08636474609375,47.205718994140625,20.310834884643555,65.30000305175781,26.667165756225586
2006-05-23,86.07833862304688,35.355560302734375,20.527053833007812,44.06028366088867,47.18817138671875,20.627946853637695,66.37999725341797,26.374727249145508
2006-05-24,86.76604461669922,35.33366775512695,20.384050369262695,44.081138610839844,47.25835037231445,20.104713439941406,64.05999755859375,26.4171085357666
2006-05-25,87.83885192871094,35.809879302978516,21.250890731811523,43.909175872802734,47.182308197021484,20.453536987304688,64.69999694824219,26.91297721862793
2006-05-26,88.28585815429688,36.10000228881836,21.187088012695312,43.877925872802734,47.2232551574707,20.65172576904297,65.0999984741211,27.235088348388672
2006-05-30,86.71794128417969,35.5526123046875,20.2740421295166,43.85707092285156,47.182308197021484,20.540739059448242,65.11000061035156,27.010459899902344
2006-05-31,87.68755340576172,35.81535720825195,20.615062713623047,43.59654235839844,47.036094665527344,20.231557846069336,64.2300033569336,27.05708122253418
2006-06-01,88.52653503417969,36.045257568359375,21.0374813079834,43.791175842285156,47.11476516723633,19.985795974731445,62.560001373291016,27.552953720092773
2006-06-02,88.71226501464844,36.39558410644531,21.25309181213379,44.35616683959961,47.478675842285156,20.382186889648438,63.5,27.87083625793457
2006-06-05,87.41936492919922,35.607357025146484,20.351045608520508,44.29862976074219,47.38478088378906,20.326688766479492,63.290000915527344,28.00644302368164
2006-06-06,87.20616912841797,35.17491912841797,20.201438903808594,44.507835388183594,47.42587661743164,20.152278900146484,62.54999923706055,27.67163848876953
2006-06-07,86.5528564453125,34.69321823120117,19.75701332092285,44.51829147338867,47.36130905151367,20.01750946044922,62.279998779296875,27.86658477783203
2006-06-08,86.47723388671875,33.92689514160156,19.404996871948242,44.60722732543945,47.42587661743164,19.8034610748291,60.90999984741211,27.807252883911133
2006-06-09,86.20211791992188,33.88856887817383,19.151979446411133,44.84263229370117,47.543243408203125,19.835168838500977,60.45000076293945,27.989517211914062
2006-06-12,85.26689147949219,33.59844207763672,18.439146041870117,44.879268646240234,47.519779205322266,19.597339630126953,60.029998779296875,27.654678344726562
2006-06-13,84.27659606933594,32.547481536865234,18.029926300048828,44.910648345947266,47.58436965942383,19.066181182861328,55.91999816894531,27.370725631713867
2006-06-14,84.92989349365234,33.018226623535156,18.546953201293945,44.46073913574219,47.26738357543945,19.058256149291992,55.619998931884766,27.137617111206055
2006-06-15,86.73165130615234,34.15679168701172,19.62721061706543,44.20442199707031,47.1617546081543,19.264375686645508,57.31999969482422,27.705541610717773
2006-06-16,86.099609375,33.88309860229492,19.51500129699707,44.10499572753906,47.13241958618164,19.304014205932617,57.68000030517578,27.650426864624023
2006-06-19,85.42272186279297,33.7133903503418,18.788965225219727,44.04225158691406,47.079551696777344,18.947263717651367,56.36000061035156,27.459720611572266
2006-06-20,85.7128677368164,33.91593551635742,19.019983291625977,43.96902847290039,47.04429626464844,19.105823516845703,57.29999923706055,27.31561279296875
2006-06-21,86.34831237792969,34.35385513305664,19.636011123657227,43.979496002197266,47.038509368896484,19.383291244506836,58.33000183105469,27.633487701416016
2006-06-22,85.96842193603516,34.1732063293457,19.283985137939453,43.728355407714844,46.88583755493164,19.375364303588867,57.72999954223633,27.438526153564453
2006-06-23,85.95459747314453,34.07468032836914,19.250986099243164,43.63947296142578,46.84480285644531,19.335721969604492,57.9900016784668,27.230859756469727
2006-06-26,86.33452606201172,34.34290313720703,19.250986099243164,43.555747985839844,46.815452575683594,19.549772262573242,58.279998779296875,27.521272659301758
2006-06-27,85.58848571777344,33.707942962646484,18.88797378540039,43.770233154296875,46.938697814941406,19.621126174926758,57.68000030517578,27.49129295349121
2006-06-28,86.16873931884766,34.09109878540039,19.47979736328125,43.54005432128906,46.78606414794922,19.54184341430664,57.540000915527344,27.57267189025879
2006-06-29,87.90936279296875,35.35009002685547,20.63706398010254,43.68654251098633,46.97979736328125,19.969942092895508,59.52000045776367,28.185205459594727
2006-06-30,87.91627502441406,35.7934684753418,20.6590633392334,44.110252380371094,47.144134521484375,20.057147979736328,61.22999954223633,28.399385452270508
2006-07-03,88.27545928955078,35.979583740234375,21.116683959960938,44.06669998168945,47.121742248535156,20.58830451965332,62.18000030517578,28.926250457763672
2006-07-05,87.77119445800781,35.29536056518555,20.46105194091797,43.714813232421875,46.95085144042969,20.429752349853516,62.5,28.879121780395508
2006-07-06,88.02677154541016,35.667572021484375,20.879074096679688,43.982669830322266,47.098175048828125,20.56451988220215,63.02000045776367,28.947668075561523
2006-07-07,87.45348358154297,35.50335693359375,20.483057022094727,44.26625442504883,47.24546432495117,20.41389274597168,62.630001068115234,28.827733993530273
2006-07-10,87.61924743652344,35.79893112182617,20.648054122924805,44.30825424194336,47.280853271484375,20.27120018005371,62.02000045776367,29.054750442504883
2006-07-11,88.00608825683594,35.8974609375,20.74706268310547,44.45003890991211,47.33388900756836,20.715150833129883,63.810001373291016,29.101871490478516
2006-07-12,87.06665802001953,35.22418975830078,20.285043716430664,44.460594177246094,47.375099182128906,20.9212703704834,64.91999816894531,29.17896842956543
2006-07-13,85.65071105957031,34.60564422607422,19.481998443603516,44.63381576538086,47.4811897277832,20.913341522216797,65.55000305175781,28.78489112854004
2006-07-14,85.31912994384766,34.31005096435547,19.581003189086914,44.660091400146484,47.516517639160156,21.008474349975586,65.8499984741211,28.39082145690918
2006-07-17,85.19482421875,33.82835388183594,19.272994995117188,44.7283935546875,47.47528839111328,20.53281021118164,63.95000076293945,28.39082145690918
2006-07-18,85.62995910644531,33.77362060546875,19.541404724121094,44.344993591308594,47.2926139831543,20.405969619750977,62.900001525878906,28.819156646728516
2006-07-19,86.81802368164062,34.60564422607422,20.74706268310547,44.765140533447266,47.593116760253906,20.477317810058594,64.02999877929688,29.26462745666504
2006-07-20,86.22394561767578,34.41953659057617,20.150833129882812,44.89643859863281,47.69331359863281,20.263267517089844,62.540000915527344,29.024761199951172
2006-07-21,85.61614990234375,34.41953659057617,19.75921630859375,44.81240463256836,47.663841247558594,20.207775115966797,61.709999084472656,28.54930305480957
2006-07-24,87.17716979980469,35.04355239868164,20.648054122924805,44.78614807128906,47.663841247558594,20.29498291015625,61.13999938964844,29.020477294921875
2006-07-25,87.48802185058594,35.032596588134766,20.703060150146484,44.65486145019531,47.6166877746582,20.12057113647461,61.54999923706055,29.1704044342041
2006-07-26,87.6054458618164,35.278934478759766,20.615062713623047,44.81766891479492,47.73456954956055,19.985795974731445,62.0,29.273208618164062
2006-07-27,87.52256774902344,35.49787521362305,20.89887237548828,44.74942398071289,47.72862243652344,20.374256134033203,62.900001525878906,29.17896842956543
2006-07-28,88.39978790283203,36.20947265625,21.347700119018555,45.00669860839844,47.85829162597656,20.302907943725586,63.11000061035156,29.603038787841797
2006-07-31,88.31002044677734,36.083580017089844,21.143085479736328,45.06450653076172,47.934898376464844,20.501102447509766,63.15999984741211,29.50450897216797
2006-08-01,87.87481689453125,35.831787109375,20.80207061767578,45.060272216796875,47.94612503051758,20.59623146057129,64.31999969482422,29.350309371948242
2006-08-02,88.46883392333984,36.22590637207031,21.077083587646484,45.229007720947266,47.987552642822266,20.87370491027832,64.75,29.29462432861328
2006-08-03,88.70368957519531,36.165687561035156,21.055082321166992,45.23954772949219,47.9993782043457,20.675508499145508,64.12000274658203,29.57304573059082
2006-08-04,88.55172729492188,36.19305419921875,21.09908103942871,45.513736724853516,48.23598861694336,20.65172576904297,64.27999877929688,30.039947509765625
2006-08-07,88.34453582763672,35.968624114990234,20.967073440551758,45.54008483886719,48.17087936401367,20.976760864257812,64.5,29.7443904876709
2006-08-08,88.00608825683594,35.84272766113281,20.967073440551758,45.43988800048828,48.176849365234375,20.683441162109375,63.970001220703125,29.30318832397461
2006-08-09,87.70906829833984,36.01790237426758,21.046279907226562,45.292240142822266,48.153160095214844,20.715150833129883,64.62999725341797,29.123289108276367
2006-08-10,87.97843933105469,36.10000228881836,21.261884689331055,45.22372055053711,48.16498565673828,20.445608139038086,63.25,29.14470863342285
2006-08-11,87.72978210449219,35.787994384765625,21.00448226928711,45.02861022949219,48.01121520996094,20.247417449951172,62.709999084472656,28.96480369567871
2006-08-14,87.79885864257812,35.908424377441406,21.088085174560547,44.949527740478516,47.92836380004883,20.057147979736328,62.25,29.24322509765625
2006-08-15,88.84878540039062,36.68571853637695,21.6051082611084,45.329193115234375,48.15909957885742,20.08885955810547,62.0099983215332,29.577329635620117
2006-08-16,89.58782958984375,37.01960754394531,21.816320419311523,45.63500213623047,48.36023712158203,19.87480926513672,62.4900016784668,29.633012771606445
2006-08-17,89.81576538085938,36.88277053833008,21.847118377685547,45.61917495727539,48.34838104248047,19.565628051757812,61.029998779296875,29.590192794799805
2006-08-18,90.27167510986328,37.03602600097656,21.64031219482422,45.75098419189453,48.478492736816406,19.66868782043457,61.040000915527344,29.722970962524414
2006-08-21,89.88484191894531,36.92107391357422,21.52811050415039,45.914459228515625,48.537681579589844,19.827245712280273,62.439998626708984,29.89430809020996
2006-08-22,89.87792205810547,36.817081451416016,21.52150535583496,45.930240631103516,48.55542755126953,19.795534133911133,62.04999923706055,30.10419273376465
2006-08-23,89.62928009033203,36.68571853637695,21.132083892822266,45.951351165771484,48.50812911987305,19.58941078186035,61.83000183105469,29.872882843017578
2006-08-24,89.55329895019531,36.58169174194336,21.074880599975586,46.035709381103516,48.55542755126953,19.87480926513672,61.75,29.988544464111328
2006-08-25,89.66382598876953,36.5543327331543,21.13428497314453,46.10426712036133,48.620506286621094,19.866884231567383,61.77000045776367,29.967140197753906
2006-08-28,90.09207916259766,36.707603454589844,21.374099731445312,46.14643096923828,48.61458969116211,19.557701110839844,61.0,30.32265853881836
2006-08-29,90.1957015991211,37.00318908691406,21.446699142456055,46.209720611572266,48.65602111816406,19.525989532470703,60.939998626708984,30.326936721801758
2006-08-30,90.25096893310547,37.00318908691406,21.539106369018555,46.33095932006836,48.71516799926758,19.819316864013672,61.41999816894531,30.506851196289062
2006-08-31,90.23715209960938,37.00318908691406,21.47750473022461,46.441680908203125,48.78022766113281,19.819316864013672,62.290000915527344,30.532546997070312
2006-09-01,90.77592468261719,37.27686309814453,21.717315673828125,46.45755386352539,48.852664947509766,19.779678344726562,62.13999938964844,30.356918334960938
2006-09-05,90.9485855102539,37.47392272949219,21.83611488342285,46.16643524169922,48.692378997802734,19.747962951660156,63.36000061035156,30.66533088684082
2006-09-06,90.14730834960938,36.84444808959961,21.209089279174805,46.10289001464844,48.65668869018555,19.64490509033203,62.86000061035156,30.519685745239258
2006-09-07,89.7328872680664,36.401058197021484,20.967073440551758,46.19288635253906,48.692378997802734,19.581485748291016,61.25,30.271257400512695
2006-09-08,89.98844909667969,36.41199493408203,21.138683319091797,46.22997283935547,48.73984146118164,19.422927856445312,60.63999938964844,30.558242797851562
2006-09-11,90.07823944091797,36.19305419921875,20.68326759338379,46.187591552734375,48.65077590942383,18.971050262451172,58.5,30.65677833557129
2006-09-12,90.96241760253906,36.609066009521484,21.0374813079834,46.42051315307617,48.787322998046875,18.669797897338867,58.31999969482422,31.050846099853516
2006-09-13,91.32847595214844,36.537906646728516,21.35209083557129,46.441688537597656,48.83484649658203,18.622230529785156,58.619998931884766,31.22647476196289
2006-09-14,91.33536529541016,36.58717727661133,21.176084518432617,46.3358268737793,48.73984146118164,18.511240005493164,57.189998626708984,31.059412002563477
2006-09-15,91.54975891113281,36.51054382324219,21.301496505737305,46.298797607421875,48.71015930175781,18.455747604370117,57.400001525878906,31.307851791381836
2006-09-18,91.67463684082031,36.66379928588867,21.541303634643555,46.22465515136719,48.63889694213867,18.67772102355957,58.22999954223633,31.085113525390625
2006-09-19,91.44568634033203,36.32442855834961,21.209089279174805,46.74348068237305,48.92992401123047,18.400251388549805,56.91999816894531,31.31641960144043
2006-09-20,91.93135833740234,36.68021774291992,21.64471435546875,46.8122673034668,48.941734313964844,18.28926658630371,57.2599983215332,31.247896194458008
2006-09-21,91.48733520507812,36.7678108215332,21.116683959960938,47.241085052490234,49.2921257019043,18.60637092590332,57.95000076293945,30.900922775268555
2006-09-22,91.20983123779297,36.58717727661133,20.848268508911133,47.473995208740234,49.4405517578125,18.3923282623291,58.5,30.98231315612793
2006-09-25,91.91051483154297,36.74044418334961,21.09027671813965,47.807464599609375,49.60681915283203,18.431964874267578,58.5,31.029022216796875
2006-09-26,92.67366027832031,36.82801818847656,21.338897705078125,47.6063232421875,49.482139587402344,18.511240005493164,58.7400016784668,30.955507278442383
2006-09-27,92.78467559814453,37.063392639160156,21.290494918823242,47.468685150146484,49.47024917602539,18.788711547851562,59.810001373291016,31.227916717529297
2006-09-28,92.74996948242188,37.16740417480469,21.46210289001465,47.38924026489258,49.42271041870117,18.9393367767334,59.790000915527344,31.16306495666504
2006-09-29,92.67366027832031,37.085296630859375,21.290494918823242,47.331024169921875,49.36927032470703,18.986902236938477,59.470001220703125,31.132797241210938
2006-10-02,92.32677459716797,37.189292907714844,21.255292892456055,47.460716247558594,49.45633316040039,18.780784606933594,59.150001525878906,31.072250366210938
2006-10-03,92.5210189819336,37.22214126586914,20.967073440551758,47.39698028564453,49.45035934448242,18.471601486206055,57.11000061035156,31.37493896484375
2006-10-04,93.60330963134766,37.57794189453125,21.52811050415039,47.7424201965332,49.67686462402344,18.60637092590332,56.369998931884766,31.73814582824707
2006-10-05,93.78372955322266,37.62173080444336,21.81412124633789,47.40755844116211,49.50401306152344,18.709436416625977,56.91999816894531,31.9456844329834
2006-10-06,93.665771484375,37.28782653808594,21.759119033813477,46.91332244873047,49.235816955566406,18.780784606933594,56.9900016784668,31.74678611755371
2006-10-09,93.72126770019531,37.3151969909668,21.67771339416504,47.040828704833984,49.29540252685547,19.304014205932617,57.20000076293945,31.928396224975586
2006-10-10,93.84615325927734,37.35899353027344,21.873525619506836,46.66883087158203,48.99734115600586,18.788711547851562,57.0,31.932720184326172
2006-10-11,93.73513793945312,37.33161163330078,21.756921768188477,46.530635833740234,48.937721252441406,18.53502082824707,56.880001068115234,31.81163787841797
2006-10-12,94.54688262939453,37.731201171875,22.287147521972656,46.557228088378906,48.967559814453125,18.74114227294922,57.4900016784668,32.10136795043945
2006-10-13,94.78970336914062,37.796897888183594,22.419151306152344,46.32337951660156,48.884071350097656,19.145458221435547,58.56999969482422,32.468902587890625
2006-10-16,94.93535614013672,37.93921661376953,22.48075294494629,46.530635833740234,48.967559814453125,19.311941146850586,59.16999816894531,32.5380859375
2006-10-17,94.63705444335938,37.70383834838867,22.185941696166992,46.56786346435547,49.02117156982422,19.327795028686523,58.650001525878906,32.42998504638672
2006-10-18,94.76193237304688,37.796897888183594,22.403745651245117,46.66354751586914,49.00926971435547,19.01861572265625,58.59000015258789,32.59429931640625
2006-10-19,94.91455078125,38.0815315246582,22.502756118774414,46.578487396240234,48.967559814453125,19.335721969604492,59.40999984741211,32.51647186279297
2006-10-20,94.93535614013672,38.20196533203125,22.397153854370117,46.530635833740234,48.955604553222656,19.066181182861328,58.779998779296875,32.473228454589844
2006-10-23,95.37244415283203,38.23480224609375,22.37734603881836,46.34464645385742,48.81848907470703,19.105823516845703,57.7599983215332,32.667789459228516
2006-10-24,95.6568832397461,38.24028015136719,22.504955291748047,46.34464645385742,48.884071350097656,19.24059295654297,58.16999816894531,32.499183654785156
2006-10-25,95.98294067382812,38.50849151611328,22.766773223876953,46.71129608154297,49.06292724609375,19.581485748291016,58.7599983215332,32.66348648071289
2006-10-26,96.28126525878906,38.804080963134766,22.821775436401367,47.0142936706543,49.22983169555664,19.446714401245117,59.290000915527344,32.98776626586914
2006-10-27,95.67766571044922,38.53586959838867,22.441146850585938,47.23219299316406,49.39072799682617,19.502206802368164,59.400001525878906,32.76725387573242
2006-10-30,95.60832977294922,38.45375442504883,22.364145278930664,47.36505126953125,49.41460037231445,19.296091079711914,59.900001525878906,32.95318603515625
2006-10-31,95.59445190429688,38.47564697265625,22.79316520690918,47.731788635253906,49.63515090942383,19.177167892456055,60.2400016784668,33.0094108581543
2006-11-01,94.94921875,38.40996551513672,22.56435775756836,47.99590301513672,49.80744934082031,19.422927856445312,61.36000061035156,32.75428771972656
2006-11-02,94.89373016357422,38.55228042602539,22.6347599029541,47.79847717285156,49.66984558105469,19.280231475830078,61.91999816894531,32.13162612915039
2006-11-03,94.72721099853516,38.404483795166016,22.705169677734375,47.232933044433594,49.29295349121094,19.518062591552734,62.29999923706055,31.777053833007812
2006-11-06,95.79564666748047,38.9737663269043,23.24419593811035,47.37164306640625,49.34077072143555,19.85895347595215,61.88999938964844,32.071083068847656
2006-11-07,96.163330078125,39.01755905151367,23.14519500732422,47.59038162231445,49.508270263671875,19.811386108398438,62.040000915527344,31.720844268798828
2006-11-08,96.37144470214844,39.02851104736328,23.204593658447266,47.7610969543457,49.61600875854492,19.787601470947266,61.11000061035156,31.828962326049805
2006-11-09,95.86500549316406,38.831451416015625,23.283803939819336,47.73442459106445,49.61000442504883,20.049222946166992,62.95000076293945,31.876514434814453
2006-11-10,95.90662384033203,38.98471450805664,23.316804885864258,47.942508697509766,49.71773147583008,19.629051208496094,62.4900016784668,32.0062370300293
2006-11-13,96.14254760742188,38.73839569091797,23.3960018157959,47.93184280395508,49.69379425048828,19.486352920532227,62.189998626708984,32.08407211303711
2006-11-14,96.86400604248047,39.16534423828125,23.761215209960938,48.118621826171875,49.79545974731445,19.54184341430664,61.630001068115234,32.49052047729492
2006-11-15,97.14155578613281,39.1544075012207,23.80523109436035,47.93718719482422,49.657859802246094,19.692472457885742,61.84000015258789,32.52944564819336
2006-11-16,97.39130401611328,39.072296142578125,23.565418243408203,47.71843719482422,49.5322151184082,19.200952529907227,61.310001373291016,32.74995422363281
2006-11-17,97.41905212402344,38.95735168457031,23.53901481628418,47.99056625366211,49.711727142333984,19.438785552978516,61.779998779296875,32.62456512451172
2006-11-20,97.47452545166016,38.661773681640625,23.44660758972168,48.06521224975586,49.741600036621094,19.3674373626709,61.77000045776367,33.75313949584961
2006-11-21,97.57169342041016,38.85334777832031,23.82061767578125,48.18259048461914,49.81342697143555,19.549772262573242,62.27000045776367,34.29796600341797
2006-11-22,97.76591491699219,39.23105239868164,23.98784065246582,48.26265335083008,49.89118957519531,19.621126174926758,62.5,34.44929504394531
2006-11-24,97.3705062866211,39.02302932739258,23.98343276977539,48.34800338745117,49.94504165649414,19.890666961669922,63.5,34.5963134765625
2006-11-27,96.03153228759766,38.700077056884766,23.530210494995117,48.52408981323242,49.99290084838867,19.94615936279297,63.70000076293945,33.662322998046875
2006-11-28,96.44776153564453,39.04493713378906,23.666614532470703,48.62541580200195,50.0826301574707,20.00165367126465,63.56999969482422,33.75313949584961
2006-11-29,97.45378112792969,39.48830795288086,24.0494327545166,48.5134162902832,50.022865295410156,20.255340576171875,63.15999984741211,34.22876739501953
2006-11-30,97.49541473388672,39.65800094604492,24.157243728637695,48.83351516723633,50.28607940673828,20.437679290771484,64.38999938964844,34.587650299072266
2006-12-01,97.28031158447266,39.608734130859375,24.05823516845703,48.95777893066406,50.40258026123047,20.429752349853516,64.12000274658203,34.52280044555664
2006-12-04,98.02259063720703,39.86600875854492,24.559858322143555,49.04348373413086,50.396568298339844,20.334617614746094,64.12000274658203,34.9249267578125
2006-12-05,98.44583129882812,40.090431213378906,24.988882064819336,48.81315994262695,50.330528259277344,20.398038864135742,63.810001373291016,34.6568489074707
2006-12-06,98.3625717163086,40.002864837646484,24.817272186279297,48.71678161621094,50.25244903564453,20.128496170043945,62.689998626708984,34.46227264404297
2006-12-07,97.93241119384766,40.13969802856445,24.729267120361328,48.679264068603516,50.23447036743164,20.057147979736328,62.72999954223633,34.250389099121094
2006-12-08,98.11283874511719,40.041168212890625,24.619258880615234,48.32579803466797,50.00627899169922,19.898590087890625,62.04999923706055,34.36280822753906
2006-12-11,98.39728546142578,40.20538330078125,24.630268096923828,48.53471374511719,50.16240310668945,19.9303035736084,62.56999969482422,34.44063949584961
2006-12-12,98.32096862792969,40.369606018066406,24.3332576751709,48.636444091796875,50.25244903564453,19.898590087890625,62.52000045776367,34.284976959228516
2006-12-13,98.42500305175781,40.522865295410156,24.465255737304688,48.202640533447266,49.99424743652344,19.906522750854492,62.47999954223633,34.10767364501953
2006-12-14,99.29224395751953,40.687076568603516,24.88327980041504,48.02596664428711,49.91617202758789,20.136425018310547,62.119998931884766,34.1336555480957
2006-12-15,99.30126953125,40.522865295410156,24.993289947509766,48.052703857421875,49.92823791503906,20.231557846069336,61.0,33.8785285949707
2006-12-18,99.0291976928711,40.4626579284668,24.819473266601562,48.06880569458008,49.952186584472656,19.874195098876953,61.040000915527344,33.666664123535156
2006-12-19,99.21754455566406,40.64329147338867,24.66326904296875,48.004512786865234,49.94020462036133,20.109729766845703,61.79999923706055,33.38127899169922
2006-12-20,99.1617660522461,40.572139739990234,24.936172485351562,47.999176025390625,49.92823791503906,20.15033721923828,61.619998931884766,33.731510162353516
2006-12-21,98.79902648925781,40.55144500732422,24.891544342041016,48.24014663696289,50.10836410522461,19.94729232788086,61.380001068115234,33.454776763916016
2006-12-22,98.19206237792969,40.45643997192383,24.980802536010742,47.870609283447266,49.8801383972168,20.101608276367188,61.650001525878906,33.1611328125
2006-12-26,98.77111053466797,40.439659118652344,25.212867736816406,48.01524353027344,49.91617202758789,19.792980194091797,61.97999954223633,33.39921569824219
2006-12-27,99.41989135742188,40.94272232055664,25.57212257385254,47.66218566894531,49.783119201660156,19.736125946044922,62.220001220703125,33.699039459228516
2006-12-28,99.21062469482422,40.97066116333008,25.523038864135742,47.55474090576172,49.66872024536133,19.88231658935547,62.900001525878906,33.79164123535156
2006-12-29,98.79902648925781,40.92595291137695,25.476179122924805,47.5171012878418,49.64458465576172,19.963537216186523,63.209999084472656,33.950355529785156
2007-01-03,98.62458801269531,41.08803176879883,25.6926212310791,47.855648040771484,49.78916549682617,19.330028533935547,62.279998779296875,34.00326919555664
2007-01-04,98.8338851928711,40.97066116333008,25.337831497192383,48.145816802978516,49.96979904174805,18.82647705078125,61.650001525878906,34.04735565185547
2007-01-05,98.04557037353516,40.35580825805664,24.597002029418945,47.93623352050781,49.807220458984375,18.761503219604492,60.16999816894531,33.41685485839844
2007-01-08,98.49901580810547,40.411712646484375,24.77550506591797,48.02219009399414,49.843353271484375,18.858963012695312,60.47999954223633,33.46535110473633
2007-01-09,98.41529083251953,40.450836181640625,24.222122192382812,48.02219009399414,49.83124923706055,18.69652557373047,60.849998474121094,33.88864517211914
2007-01-10,98.74317932128906,40.1434211730957,24.16632652282715,47.807254791259766,49.74698257446289,18.42038345336914,60.59000015258789,34.32514190673828
2007-01-11,99.17575073242188,40.400535583496094,24.47203826904297,47.52787399291992,49.614532470703125,18.396018981933594,60.630001068115234,34.77046203613281
2007-01-12,99.92919158935547,40.85886764526367,24.969635009765625,47.30753707885742,49.51215744018555,18.82647705078125,62.16999816894531,34.880680084228516
2007-01-16,99.73384094238281,40.808570861816406,25.058897018432617,47.409629821777344,49.608482360839844,18.396018981933594,61.970001220703125,35.3745002746582
2007-01-17,99.77568054199219,40.830936431884766,24.95401954650879,47.26456832885742,49.51215744018555,18.558456420898438,62.63999938964844,35.36128616333008
2007-01-18,99.44082641601562,40.691184997558594,24.690715789794922,47.409629821777344,49.578365325927734,18.3635311126709,62.2599983215332,35.31719970703125
2007-01-19,99.63616943359375,41.188663482666016,25.134769439697266,47.28068542480469,49.50006866455078,18.639677047729492,63.0,35.669921875
2007-01-22,99.3292007446289,40.98184585571289,25.105764389038086,47.393516540527344,49.59037780761719,18.655916213989258,62.720001220703125,35.3701057434082
2007-01-23,99.62223815917969,41.345157623291016,25.6769962310791,47.08186721801758,49.445884704589844,19.24881362915039,64.2300033569336,35.53765106201172
2007-01-24,100.42449951171875,41.613441467285156,25.900144577026367,47.07646560668945,49.451908111572266,19.086374282836914,64.33000183105469,36.0006103515625
2007-01-25,99.2454833984375,40.9371223449707,25.10352897644043,46.73794174194336,49.25920867919922,18.91581916809082,64.05999755859375,36.22105026245117
2007-01-26,99.15481567382812,41.015384674072266,25.257490158081055,46.700321197509766,49.25314712524414,19.151351928710938,64.16999816894531,36.340118408203125
2007-01-29,99.09898376464844,41.060081481933594,24.922792434692383,46.598243713378906,49.2170524597168,18.761503219604492,63.77000045776367,36.45917510986328
2007-01-30,99.6152114868164,41.33956527709961,25.30881690979004,46.65199279785156,49.2652587890625,19.281299591064453,64.22000122070312,36.63991928100586
2007-01-31,100.28495788574219,41.496070861816406,25.50518035888672,47.044246673583984,49.445884704589844,19.484344482421875,64.83000183105469,36.93094253540039
2007-02-01,100.88494873046875,41.84261703491211,25.81758689880371,46.98756790161133,49.41022491455078,19.41124725341797,65.22000122070312,37.07645034790039
2007-02-02,101.02445220947266,41.75877380371094,25.739484786987305,47.04695510864258,49.452571868896484,19.663028717041016,64.27999877929688,37.142578125
2007-02-05,101.05239868164062,41.624629974365234,25.764036178588867,47.1116828918457,49.506919860839844,19.59804916381836,64.30999755859375,37.142578125
2007-02-06,101.08026123046875,41.94881820678711,26.01840591430664,47.37067794799805,49.64594268798828,19.500591278076172,64.79000091552734,37.68929672241211
2007-02-07,101.30351257324219,42.066200256347656,25.918001174926758,47.51094436645508,49.75480270385742,19.265058517456055,64.62999725341797,38.478546142578125
2007-02-08,101.17095184326172,41.89849853515625,25.779653549194336,47.548683166503906,49.76688766479492,19.71175765991211,65.5199966430664,38.183135986328125
2007-02-09,100.41751861572266,41.719642639160156,25.471715927124023,47.27897262573242,49.615718841552734,19.83358383178711,66.12000274658203,37.74222183227539
2007-02-12,100.0757064819336,41.557559967041016,25.297657012939453,47.17103576660156,49.54928207397461,19.459980010986328,65.66999816894531,37.058807373046875
2007-02-13,100.91983032226562,42.08854675292969,25.699325561523438,47.06852340698242,49.51296615600586,19.817344665527344,65.83999633789062,37.777496337890625
2007-02-14,101.58256530761719,42.658668518066406,26.252710342407227,47.51634216308594,49.79706573486328,19.549320220947266,66.37000274658203,37.5085334777832
2007-02-15,101.71510314941406,42.7089729309082,26.268342971801758,47.656620025634766,49.87565612792969,19.549320220947266,66.41000366210938,37.78630447387695
2007-02-16,101.6662826538086,42.69221115112305,26.32857322692871,47.823875427246094,49.93010330200195,19.89044189453125,66.36000061035156,37.68929672241211
2007-02-20,101.88250732421875,42.753700256347656,26.397747039794922,47.9317512512207,49.99051284790039,19.6711483001709,65.30999755859375,37.980308532714844
2007-02-21,101.8406753540039,42.53571319580078,26.47585678100586,47.85080337524414,49.98451614379883,20.09348487854004,67.3499984741211,37.856849670410156
2007-02-22,101.76395416259766,42.72575378417969,26.408903121948242,47.59188461303711,49.85757064819336,20.36962890625,67.1500015258789,37.65403747558594
2007-02-23,101.36630249023438,42.85989761352539,26.219240188598633,47.9317512512207,50.05699157714844,20.49958038330078,67.72000122070312,36.99708557128906
2007-02-26,101.275634765625,42.88224411010742,26.208084106445312,48.250083923339844,50.214176177978516,20.556432723999023,68.0999984741211,36.811893463134766
2007-02-27,97.32003021240234,41.15510940551758,24.07707405090332,48.859764099121094,50.63731002807617,20.16658592224121,65.41000366210938,35.669921875
2007-02-28,98.31763458251953,41.445762634277344,24.679567337036133,48.6385612487793,50.461997985839844,20.47521209716797,66.4800033569336,35.934478759765625
2007-03-01,98.02459716796875,41.02096939086914,24.32476043701172,48.60770034790039,50.50752639770508,20.329021453857422,65.81999969482422,35.57291793823242
2007-03-02,96.74097442626953,40.46760940551758,24.099380493164062,48.85136413574219,50.67125701904297,20.142215728759766,63.709999084472656,35.008548736572266
2007-03-05,95.8200912475586,39.62919998168945,23.481287002563477,48.932640075683594,50.70158767700195,19.841711044311523,62.93000030517578,33.64614486694336
2007-03-06,97.45955657958984,40.85886764526367,24.512197494506836,48.786441802978516,50.634864807128906,20.02851104736328,64.1500015258789,34.880680084228516
2007-03-07,97.36186981201172,40.87005615234375,24.36269187927246,48.97594451904297,50.72581481933594,20.304655075073242,64.30000305175781,34.391273498535156
2007-03-08,98.18508911132812,41.35073471069336,24.99195098876953,48.932640075683594,50.71973419189453,20.337141036987305,64.4800033569336,34.942413330078125
2007-03-09,98.2130126953125,41.417808532714844,25.03658676147461,48.41814422607422,50.434757232666016,20.069120407104492,64.25,35.405372619628906
2007-03-12,98.35951232910156,41.68612289428711,25.159311294555664,48.60770034790039,50.574195861816406,19.88231658935547,64.37000274658203,35.58172607421875
2007-03-13,96.44798278808594,40.691184997558594,24.427404403686523,48.900146484375,50.79863357543945,19.728002548217773,63.720001220703125,34.744014739990234
2007-03-14,97.16651153564453,40.70796585083008,24.62823486328125,48.6781005859375,50.731903076171875,19.76861572265625,63.939998626708984,34.911563873291016
2007-03-15,97.29906463623047,40.89241409301758,24.829069137573242,48.672691345214844,50.67729187011719,19.64678192138672,63.97999954223633,35.224609375
2007-03-16,97.02662658691406,40.94272232055664,24.617080688476562,48.661834716796875,50.67125701904297,19.69551658630371,64.62000274658203,34.832191467285156
2007-03-19,98.1963119506836,41.5743293762207,25.15708351135254,48.558937072753906,50.60451889038086,19.792980194091797,64.73999786376953,35.180519104003906
2007-03-20,98.7356185913086,41.926456451416016,25.32221031188965,48.5860481262207,50.67729187011719,19.817344665527344,65.2699966430664,35.32160568237305
2007-03-21,100.36053466796875,42.82077407836914,26.080896377563477,48.60770034790039,50.75012969970703,19.84983253479004,65.81999969482422,35.749298095703125
2007-03-22,100.28352355957031,42.658668518066406,25.969322204589844,48.22315216064453,50.580265045166016,20.17470359802246,65.76000213623047,35.78456115722656
2007-03-23,100.4305191040039,42.75930404663086,26.089811325073242,48.08775329589844,50.50141906738281,20.18282699584961,65.1500015258789,35.80659484863281
2007-03-26,100.29751586914062,42.77604675292969,26.07419204711914,48.14732360839844,50.54389953613281,20.272167205810547,65.83999633789062,35.23320007324219
2007-03-27,100.05937957763672,42.58600616455078,25.95816421508789,48.06608963012695,50.53178405761719,20.329021453857422,65.69999694824219,34.86514663696289
2007-03-28,99.33094024658203,42.21151351928711,25.49402618408203,47.96861267089844,50.52570724487305,20.52394676208496,66.05000305175781,34.634525299072266
2007-03-29,99.43603515625,42.58041763305664,26.000558853149414,47.90361404418945,50.452877044677734,20.921916961669922,65.6500015258789,34.69217300415039
2007-03-30,99.45700073242188,42.64751052856445,25.99610710144043,47.811527252197266,50.392276763916016,20.613285064697266,65.73999786376953,35.18886184692383
2007-04-02,99.5691146850586,42.75930404663086,26.174606323242188,47.89092254638672,50.448238372802734,20.410236358642578,65.8499984741211,35.41058349609375
2007-04-03,100.64070892333984,43.117008209228516,26.603044509887695,47.831092834472656,50.40565490722656,20.329021453857422,65.83000183105469,35.72101593017578
2007-04-04,100.75271606445312,43.29588317871094,26.7703914642334,47.88003921508789,50.48480987548828,20.556432723999023,66.80999755859375,35.54364013671875
2007-04-05,101.02593994140625,43.45238494873047,26.794952392578125,47.70065689086914,50.356998443603516,20.597042083740234,66.86000061035156,35.50816345214844
2007-04-09,101.166015625,43.41883087158203,26.948911666870117,47.38536834716797,50.12559509277344,20.38587188720703,66.52999877929688,35.57468032836914
2007-04-10,101.28509521484375,43.74302291870117,27.07610511779785,47.52669143676758,50.22907638549805,20.670137405395508,67.16000366210938,35.72101593017578
2007-04-11,100.87185668945312,43.5306282043457,26.826189041137695,47.49407958984375,50.168209075927734,20.637651443481445,67.08000183105469,35.18886184692383
2007-04-12,101.32011413574219,43.82127380371094,27.274702072143555,47.50493240356445,50.21693420410156,20.759477615356445,66.98999786376953,34.94940185546875
2007-04-13,101.78233337402344,43.96660232543945,27.40858268737793,47.35818099975586,50.131717681884766,20.873186111450195,67.83999633789062,35.344085693359375
2007-04-16,102.7489013671875,44.430538177490234,27.734384536743164,47.6191291809082,50.18648910522461,20.710750579833984,68.4000015258789,35.38842010498047
2007-04-17,103.02207946777344,44.43611145019531,27.584884643554688,47.88547897338867,50.3995361328125,20.49958038330078,68.0,35.849613189697266
2007-04-18,103.14812469482422,44.419349670410156,27.379581451416016,48.124698638916016,50.5152702331543,20.507701873779297,68.37999725341797,35.62788009643555
2007-04-19,103.12012481689453,44.25167465209961,27.15867042541504,48.043113708496094,50.5091667175293,20.450849533081055,67.52999877929688,35.38842010498047
2007-04-20,104.09371185302734,44.760318756103516,27.48222541809082,47.918121337890625,50.45436477661133,20.73511505126953,68.69999694824219,35.65449523925781
2007-04-23,103.70146179199219,44.32433319091797,27.372886657714844,48.09202575683594,50.557857513427734,20.873186111450195,68.26000213623047,36.053627014160156
2007-04-24,103.74349975585938,44.2963752746582,27.368431091308594,48.27145767211914,50.6552619934082,20.58892059326172,67.7300033569336,35.8097038269043
2007-04-25,104.6960678100586,44.709999084472656,27.707603454589844,48.10292434692383,50.62485885620117,20.995012283325195,67.88999938964844,35.78752517700195
2007-04-26,104.81511688232422,44.503196716308594,27.63396644592285,47.75499725341797,50.478702545166016,20.848819732666016,66.87000274658203,35.8097038269043
2007-04-27,104.73104095458984,44.408164978027344,27.495620727539062,47.74414825439453,50.478702545166016,20.954404830932617,67.55999755859375,35.72101593017578
2007-04-30,103.86250305175781,44.24609375,26.964536666870117,48.2442512512207,50.69790267944336,20.767602920532227,67.08999633789062,35.14451217651367
2007-05-01,104.12873077392578,44.20136260986328,27.07164192199707,48.2791862487793,50.70037078857422,20.808210372924805,66.69000244140625,34.838523864746094
2007-05-02,104.73800659179688,44.53672790527344,27.609416961669922,48.251922607421875,50.63922882080078,20.645771026611328,66.66000366210938,35.11348342895508
2007-05-03,105.3054428100586,44.59821701049805,27.841474533081055,48.14278793334961,50.584251403808594,20.743236541748047,67.48999786376953,35.20661163330078
2007-05-04,105.70464324951172,45.01742935180664,27.832557678222656,48.33921432495117,50.71256637573242,20.702627182006836,68.19000244140625,34.90060806274414
2007-05-07,105.72560119628906,45.084503173828125,28.013307571411133,48.47014236450195,50.75535583496094,20.605165481567383,68.25,34.9981803894043
2007-05-08,105.58552551269531,44.71559143066406,27.649587631225586,48.360992431640625,50.75535583496094,20.47521209716797,67.87999725341797,34.767574310302734
2007-05-09,105.87272644042969,44.9615364074707,28.095870971679688,48.17007827758789,50.59031677246094,20.36962890625,67.44999694824219,35.14451217651367
2007-05-10,104.76607513427734,44.07279968261719,27.40858268737793,48.284629821777344,50.71874237060547,20.288410186767578,66.0,34.6744499206543
2007-05-11,105.66258239746094,44.816192626953125,28.10479164123535,48.11549758911133,50.614803314208984,20.58892059326172,66.44999694824219,35.14451217651367
2007-05-14,105.4314193725586,44.648521423339844,27.82585906982422,47.98999786376953,50.54144287109375,20.515825271606445,66.27999877929688,34.94496536254883
2007-05-15,105.45947265625,44.726776123046875,27.859346389770508,47.97364044189453,50.535343170166016,20.718868255615234,66.54000091552734,34.412803649902344
2007-05-16,106.18089294433594,44.79384231567383,28.26322364807129,47.940914154052734,50.504764556884766,20.515825271606445,65.5999984741211,33.987083435058594
2007-05-17,105.97075653076172,44.564693450927734,28.160572052001953,47.74449920654297,50.3703498840332,20.686382293701172,65.05999755859375,33.39727020263672
2007-05-18,106.89527893066406,44.90563201904297,28.305622100830078,47.42805480957031,50.2236442565918,20.653894424438477,65.5199966430664,33.060237884521484
2007-05-21,106.83927154541016,44.698814392089844,28.35694694519043,47.56986999511719,50.2908935546875,20.8569393157959,65.66999816894531,33.19326400756836
2007-05-22,106.75516510009766,44.737953186035156,28.361408233642578,47.32440948486328,50.15035629272461,20.556432723999023,65.19999694824219,33.68550491333008
2007-05-23,106.76919555664062,44.96711349487305,28.316776275634766,47.188011169433594,50.052513122558594,20.653894424438477,65.54000091552734,33.42831039428711
2007-05-24,105.80262756347656,44.53672790527344,27.636188507080078,47.23165512084961,50.11975860595703,20.540191650390625,64.75,32.86954879760742
2007-05-25,106.24388885498047,44.82179641723633,28.060169219970703,47.12252426147461,50.064762115478516,20.791969299316406,64.94000244140625,33.05579376220703
2007-05-29,106.62916564941406,44.877681732177734,27.964208602905273,47.1170654296875,49.96086120605469,20.337141036987305,65.06999969482422,34.23542785644531
2007-05-30,107.49766540527344,45.067726135253906,28.249841690063477,47.215274810791016,50.00975799560547,20.532066345214844,64.72000122070312,35.15338897705078
2007-05-31,107.38556671142578,45.29129409790039,28.330167770385742,47.12799072265625,49.99142837524414,20.718868255615234,65.54000091552734,35.01148223876953
2007-06-01,107.91788482666016,45.58753204345703,29.03753089904785,46.88040542602539,49.776065826416016,20.873186111450195,66.44000244140625,35.06026077270508
2007-06-04,107.9319076538086,45.710514068603516,28.908111572265625,47.094051361083984,49.8558349609375,21.059988021850586,66.54000091552734,35.202171325683594
2007-06-05,107.50464630126953,45.475772857666016,28.80769157409668,46.798240661621094,49.696327209472656,20.978769302368164,66.37000274658203,34.643409729003906
2007-06-06,106.34901428222656,44.82179641723633,28.08247947692871,46.776329040527344,49.7208251953125,20.970645904541016,66.41000366210938,34.408348083496094
2007-06-07,104.42990112304688,44.05603790283203,27.649587631225586,45.93830490112305,49.223819732666016,21.076231002807617,65.26000213623047,33.326316833496094
2007-06-08,105.78861236572266,44.53672790527344,28.138261795043945,45.89999771118164,49.31583023071289,20.702627182006836,64.22000122070312,33.72544860839844
2007-06-11,105.97075653076172,44.68763732910156,28.379262924194336,45.76851272583008,49.18699264526367,21.100595474243164,64.69999694824219,33.21987533569336
2007-06-12,104.81511688232422,43.89393997192383,27.886112213134766,45.10575485229492,48.83724594116211,21.043745040893555,64.0999984741211,32.64338684082031
2007-06-13,106.38398742675781,44.46406173706055,28.4439754486084,45.64254379272461,48.99675369262695,21.311763763427734,64.52999877929688,33.3662223815918
2007-06-14,107.06340026855469,44.79384231567383,28.890256881713867,45.527503967285156,49.009033203125,21.514812469482422,64.5999984741211,33.00701141357422
2007-06-15,107.6724853515625,45.15715789794922,29.548532485961914,45.839698791503906,49.223819732666016,21.64476203918457,64.8499984741211,33.37065887451172
2007-06-18,107.54593658447266,45.408687591552734,29.57530975341797,45.74658203125,49.19925308227539,21.64476203918457,64.94999694824219,32.85624313354492
2007-06-19,107.81329345703125,45.453399658203125,29.60877227783203,46.173824310302734,49.438560485839844,21.433591842651367,65.4800033569336,32.918331146240234
2007-06-20,106.31497955322266,44.91680908203125,29.356616973876953,45.80138397216797,49.27900314331055,21.457962036132812,64.70999908447266,31.92941665649414
2007-06-21,106.90579223632812,45.324832916259766,29.72258949279785,45.582279205322266,49.217655181884766,21.360496520996094,64.55999755859375,32.106788635253906
2007-06-22,105.89994812011719,44.698814392089844,29.329843521118164,45.8780403137207,49.36491012573242,21.311763763427734,64.77999877929688,31.9870548248291
2007-06-25,105.39348602294922,44.68763732910156,29.10670280456543,46.13002014160156,49.524444580078125,21.230545043945312,64.43000030517578,31.46259880065918
2007-06-26,104.31016540527344,44.46406173706055,28.852323532104492,46.14099884033203,49.5367546081543,20.98689079284668,63.619998931884766,31.341373443603516
2007-06-27,105.79434967041016,44.78265380859375,29.262901306152344,46.18477249145508,49.53059387207031,20.954404830932617,63.66999816894531,32.14510726928711
2007-06-28,105.78034210205078,44.816192626953125,29.26959800720215,46.173824310302734,49.49991989135742,20.889429092407227,64.26000213623047,31.978967666625977
2007-06-29,105.81549835205078,45.14597702026367,29.37224769592285,46.650360107421875,49.757633209228516,20.873186111450195,64.2699966430664,31.857725143432617
2007-07-02,106.77214050292969,45.799957275390625,29.96802520751953,46.89559555053711,49.833404541015625,21.003137588500977,65.0199966430664,32.594120025634766
2007-07-03,107.1590347290039,46.01791763305664,30.20679473876953,46.609703063964844,49.68561553955078,21.027503967285156,64.73999786376953,32.50432205200195
2007-07-05,107.04649353027344,45.78877258300781,30.340669631958008,46.08732604980469,49.40837097167969,21.222427368164062,64.41999816894531,32.993751525878906
2007-07-06,107.60920715332031,46.11855697631836,30.8606014251709,45.9003791809082,49.29133987426758,21.401105880737305,64.95999908447266,32.953346252441406
2007-07-09,107.69364166259766,46.2303352355957,31.15962028503418,46.0653190612793,49.46994400024414,21.352375030517578,65.37999725341797,32.93088150024414
2007-07-10,106.16023254394531,45.665809631347656,30.545969009399414,46.846065521240234,49.80875015258789,21.506689071655273,65.61000061035156,32.09572219848633
2007-07-11,106.91285705566406,46.09619140625,30.798133850097656,46.36225128173828,49.63630676269531,21.555423736572266,65.44000244140625,32.0328483581543
2007-07-12,108.6010971069336,46.73897933959961,31.4742431640625,46.20277786254883,49.49462127685547,21.612276077270508,66.0199966430664,32.44594955444336
2007-07-13,108.92465209960938,46.705440521240234,31.86474609375,46.32926559448242,49.605472564697266,21.64476203918457,66.02999877929688,32.755767822265625
2007-07-16,108.91059112548828,46.599239349365234,31.552349090576172,46.774600982666016,49.80260467529297,21.263036727905273,65.81999969482422,32.48185729980469
2007-07-17,108.85431671142578,46.44272232055664,31.527812957763672,46.675636291503906,49.69791793823242,21.133087158203125,65.75,32.3651123046875
2007-07-18,108.65731811523438,46.2806510925293,31.141761779785156,46.851627349853516,49.87653732299805,21.37674331665039,66.62000274658203,32.29328155517578
2007-07-19,109.07937622070312,46.543331146240234,31.451934814453125,46.84056854248047,49.87042236328125,21.44983673095703,67.01000213623047,32.41452407836914
2007-07-20,107.97504425048828,46.06265640258789,31.235483169555664,47.26395034790039,50.116737365722656,21.441715240478516,67.58000183105469,31.8487606048584
2007-07-23,108.30563354492188,46.342124938964844,32.13921356201172,47.18701171875,50.098289489746094,21.344253540039062,67.47000122070312,31.296472549438477
2007-07-24,106.427490234375,45.643436431884766,31.039112091064453,47.36293411254883,50.233795166015625,21.181814193725586,67.47000122070312,30.663358688354492
2007-07-25,106.64558410644531,45.52048873901367,31.217636108398438,47.45640563964844,50.30158233642578,21.36861801147461,66.9000015258789,30.331085205078125
2007-07-26,104.1202621459961,44.005733489990234,29.626630783081055,47.85230255126953,50.701934814453125,21.14120864868164,65.6500015258789,29.77430534362793
2007-07-27,102.07331848144531,43.3964729309082,29.242830276489258,47.98976516723633,50.80051803588867,21.344253540039062,65.41000366210938,28.78645896911621
2007-07-30,103.67009735107422,44.167823791503906,30.20009422302246,47.85230255126953,50.671165466308594,21.100595474243164,65.7699966430664,29.34324836730957
2007-07-31,102.5024185180664,44.1119384765625,29.581995010375977,48.19869613647461,50.88062286376953,21.27115821838379,65.79000091552734,29.226486206054688
2007-08-01,103.00186157226562,44.184608459472656,29.465957641601562,48.09440231323242,50.73958206176758,21.238670349121094,65.93000030517578,29.612661361694336
2007-08-02,103.82483673095703,44.31874084472656,29.791751861572266,48.21580505371094,50.77667999267578,21.27115821838379,65.88999938964844,30.102079391479492
2007-08-03,101.15184783935547,43.51945877075195,28.506454467773438,48.53594970703125,51.10444259643555,21.035621643066406,66.69000244140625,28.93912124633789
2007-08-06,102.84709167480469,43.99454879760742,29.01521110534668,48.18269348144531,50.90043640136719,20.743236541748047,66.5199966430664,29.949424743652344
2007-08-07,103.94440460205078,44.145477294921875,29.23167610168457,48.14403533935547,50.89419174194336,20.8569393157959,66.4800033569336,30.11556053161621
2007-08-08,105.39348602294922,44.860931396484375,30.21348762512207,47.55894470214844,50.54169845581055,20.824451446533203,66.7699966430664,31.305450439453125
2007-08-09,102.27030944824219,43.580936431884766,28.96388816833496,47.62517166137695,50.82619857788086,20.662019729614258,65.45999908447266,30.959714889526367
2007-08-10,101.79196166992188,42.83195495605469,28.461820602416992,47.51478958129883,50.7519645690918,20.73511505126953,66.56999969482422,30.025739669799805
2007-08-13,102.1577377319336,42.91579818725586,28.742979049682617,47.65278625488281,50.83234786987305,20.58892059326172,66.26000213623047,29.88206672668457
2007-08-14,100.59612274169922,42.502159118652344,27.99991798400879,47.77973556518555,51.01784133911133,20.653894424438477,66.29000091552734,29.024425506591797
2007-08-15,99.21038818359375,41.50723648071289,26.89982795715332,47.608577728271484,51.11064147949219,20.808210372924805,66.12999725341797,28.53500747680664
2007-08-16,99.95604705810547,41.32838439941406,26.4423828125,48.09990310668945,51.30854797363281,20.450849533081055,64.68000030517578,29.680009841918945
2007-08-17,101.79196166992188,41.70846939086914,27.279163360595703,47.906715393066406,51.34564971923828,20.434606552124023,65.01000213623047,30.353538513183594
2007-08-20,101.74273681640625,41.84261703491211,27.33494758605957,47.93429183959961,51.456905364990234,20.491456985473633,65.12000274658203,30.910303115844727
2007-08-21,101.94670867919922,41.81466293334961,27.234546661376953,48.1661376953125,51.67958068847656,20.458969116210938,65.06999969482422,31.05401039123535
2007-08-22,103.15658569335938,42.80400085449219,28.406036376953125,48.088897705078125,51.51259994506836,20.507701873779297,65.4000015258789,31.431175231933594
2007-08-23,103.0651626586914,42.99403762817383,28.55108642578125,48.25442123413086,51.53114700317383,20.572675704956055,65.30999755859375,30.89236831665039
2007-08-24,104.33833312988281,43.74302291870117,29.23167610168457,48.49177932739258,51.5496940612793,20.816333770751953,66.11000061035156,31.058490753173828
2007-08-27,103.36761474609375,43.27910232543945,29.365554809570312,48.74570083618164,51.69195556640625,20.8406982421875,65.9800033569336,30.384958267211914
2007-08-28,101.09555053710938,42.407142639160156,28.171737670898438,48.82849884033203,51.95780563354492,20.621408462524414,65.58999633789062,29.45549964904785
2007-08-29,103.0792007446289,43.37971115112305,29.287452697753906,48.696048736572266,51.759952545166016,20.816333770751953,66.06999969482422,30.53313636779785
2007-08-30,102.80491638183594,43.077884674072266,29.1379451751709,49.02167892456055,52.019683837890625,20.8569393157959,65.80000305175781,30.690296173095703
2007-08-31,103.8178482055664,43.83245849609375,29.889930725097656,49.060367584228516,52.03205108642578,20.86506462097168,66.5199966430664,31.197690963745117
2007-09-04,104.86590576171875,44.234901428222656,30.394237518310547,49.08363723754883,51.93520736694336,21.100595474243164,67.44000244140625,31.610788345336914
2007-09-05,103.95849609375,43.59211349487305,29.9345645904541,49.47714614868164,52.25803756713867,21.14120864868164,67.55999755859375,30.851940155029297
2007-09-06,104.19766998291016,43.75419616699219,30.16886329650879,49.34962844848633,52.14625930786133,21.059988021850586,68.86000061035156,31.125829696655273
2007-09-07,102.74861145019531,43.22320556640625,29.488269805908203,50.04799270629883,52.70505905151367,21.198060989379883,69.38999938964844,30.375978469848633
2007-09-10,102.55164337158203,43.04433822631836,29.51059341430664,50.435943603515625,52.82301330566406,21.344253540039062,69.62000274658203,30.061687469482422
2007-09-11,103.74744415283203,43.78773498535156,30.10637855529785,50.397159576416016,52.71126937866211,21.392982482910156,70.5199966430664,30.68580436706543
2007-09-12,104.01475524902344,43.83245849609375,30.21348762512207,50.20867919921875,52.58090591430664,21.62039566040039,70.45999908447266,30.506202697753906
2007-09-13,104.74633026123047,44.01690673828125,30.548208236694336,49.75979232788086,52.27043533325195,21.457962036132812,70.08000183105469,31.19319725036621
2007-09-14,104.73934173583984,43.759788513183594,30.608448028564453,49.831905364990234,52.3387451171875,21.47420310974121,69.98999786376953,31.395254135131836
2007-09-17,104.1765365600586,43.144954681396484,30.414325714111328,50.070159912109375,52.36978530883789,21.725984573364258,70.97000122070312,31.166257858276367
2007-09-18,107.2435073852539,44.54791259765625,31.887062072753906,49.693302154541016,52.31391143798828,21.807201385498047,71.69999694824219,32.27532958984375
2007-09-19,107.8765640258789,44.95033645629883,32.032100677490234,49.23326110839844,52.127662658691406,21.994001388549805,71.43000030517578,32.881507873535156
2007-09-20,107.11685943603516,44.91122817993164,31.931692123413086,48.30213165283203,51.537841796875,22.335119247436523,72.72000122070312,32.02836608886719
2007-09-21,107.40592193603516,45.106849670410156,32.35564422607422,48.712249755859375,51.7985954284668,22.489437103271484,72.33999633789062,32.257362365722656
2007-09-24,107.2080078125,45.20746612548828,32.75731658935547,48.85084915161133,51.866886138916016,22.44882583618164,72.27999877929688,32.8689079284668
2007-09-25,106.99600982666016,45.26335525512695,32.63458251953125,48.67900848388672,51.873085021972656,22.286388397216797,72.33000183105469,32.05229568481445
2007-09-26,107.56138610839844,45.486934661865234,33.06972885131836,48.7234001159668,51.8917236328125,22.318876266479492,72.0,32.51959228515625
2007-09-27,108.19747161865234,46.09060287475586,33.56062698364258,49.06140899658203,52.05939483642578,22.903654098510742,72.69999694824219,32.769107818603516
2007-09-28,107.83702850341797,46.16325759887695,33.34864044189453,49.17228698730469,52.07796096801758,22.830554962158203,73.51000213623047,32.4197883605957
2007-10-01,109.05267333984375,46.75575256347656,34.39741897583008,49.453277587890625,52.140296936035156,22.59501838684082,73.9000015258789,33.20918273925781
2007-10-02,108.90422058105469,46.638362884521484,34.631710052490234,49.60909652709961,52.252506256103516,22.14019775390625,72.3499984741211,33.81257247924805
2007-10-03,108.68511199951172,46.42595672607422,33.58294677734375,49.464447021484375,52.215091705322266,22.164560317993164,71.9000015258789,33.64924621582031
2007-10-04,108.85476684570312,46.58806610107422,33.91766357421875,49.65357208251953,52.30854034423828,22.473194122314453,72.87000274658203,33.9940299987793
2007-10-05,110.14815521240234,47.06316375732422,35.048980712890625,49.11942672729492,51.847412109375,22.538166046142578,73.4000015258789,34.792510986328125
2007-10-08,109.5615463256836,46.627197265625,34.67633819580078,49.080482482910156,52.034358978271484,22.067100524902344,72.52999877929688,34.13467788696289
2007-10-09,110.59339904785156,47.14698791503906,35.216346740722656,49.019290924072266,51.872344970703125,22.22141456604004,73.08999633789062,34.515777587890625
2007-10-10,110.40965270996094,47.05757141113281,35.26321029663086,49.0471305847168,51.92219924926758,22.481313705444336,73.36000061035156,34.27531814575195
2007-10-11,109.87956237792969,47.27555465698242,34.95302963256836,48.99702835083008,51.92842102050781,22.733091354370117,73.91000366210938,34.13920974731445
2007-10-12,110.48736572265625,47.48236083984375,35.59122848510742,48.75776672363281,51.75394058227539,22.83867645263672,74.58999633789062,33.81711196899414
2007-10-15,109.55445098876953,47.096717834472656,35.15609359741211,48.768898010253906,51.8038215637207,23.228525161743164,75.13999938964844,33.18196105957031
2007-10-16,108.68511199951172,46.37007141113281,34.5045166015625,48.785587310791016,51.94710922241211,23.252893447875977,75.12000274658203,32.77818298339844
2007-10-17,109.01727294921875,46.861942291259766,35.3011360168457,49.319759368896484,52.264915466308594,23.131061553955078,74.5,32.728275299072266
2007-10-18,108.62149047851562,46.97372817993164,35.47964859008789,49.59243392944336,52.46433639526367,23.545276641845703,76.0,32.73735046386719
2007-10-19,105.78035736083984,45.93967819213867,33.962284088134766,50.332435607910156,52.91301345825195,23.480304718017578,75.69999694824219,31.344545364379883
2007-10-22,106.39523315429688,45.883785247802734,34.20774459838867,50.337974548339844,52.81328582763672,23.415328979492188,74.5999984741211,32.165714263916016
2007-10-23,107.25751495361328,46.53215408325195,35.15609359741211,50.27122497558594,52.800846099853516,23.252893447875977,75.2300033569336,32.50596237182617
2007-10-24,107.05958557128906,46.43155288696289,34.92625045776367,50.64399719238281,53.06879425048828,23.334110260009766,75.5199966430664,31.96155548095703
2007-10-25,107.31404876708984,46.64394760131836,35.370304107666016,50.47152328491211,53.02521896362305,23.878273010253906,76.02999877929688,32.02960968017578
2007-10-26,108.57205200195312,47.487953186035156,36.37221908569336,50.35464859008789,52.89434814453125,24.243757247924805,77.69000244140625,32.515052795410156
2007-10-29,108.93256378173828,47.83449172973633,37.209007263183594,50.54938507080078,52.93798065185547,24.6417293548584,78.12000274658203,31.984233856201172
2007-10-30,108.17625427246094,47.454437255859375,36.5061149597168,50.52155685424805,52.99398422241211,24.089445114135742,77.3499984741211,32.424312591552734
2007-10-31,109.30001831054688,48.12514114379883,37.30718994140625,50.06531524658203,52.63880920410156,24.771678924560547,78.62000274658203,33.10029983520508
2007-11-01,106.74153900146484,47.11347579956055,35.80097579956055,50.71584701538086,53.06842803955078,24.454925537109375,77.93000030517578,31.55325698852539
2007-11-02,106.86178588867188,47.37617874145508,36.0040397644043,50.87790298461914,53.21233367919922,24.982845306396484,79.83000183105469,31.104122161865234
2007-11-05,106.04895782470703,46.62159729003906,34.7522087097168,50.85551834106445,53.14974594116211,24.82040786743164,79.75,30.654972076416016
2007-11-06,107.47660064697266,47.32585525512695,36.07097625732422,50.60966110229492,53.055938720703125,25.47015953063965,81.43000030517578,31.04059600830078
2007-11-07,104.5364761352539,46.50420379638672,34.92180252075195,50.69911193847656,53.24980926513672,25.3402099609375,82.23999786376953,30.07425308227539
2007-11-08,104.00639343261719,46.58806610107422,35.10029602050781,50.60966110229492,53.36865997314453,25.275238037109375,82.2300033569336,30.165016174316406
2007-11-09,102.5787353515625,45.68255615234375,34.27469253540039,51.039947509765625,53.687591552734375,25.267112731933594,82.18000030517578,29.920021057128906
2007-11-12,101.56103515625,44.93357467651367,32.37797164916992,51.22438430786133,53.781368255615234,24.71482276916504,78.30000305175781,30.264801025390625
2007-11-13,104.6566162109375,46.14091110229492,34.665184020996094,51.03437805175781,53.50624465942383,24.243757247924805,79.12000274658203,31.267425537109375
2007-11-14,104.36685180664062,46.068241119384766,34.69866180419922,51.09023666381836,53.54375457763672,24.787921905517578,80.27999877929688,30.632286071777344
2007-11-15,102.8614273071289,45.308074951171875,33.899810791015625,51.57091522216797,53.84389114379883,24.544267654418945,77.94999694824219,30.57784652709961
2007-11-16,103.03816223144531,45.453399658203125,34.31931686401367,51.64350128173828,53.84389114379883,24.625484466552734,77.75,30.00621223449707
2007-11-19,101.6034164428711,44.25167465209961,32.73723220825195,51.978816986083984,54.23165512084961,24.81229019165039,77.23999786376953,29.35291290283203
2007-11-20,102.22537994384766,45.240989685058594,33.636505126953125,51.9229736328125,54.087799072265625,25.429550170898438,79.47000122070312,28.785823822021484
2007-11-21,100.13336181640625,44.21814727783203,31.942846298217773,52.2247428894043,54.51301956176758,25.462038040161133,79.36000061035156,28.586200714111328
2007-11-23,101.86493682861328,45.3304328918457,32.88674545288086,52.38123321533203,54.350467681884766,25.697574615478516,81.25,29.148752212524414
2007-11-26,99.61748504638672,44.62057113647461,31.58136558532715,53.41509246826172,55.094661712646484,25.380817413330078,81.30000305175781,27.751441955566406
2007-11-27,100.76239013671875,45.22422790527344,32.790802001953125,52.90654754638672,54.58184051513672,25.177772521972656,80.0999984741211,28.400192260742188
2007-11-28,103.98516082763672,46.50979232788086,34.58708953857422,52.54888153076172,54.38794708251953,24.869138717651367,79.56999969482422,29.647811889648438
2007-11-29,104.0205307006836,46.129737854003906,34.163116455078125,53.00154113769531,54.69442367553711,24.925996780395508,78.27999877929688,29.171463012695312
2007-11-30,105.06652069091797,46.38125228881836,34.45319747924805,52.74448013305664,54.76944351196289,24.61736488342285,77.31999969482422,29.96538543701172
2007-12-03,104.37390899658203,46.207969665527344,34.15419006347656,53.16307067871094,54.98591995239258,24.79604148864746,78.27999877929688,29.64326286315918
2007-12-04,103.44100189208984,45.917320251464844,34.0649299621582,53.15744400024414,55.03615951538086,24.909751892089844,79.4000015258789,28.844799041748047
2007-12-05,105.17254638671875,46.448326110839844,35.57782745361328,52.523406982421875,54.82905578613281,24.722949981689453,78.62999725341797,29.815673828125
2007-12-06,106.6779556274414,46.88987731933594,36.13792037963867,52.06332015991211,54.54042053222656,25.169649124145508,79.37000274658203,30.76386070251465
2007-12-07,106.65674591064453,46.705440521240234,35.70948791503906,51.47981262207031,54.189029693603516,25.08843231201172,78.5999984741211,30.654972076416016
2007-12-10,107.4836654663086,47.18610763549805,35.72064971923828,51.17118835449219,54.06357192993164,25.07219123840332,80.0,31.31281280517578
2007-12-11,104.5364761352539,45.95645523071289,34.20774459838867,52.1755485534668,54.80400848388672,25.291475296020508,78.83999633789062,29.661420822143555
2007-12-12,105.5683364868164,46.87870788574219,35.23418426513672,51.636898040771484,54.34589385986328,25.981834411621094,80.48999786376953,29.561614990234375
2007-12-13,105.34921264648438,45.92290496826172,34.26576614379883,51.07581329345703,53.944332122802734,25.705692291259766,78.5,29.22589683532715
2007-12-14,104.01348876953125,44.68204879760742,33.449066162109375,50.84012985229492,53.78749084472656,25.527013778686523,78.5199966430664,28.490928649902344
2007-12-17,102.52930450439453,43.73185348510742,32.02317428588867,51.294559478759766,54.10745620727539,25.40216636657715,78.12999725341797,27.61080551147461
2007-12-18,103.10175323486328,44.27961349487305,32.90235900878906,51.62565994262695,54.21416091918945,25.293962478637695,79.25,28.037250518798828
2007-12-19,103.10175323486328,43.91630172729492,33.116580963134766,52.310176849365234,54.6471061706543,25.535335540771484,79.23999786376953,28.323068618774414
2007-12-20,103.7519760131836,44.229312896728516,33.29732131958008,52.19796371459961,54.55922317504883,25.427135467529297,78.66999816894531,28.205020904541016
2007-12-21,105.24760437011719,44.860931396484375,34.30146026611328,51.4349365234375,54.1639404296875,25.72676658630371,80.0999984741211,28.7584171295166
2007-12-24,106.02912902832031,45.04436492919922,34.881614685058594,51.19365692138672,54.00705337524414,25.918197631835938,80.13999938964844,29.68996238708496
2007-12-26,106.25651550292969,45.170467376708984,35.06241226196289,50.7447395324707,53.74979782104492,26.226154327392578,81.5199966430664,29.196521759033203
2007-12-27,104.9207763671875,44.895320892333984,34.25332260131836,51.2979736328125,54.110652923583984,26.31770896911621,81.55999755859375,28.615442276000977
2007-12-28,104.65787506103516,45.27937316894531,34.38214874267578,52.09794998168945,54.54520797729492,26.234477996826172,83.0,28.112762451171875
2007-12-31,103.88345336914062,44.998497009277344,33.96855545043945,52.41340637207031,54.797157287597656,26.267770767211914,82.45999908447266,28.343353271484375
2008-01-02,102.97396087646484,44.837982177734375,33.40807342529297,53.16823196411133,55.18757247924805,26.991880416870117,84.86000061035156,28.25574493408203
2008-01-03,102.92425537109375,44.912506103515625,33.708641052246094,53.09503936767578,55.30091094970703,27.199962615966797,85.56999969482422,27.37491226196289
2008-01-04,100.40192413330078,43.892154693603516,32.696144104003906,53.10631561279297,55.44584274291992,27.04182243347168,85.12999725341797,26.26349449157715
2008-01-07,100.31665802001953,43.938018798828125,32.93571853637695,53.337257385253906,55.54653549194336,26.550756454467773,84.7699966430664,26.507923126220703
2008-01-08,98.69669342041016,43.69153594970703,32.680328369140625,53.27531433105469,55.666259765625,26.792125701904297,86.77999877929688,25.590192794799805
2008-01-09,99.73403930664062,44.00680923461914,33.7515983581543,53.37672805786133,55.57808303833008,26.525787353515625,86.55000305175781,26.04214096069336
2008-01-10,100.38771057128906,43.96094512939453,34.149356842041016,52.655635833740234,55.42689514160156,26.400938034057617,88.25,26.443357467651367
2008-01-11,99.57767486572266,43.08390426635742,33.18883514404297,53.06683349609375,55.77959442138672,26.642309188842773,88.58000183105469,26.44796371459961
2008-01-14,100.3805923461914,43.77177429199219,33.677001953125,53.26399612426758,55.80475616455078,26.97523307800293,89.54000091552734,26.337289810180664
2008-01-15,98.17093658447266,42.35017776489258,32.15373229980469,53.861175537109375,56.17007827758789,26.642309188842773,87.98999786376953,25.802322387695312
2008-01-16,97.3254623413086,41.49605941772461,30.81578826904297,53.47246551513672,56.062992095947266,26.392616271972656,86.69999694824219,26.097475051879883
2008-01-17,94.80313110351562,40.871238708496094,29.918548583984375,54.16535949707031,56.516414642333984,26.051368713378906,86.5,25.74237823486328
2008-01-18,93.82970428466797,41.106266021728516,30.60107421875,53.7935791015625,56.434532165527344,26.1512451171875,87.41999816894531,25.40110969543457
2008-01-22,92.87764739990234,39.959808349609375,29.832658767700195,54.36820602416992,57.064361572265625,26.059690475463867,88.16999816894531,26.009845733642578
2008-01-23,95.10865020751953,39.724788665771484,30.022506713867188,54.244224548339844,56.79985809326172,25.56863021850586,87.88999938964844,28.47710609436035
2008-01-24,95.91153717041016,41.117740631103516,30.605606079101562,53.15699005126953,56.28339385986328,26.201183319091797,90.08000183105469,27.80841064453125
2008-01-25,94.52601623535156,40.521583557128906,30.140037536621094,54.05270004272461,56.806129455566406,26.783803939819336,90.30000305175781,27.646987915039062
2008-01-28,96.08914947509766,40.97442626953125,30.885852813720703,53.849884033203125,56.598323822021484,26.90865135192871,91.75,28.583166122436523
2008-01-29,96.56517028808594,41.22092056274414,30.73441505432129,53.48369216918945,56.37156677246094,27.133373260498047,91.1500015258789,28.324918746948242
2008-01-30,95.85467529296875,41.03175354003906,30.32987403869629,53.13442611694336,56.34632873535156,26.90032958984375,92.05999755859375,27.568613052368164
2008-01-31,97.60253143310547,41.46738815307617,30.937828063964844,53.51190185546875,56.63609313964844,27.03349494934082,91.4000015258789,28.122007369995117
2008-02-01,99.17274475097656,42.161006927490234,31.55482292175293,53.83354568481445,56.819908142089844,26.559078216552734,89.3499984741211,29.297971725463867
2008-02-04,97.92225646972656,41.73108673095703,31.652002334594727,53.27955627441406,56.5040283203125,27.025177001953125,89.0999984741211,28.99361801147461
2008-02-05,95.30046081542969,39.81649398803711,29.94792366027832,53.686588287353516,56.90201950073242,26.80044937133789,87.68000030517578,27.969825744628906
2008-02-06,94.53314971923828,39.782108306884766,29.45749282836914,53.522613525390625,56.80099105834961,26.675600051879883,88.94999694824219,27.513254165649414
2008-02-07,95.15838623046875,39.58148193359375,29.95697021484375,52.369415283203125,56.16288757324219,27.000202178955078,89.8499984741211,28.16350746154785
2008-02-08,94.5473403930664,39.17448425292969,29.90045166015625,52.96864700317383,56.63673782348633,27.80754852294922,91.0,27.264232635498047
2008-02-11,95.03046417236328,39.38085174560547,30.2711124420166,53.18909454345703,56.76304244995117,27.990657806396484,91.33000183105469,26.710826873779297
2008-02-12,95.91153717041016,40.229225158691406,30.759279251098633,52.872520446777344,56.643028259277344,27.424686431884766,89.33000183105469,27.47176170349121
2008-02-13,96.89203643798828,40.50437927246094,31.45086097717285,52.31290054321289,56.40296936035156,27.649410247802734,89.44000244140625,27.688505172729492
2008-02-14,96.03941345214844,40.32093048095703,31.046314239501953,51.544090270996094,56.09339141845703,28.207056045532227,89.70999908447266,27.1719913482666
2008-02-15,96.01810455322266,40.46997833251953,31.26780128479004,51.93976593017578,56.21342468261719,28.073888778686523,89.1500015258789,27.393346786499023
2008-02-19,96.28810119628906,40.865509033203125,31.676870346069336,51.414039611816406,55.80913162231445,28.989431381225586,91.58000183105469,27.324172973632812
2008-02-20,96.57225799560547,40.65342330932617,31.9412899017334,51.77021789550781,55.758567810058594,29.139245986938477,93.23999786376953,27.494802474975586
2008-02-21,95.76942443847656,40.578895568847656,31.49380111694336,52.31855392456055,56.33349609375,28.981107711791992,93.25,26.747718811035156
2008-02-22,96.359130859375,41.094810485839844,31.916423797607422,52.01896667480469,56.17555236816406,29.380619049072266,93.38999938964844,27.50403594970703
2008-02-25,97.57412719726562,41.7482795715332,32.51081466674805,51.48756408691406,55.80278778076172,29.663602828979492,92.73999786376953,28.343353271484375
2008-02-26,98.30591583251953,42.36737060546875,32.94023895263672,51.50452423095703,55.94179916381836,30.296165466308594,93.70999908447266,28.338756561279297
2008-02-27,98.20647430419922,42.504947662353516,33.21820831298828,51.54972457885742,56.07442092895508,30.254545211791992,94.77999877929688,28.205020904541016
2008-02-28,97.2472915649414,42.097957611083984,32.86112594604492,52.46550369262695,56.73150634765625,30.545854568481445,95.98999786376953,27.62394905090332
2008-02-29,95.08025360107422,41.043209075927734,31.55482292175293,53.26826858520508,57.33797073364258,30.046466827392578,96.18000030517578,27.227340698242188
2008-03-03,94.85286712646484,41.163597106933594,31.72658920288086,53.130916595458984,57.19222640991211,30.487590789794922,97.23999786376953,27.41641616821289
2008-03-04,94.4905014038086,40.53877639770508,30.98981285095215,52.61460876464844,56.97676086425781,30.37939453125,95.18000030517578,27.158164978027344
2008-03-05,95.08732604980469,41.026023864746094,31.640716552734375,51.98476028442383,56.72959518432617,31.04524040222168,97.72000122070312,27.531707763671875
2008-03-06,93.11920928955078,40.44132995605469,30.555885314941406,52.262794494628906,57.18584442138672,31.278291702270508,96.5,26.277326583862305
2008-03-07,92.16004180908203,39.96553421020508,30.133249282836914,52.33089828491211,57.382320404052734,30.962007522583008,96.08999633789062,26.706220626831055
2008-03-10,90.94507598876953,39.764915466308594,29.604398727416992,53.10258865356445,57.79423522949219,31.544626235961914,95.87000274658203,26.328060150146484
2008-03-11,94.21342468261719,41.02028274536133,31.595502853393555,52.64862823486328,57.1668586730957,32.03569412231445,95.98999786376953,28.038990020751953
2008-03-12,93.33235168457031,41.02028274536133,31.01015281677246,53.66428756713867,57.82591247558594,32.38526153564453,97.01000213623047,27.448713302612305
2008-03-13,93.53840637207031,41.08906555175781,30.727642059326172,53.244422912597656,57.521728515625,32.41856002807617,98.33999633789062,27.771526336669922
2008-03-14,92.08898162841797,40.097389221191406,29.638294219970703,53.902591705322266,58.117393493652344,32.3769416809082,98.70999908447266,27.208890914916992
2008-03-17,91.158203125,39.48976516723633,28.906042098999023,54.316802978515625,58.408912658691406,31.078533172607422,99.16999816894531,27.37491226196289
2008-03-18,94.94525909423828,40.69927978515625,30.408981323242188,54.106834411621094,58.00968551635742,31.76934814453125,96.5,28.578556060791016
2008-03-19,92.59344482421875,39.226078033447266,28.582857131958008,55.00334930419922,58.51032257080078,30.396039962768555,93.04000091552734,28.361806869506836
2008-03-20,94.30852508544922,39.81649398803711,29.06425666809082,55.13949966430664,58.63707733154297,29.17253875732422,89.91000366210938,29.30721092224121
2008-03-24,96.19358825683594,40.544498443603516,30.178447723388672,54.07282257080078,57.604087829589844,29.705219268798828,90.0999984741211,29.9666748046875
2008-03-25,96.28636169433594,41.13493347167969,30.641761779785156,54.29979705810547,57.806880950927734,30.004854202270508,92.7300033569336,30.043352127075195
2008-03-26,95.10822296142578,41.13493347167969,30.393169403076172,54.07282257080078,57.85126495361328,30.90374755859375,93.80000305175781,29.467119216918945
2008-03-27,94.80833435058594,41.10053634643555,30.246248245239258,53.692684173583984,57.77524948120117,31.244998931884766,93.45999908447266,29.225461959838867
2008-03-28,93.90155029296875,41.06614303588867,30.192014694213867,54.21466064453125,58.003334045410156,30.504240036010742,91.87999725341797,28.881582260131836
2008-03-31,94.22998809814453,41.215179443359375,30.370540618896484,54.40757751464844,58.10474395751953,29.77180290222168,90.41000366210938,28.993104934692383
2008-04-01,97.54310607910156,42.51641845703125,31.536733627319336,53.5221061706543,57.59670639038086,29.605344772338867,86.86000061035156,30.642812728881836
2008-04-02,97.60737609863281,42.60811996459961,31.559350967407227,53.636024475097656,57.405982971191406,30.487590789794922,89.2699966430664,30.494115829467773
2008-04-03,97.85005187988281,42.73423385620117,31.943561553955078,53.755714416503906,57.405982971191406,30.654056549072266,89.41999816894531,31.191184997558594
2008-04-04,97.74300384521484,42.87754440307617,31.814714431762695,54.24574661254883,57.84465408325195,30.870452880859375,90.25,30.698589324951172
2008-04-07,97.7929916381836,43.1412353515625,32.23735809326172,53.960819244384766,57.46321105957031,31.203380584716797,91.16999816894531,30.415109634399414
2008-04-08,97.69303131103516,42.688385009765625,32.06106948852539,53.772823333740234,57.469512939453125,31.328227996826172,90.3499984741211,30.37330436706543
2008-04-09,96.98614501953125,42.338714599609375,31.56159210205078,54.33122253417969,57.81288146972656,31.85258674621582,92.29000091552734,29.611173629760742
2008-04-10,97.12178039550781,42.20685958862305,32.013607025146484,54.148887634277344,57.58400344848633,31.711084365844727,91.7699966430664,29.899290084838867
2008-04-11,95.2367935180664,41.63936996459961,31.49155044555664,54.51356506347656,57.83192825317383,31.586246490478516,91.30000305175781,29.53217315673828
2008-04-14,94.91546630859375,41.73108673095703,31.41695785522461,54.19444274902344,57.68576431274414,31.80264663696289,91.11000061035156,29.360233306884766
2008-04-15,95.1368179321289,42.0234260559082,31.78535270690918,53.5221061706543,57.42500305175781,32.185508728027344,91.66000366210938,29.657649993896484
2008-04-16,97.71448516845703,43.347599029541016,32.725528717041016,52.99787902832031,57.0370979309082,32.493465423583984,93.2699966430664,30.861225128173828
2008-04-17,97.85724639892578,42.8660774230957,32.48822784423828,52.90668487548828,56.90363311767578,32.343650817871094,92.55999755859375,30.972774505615234
2008-04-18,98.8782730102539,43.16987991333008,32.9786491394043,52.86111068725586,56.84635543823242,32.36029052734375,90.62000274658203,30.796173095703125
2008-04-21,98.92825317382812,43.50809860229492,33.14590072631836,53.07191848754883,56.85274887084961,32.40190887451172,90.25,30.56846809387207
2008-04-22,98.49279022216797,43.05524444580078,32.838539123535156,53.25426483154297,56.89723587036133,32.601661682128906,90.2699966430664,30.494115829467773
2008-04-23,98.33562469482422,43.27880859375,33.310874938964844,53.077659606933594,56.83998107910156,32.29370880126953,89.22000122070312,30.875167846679688
2008-04-24,98.76407623291016,42.997928619384766,32.88372039794922,52.62751007080078,56.39491271972656,31.752710342407227,87.22000122070312,31.48859977722168
2008-04-25,99.67799377441406,43.35332107543945,33.12556076049805,52.319801330566406,56.31864929199219,32.335323333740234,87.2699966430664,31.6651668548584
2008-04-28,99.69943237304688,43.60554504394531,33.062278747558594,52.479305267333984,56.42035675048828,32.41022872924805,87.69000244140625,31.62335777282715
2008-04-29,99.30671691894531,43.22149658203125,32.476924896240234,52.678775787353516,56.52208709716797,31.62786102294922,85.80999755859375,31.279464721679688
2008-04-30,98.72119140625,43.45650863647461,33.14590072631836,53.05487060546875,56.70014953613281,31.569597244262695,86.6500015258789,30.842649459838867
2008-05-01,100.76329040527344,43.72018051147461,33.498470306396484,53.05826187133789,56.6937370300293,30.837160110473633,83.98999786376953,31.50716781616211
2008-05-02,101.04180145263672,43.8405647277832,33.819393157958984,52.38919448852539,56.234493255615234,31.61953353881836,84.58000183105469,31.479290008544922
2008-05-05,100.55624389648438,43.91510009765625,33.794517517089844,52.38919448852539,56.31736755371094,32.277069091796875,86.2699966430664,31.39100456237793
2008-05-06,101.42737579345703,44.24184036254883,34.171966552734375,52.01175308227539,56.13880157470703,32.701541900634766,86.62999725341797,31.60941505432129
2008-05-07,99.62089538574219,43.467960357666016,33.154945373535156,52.23479461669922,56.36207580566406,32.759803771972656,85.81999969482422,30.749704360961914
2008-05-08,99.36382293701172,43.8463134765625,33.4962043762207,52.703739166259766,56.72564697265625,33.29248046875,87.23999786376953,30.563825607299805
2008-05-09,99.17817687988281,43.49662780761719,33.22273254394531,52.898162841796875,56.789398193359375,33.80852127075195,87.41999816894531,30.396526336669922
2008-05-12,100.29205322265625,43.932289123535156,33.6498908996582,52.8181037902832,56.6937370300293,33.234222412109375,86.98999786376953,31.12611961364746
2008-05-13,100.30635070800781,43.783241271972656,33.81034469604492,52.24052047729492,56.22175979614258,33.417335510253906,85.38999938964844,31.251596450805664
2008-05-14,100.51342010498047,43.783241271972656,33.89170837402344,52.26339340209961,56.202613830566406,32.8763313293457,85.19999694824219,31.446773529052734
2008-05-15,101.7700424194336,44.528438568115234,34.61266326904297,52.738040924072266,56.51518630981445,33.2508659362793,87.0,31.827829360961914
2008-05-16,101.86289978027344,45.00996398925781,35.053375244140625,52.520713806152344,56.419464111328125,33.73360824584961,89.0999984741211,31.660539627075195
2008-05-19,102.14141082763672,44.82652282714844,35.0601806640625,52.58935546875,56.547035217285156,33.783546447753906,89.38999938964844,31.711650848388672
2008-05-20,101.3131332397461,44.4138069152832,34.45220184326172,52.86388397216797,56.71927261352539,34.2496452331543,90.9000015258789,31.284137725830078
2008-05-21,99.5994644165039,43.90935516357422,34.10190200805664,52.875267028808594,56.58527755737305,35.248416900634766,91.95999908447266,30.531291961669922
2008-05-22,99.61375427246094,44.41951370239258,34.20134735107422,52.2519645690918,56.21538162231445,34.74070739746094,90.9800033569336,30.27105140686035
2008-05-23,98.27850341796875,43.91510009765625,33.60468292236328,52.480674743652344,56.464134216308594,34.80729675292969,91.2300033569336,30.127002716064453
2008-05-27,99.0068130493164,43.82910919189453,33.55044937133789,52.12614440917969,56.18979263305664,34.2496452331543,89.36000061035156,30.540586471557617
2008-05-28,99.46381378173828,43.8233757019043,34.0024528503418,51.662925720214844,55.768836975097656,34.46604919433594,89.13999938964844,30.591718673706055
2008-05-29,99.96363067626953,43.725929260253906,34.077030181884766,51.29118728637695,55.50731658935547,33.52553176879883,86.51000213623047,30.921653747558594
2008-05-30,100.21353912353516,43.972412109375,34.19455337524414,51.62859344482422,55.69229507446289,33.7502555847168,87.44999694824219,30.777585983276367
2008-06-02,99.17817687988281,43.51383590698242,33.787750244140625,51.827754974365234,56.02323913574219,34.199703216552734,87.95999908447266,30.261760711669922
2008-06-03,98.59981536865234,43.422115325927734,33.17753982543945,52.2008171081543,56.31771469116211,33.392356872558594,86.87999725341797,30.461591720581055
2008-06-04,98.54986572265625,43.16987991333008,32.88825225830078,51.735939025878906,56.11284637451172,32.892974853515625,86.6500015258789,30.619590759277344
2008-06-05,100.52057647705078,43.88643264770508,33.934654235839844,51.42597198486328,55.81841278076172,34.141441345214844,86.44999694824219,31.321287155151367
2008-06-06,97.31454467773438,42.62532424926758,32.70518112182617,52.09180450439453,56.30486297607422,35.01536560058594,89.05999755859375,30.010820388793945
2008-06-09,97.55024719238281,42.5679931640625,32.62156295776367,52.09180450439453,55.9016227722168,35.37326431274414,87.98999786376953,29.416000366210938
2008-06-10,97.06468200683594,41.845741271972656,31.868980407714844,51.753173828125,55.56873321533203,35.23176956176758,85.55000305175781,29.42993927001953
2008-06-11,95.63665008544922,41.3126335144043,31.39210319519043,51.63264465332031,55.62635040283203,36.530181884765625,87.0199966430664,28.983829498291016
2008-06-12,96.00076293945312,41.16932678222656,31.57516098022461,51.11606216430664,55.13987350463867,36.52185821533203,85.5999984741211,29.28122329711914
2008-06-13,97.21460723876953,41.54765701293945,31.916423797607422,51.00703430175781,55.01186752319336,36.2888069152832,85.83000183105469,29.769174575805664
2008-06-16,97.27176666259766,41.759742736816406,32.0249137878418,51.01851272583008,55.018218994140625,36.25551223754883,87.01000213623047,30.1641788482666
2008-06-17,96.8005142211914,41.88587188720703,32.16051483154297,51.121803283691406,55.20387268066406,36.621734619140625,87.25,29.309112548828125
2008-06-18,95.85795593261719,41.54191970825195,32.004573822021484,51.55226135253906,55.50474166870117,37.121116638183594,88.27999877929688,28.876937866210938
2008-06-19,95.97935485839844,41.461666107177734,32.05429458618164,51.24807357788086,55.18465042114258,36.25551223754883,88.41999816894531,29.546106338500977
2008-06-20,94.42142486572266,40.555973052978516,31.007884979248047,51.546504974365234,55.44074249267578,36.50520706176758,88.94999694824219,28.881582260131836
2008-06-23,94.3281478881836,40.550228118896484,31.09829330444336,51.65562057495117,55.415103912353516,36.76322555541992,87.08999633789062,28.165925979614258
2008-06-24,94.1415786743164,40.36680221557617,30.960433959960938,51.99992370605469,55.7096061706543,36.771549224853516,87.47000122070312,28.183828353881836
2008-06-25,94.5865249633789,40.7978515625,31.580373764038086,52.02288818359375,55.70318603515625,36.63005065917969,87.41999816894531,28.64531707763672
2008-06-26,92.0174789428711,39.7640380859375,30.4968318939209,52.3730354309082,56.01682662963867,37.84523391723633,90.61000061035156,27.689367294311523
2008-06-27,91.51518249511719,39.869171142578125,30.791728973388672,52.98716354370117,56.292083740234375,37.94510269165039,91.47000122070312,27.472759246826172
2008-06-30,91.83808898925781,40.108638763427734,31.02489471435547,52.99860763549805,56.33048629760742,37.270938873291016,91.4000015258789,27.510427474975586
2008-07-01,92.12516021728516,39.676422119140625,30.471691131591797,52.873046875,56.17765426635742,37.928462982177734,92.66000366210938,27.48688507080078
2008-07-02,90.5464096069336,39.04562759399414,29.603029251098633,53.1495475769043,56.31253433227539,38.65257263183594,93.16999816894531,27.147825241088867
2008-07-03,90.63970184326172,39.29676818847656,29.518442153930664,53.03432846069336,56.3317985534668,38.63592529296875,92.05999755859375,26.869991302490234
2008-07-07,89.71401977539062,38.95801544189453,29.413299560546875,53.2762336730957,56.595096588134766,38.111568450927734,91.2300033569336,26.267236709594727
2008-07-08,91.30705261230469,39.16244125366211,29.774478912353516,53.621891021728516,56.73638916015625,36.72993087768555,90.86000061035156,28.226205825805664
2008-07-09,89.54894256591797,38.654293060302734,29.17327117919922,53.85803985595703,57.00615310668945,36.70496368408203,91.5,26.30019187927246
2008-07-10,89.91496276855469,38.987205505371094,29.701337814331055,53.85224533081055,57.02540969848633,37.703739166259766,93.52999877929688,26.808774948120117
2008-07-11,88.86724853515625,38.373931884765625,29.50245475769043,53.086204528808594,56.49231719970703,38.22809600830078,95.16000366210938,26.676923751831055
2008-07-14,88.06353759765625,38.29215621948242,29.465871810913086,53.5527229309082,56.794227600097656,38.24474334716797,95.91000366210938,25.749235153198242
2008-07-15,86.82207489013672,37.67887496948242,28.974388122558594,53.53548812866211,56.99972915649414,37.029563903808594,96.16999816894531,25.49964714050293
2008-07-16,88.95338439941406,38.373931884765625,29.81104278564453,52.567787170410156,56.479469299316406,36.463592529296875,94.44000244140625,27.3597354888916
2008-07-17,89.84314727783203,38.95801544189453,29.950498580932617,52.29704666137695,56.209754943847656,35.60630798339844,94.22000122070312,27.689367294311523
2008-07-18,90.40289306640625,39.20915603637695,29.69217300415039,52.101200103759766,56.017059326171875,34.99872589111328,94.16999816894531,27.736467361450195
2008-07-21,90.4531478881836,39.43694305419922,30.060218811035156,52.30279541015625,56.14551544189453,35.42320251464844,95.12000274658203,27.94365882873535
2008-07-22,91.47931671142578,39.5712890625,30.078510284423828,52.0435791015625,55.952850341796875,34.64915084838867,93.05999755859375,28.692407608032227
2008-07-23,91.97444152832031,39.71731185913086,30.121944427490234,51.939910888671875,55.862953186035156,33.86677932739258,90.56999969482422,29.50237274169922
2008-07-24,90.06563568115234,38.9930534362793,29.008691787719727,52.44678497314453,56.34464645385742,33.891746520996094,91.33000183105469,27.548107147216797
2008-07-25,90.04410552978516,39.074825286865234,29.207569122314453,51.92262268066406,56.017059326171875,33.4672737121582,91.69000244140625,28.000173568725586
2008-07-28,88.72371673583984,38.4206657409668,28.71379280090332,52.44678497314453,56.33824920654297,33.633731842041016,91.7300033569336,27.543384552001953
2008-07-29,90.61815643310547,38.80031204223633,30.304826736450195,52.23371124267578,56.17765426635742,33.2508659362793,90.58999633789062,28.824254989624023
2008-07-30,92.23277282714844,39.16244125366211,29.989356994628906,52.2855224609375,56.286781311035156,33.90839767456055,89.5199966430664,28.72536849975586
2008-07-31,91.01286315917969,38.77693176269531,29.317289352416992,52.80397033691406,56.73638916015625,33.62541198730469,90.08000183105469,28.367475509643555
2008-08-01,90.53209686279297,38.198707580566406,29.118410110473633,52.92072677612305,56.764739990234375,33.2508659362793,89.56999969482422,28.391019821166992
2008-08-04,89.69247436523438,37.836570739746094,28.226892471313477,52.799285888671875,56.7260627746582,32.152217864990234,88.13999938964844,27.976621627807617
2008-08-05,92.11080169677734,38.79446029663086,28.590347290039062,52.406158447265625,56.43605422973633,31.927490234375,86.08000183105469,29.233964920043945
2008-08-06,92.51981353759766,38.80615997314453,29.1595516204834,52.19228744506836,56.455440521240234,31.586246490478516,86.63999938964844,29.092670440673828
2008-08-07,91.14202880859375,38.029319763183594,28.15831184387207,53.04212951660156,56.983856201171875,31.761028289794922,86.08999633789062,28.325096130371094
2008-08-08,92.83554077148438,38.18701934814453,28.226892471313477,53.186614990234375,56.958106994628906,30.870452880859375,84.43000030517578,29.149188995361328
2008-08-11,93.79715728759766,38.1519889831543,27.932004928588867,52.67789840698242,56.68098449707031,30.837160110473633,81.12999725341797,30.091012954711914
2008-08-12,92.82122802734375,37.87745666503906,27.69883918762207,53.169307708740234,57.074092864990234,30.570823669433594,80.5199966430664,29.4176025390625
2008-08-13,92.26148223876953,37.281700134277344,27.691974639892578,52.984317779541016,56.95166015625,31.594566345214844,81.55999755859375,28.989076614379883
2008-08-14,92.95755767822266,37.135684967041016,28.05544090270996,53.32536697387695,57.12565612792969,31.31990623474121,79.3499984741211,29.455272674560547
2008-08-15,93.40962219238281,36.89037322998047,27.616546630859375,53.78788757324219,57.33830261230469,30.89542579650879,77.62999725341797,29.412891387939453
2008-08-18,92.1323013305664,36.703468322753906,27.150211334228516,54.00178527832031,57.480098724365234,31.070209503173828,78.80000305175781,29.007911682128906
2008-08-19,91.12765502929688,36.28876876831055,26.92390251159668,53.79365921020508,57.39634323120117,31.552946090698242,80.43000030517578,28.29213523864746
2008-08-20,91.55105590820312,36.50487518310547,27.60968589782715,53.9439697265625,57.56393814086914,31.80264663696289,80.05999755859375,28.334510803222656
2008-08-21,91.70893859863281,36.65089416503906,27.568532943725586,53.84572219848633,57.441436767578125,33.167633056640625,82.30000305175781,27.830659866333008
2008-08-22,93.03648376464844,36.820281982421875,27.54796028137207,53.81098556518555,57.27390670776367,32.044010162353516,81.08000183105469,28.777172088623047
2008-08-25,91.14922332763672,36.2420539855957,26.978759765625,54.348628997802734,57.65410614013672,31.86090660095215,80.93000030517578,27.90599822998047
2008-08-26,91.41471099853516,36.42311477661133,27.026769638061523,54.39491271972656,57.67340850830078,31.87755012512207,81.2300033569336,28.23562240600586
2008-08-27,92.30453491210938,36.76771926879883,27.602828979492188,54.48741149902344,57.75724792480469,32.177188873291016,81.36000061035156,28.51817512512207
2008-08-28,93.4239730834961,37.24081039428711,27.794849395751953,54.4931640625,57.67340850830078,31.544626235961914,82.18000030517578,29.24336814880371
2008-08-29,92.41937255859375,37.129844665527344,27.46567153930664,54.2503547668457,57.60258865356445,31.428102493286133,81.70999908447266,29.040882110595703
2008-09-02,91.84526824951172,36.55744552612305,26.635866165161133,54.755149841308594,57.91617965698242,30.61244010925293,79.19999694824219,29.2292423248291
2008-09-03,91.76632690429688,36.40558624267578,26.19696807861328,54.987239837646484,58.058414459228516,30.437654495239258,78.88999938964844,29.690725326538086
2008-09-04,89.00357055664062,34.846099853515625,24.989990234375,55.42823028564453,58.34930419921875,30.004854202270508,78.38999938964844,28.85721206665039
2008-09-05,89.28345489501953,34.71760559082031,25.346595764160156,55.399261474609375,58.22006607055664,29.705219268798828,78.9800033569336,28.861923217773438
2008-09-08,91.12765502929688,35.494415283203125,25.662050247192383,55.63127517700195,58.226524353027344,29.638633728027344,78.86000061035156,30.109830856323242
2008-09-09,88.42234802246094,34.343788146972656,24.221906661987305,56.18250274658203,58.49163818359375,28.556631088256836,76.48999786376953,28.984371185302734
2008-09-10,88.78114318847656,34.67671203613281,24.612796783447266,55.834381103515625,58.34295654296875,28.59824562072754,74.22000122070312,29.036155700683594
2008-09-11,90.06563568115234,34.60078048706055,24.24934196472168,55.80540466308594,58.239418029785156,28.356876373291016,73.08000183105469,29.47882652282715
2008-09-12,90.4818344116211,35.27831268310547,25.05856704711914,55.08588409423828,57.94846725463867,28.548307418823242,75.55000305175781,29.384639739990234
2008-09-15,86.1762466430664,33.77723693847656,23.090360641479492,56.87290954589844,59.06063461303711,27.424686431884766,77.55999755859375,27.689367294311523
2008-09-16,87.61863708496094,33.52608871459961,23.28923797607422,56.86133575439453,58.89256286621094,26.867033004760742,76.79000091552734,29.054996490478516
2008-09-17,83.67900848388672,32.24695587158203,21.636505126953125,57.145668029785156,59.422752380371094,27.67437744140625,85.45999908447266,27.383291244506836
2008-09-18,86.16190338134766,33.7130012512207,23.4606876373291,56.310157775878906,58.724422454833984,27.72431755065918,82.80000305175781,29.709566116333008
2008-09-19,89.58372497558594,36.10188293457031,26.382125854492188,54.52307891845703,57.676902770996094,28.63985824584961,85.9800033569336,30.594879150390625
2008-09-22,87.55558013916016,34.86945724487305,24.66080665588379,54.517242431640625,57.55412292480469,29.63031005859375,89.18000030517578,28.023723602294922
2008-09-23,85.56356811523438,34.37882614135742,23.89273452758789,54.308349609375,57.55412292480469,29.33899688720703,88.31999969482422,28.212072372436523
2008-09-24,85.83785247802734,34.47813415527344,24.167049407958984,54.546241760253906,57.70281219482422,29.097633361816406,86.70999908447266,28.017444610595703
2008-09-25,87.18029022216797,35.272464752197266,25.408313751220703,54.43604278564453,57.52817153930664,29.605344772338867,86.44999694824219,28.365694046020508
2008-09-26,87.22358703613281,34.89867401123047,24.54422950744629,54.830623626708984,57.489376068115234,29.255769729614258,86.63999938964844,29.243471145629883
2008-09-29,80.38861083984375,31.00286865234375,21.677654266357422,56.42619705200195,58.29117965698242,27.441326141357422,89.56999969482422,27.058561325073242
2008-09-30,83.71587371826172,32.88358688354492,23.433256149291992,55.05107116699219,57.521724700927734,28.207056045532227,85.06999969482422,29.004940032958984
2008-10-01,83.76642608642578,32.638282775878906,23.714427947998047,55.7436637878418,57.927242279052734,27.549530029296875,85.97000122070312,28.303682327270508
2008-10-02,80.72785186767578,31.213130950927734,21.636505126953125,56.191795349121094,58.251651763916016,26.026399612426758,82.33000183105469,26.47654914855957
2008-10-03,79.63798522949219,31.090476989746094,21.06729507446289,56.68645477294922,58.47224426269531,25.418813705444336,82.58999633789062,25.331619262695312
2008-10-06,75.58175659179688,29.332395553588867,19.483139038085938,57.71659851074219,58.945892333984375,24.336807250976562,84.27999877929688,24.57310676574707
2008-10-07,72.19674682617188,27.959815979003906,17.967554092407227,57.54204559326172,58.900482177734375,24.636438369750977,87.2699966430664,22.46451187133789
2008-10-08,70.37791442871094,27.334854125976562,17.967554092407227,56.71558380126953,58.1478271484375,24.994333267211914,89.41999816894531,22.154438018798828
2008-10-09,65.4627914428711,25.699434280395508,16.643991470336914,56.23834228515625,57.563899993896484,23.8290958404541,89.9000015258789,20.39887237548828
2008-10-10,63.874961853027344,24.74154281616211,16.836008071899414,55.84259033203125,56.889156341552734,22.772058486938477,83.22000122070312,22.350027084350586
2008-10-13,73.14945983886719,28.672386169433594,20.669546127319336,55.12672805786133,56.49986267089844,24.037172317504883,81.98999786376953,23.771652221679688
2008-10-14,72.06682586669922,28.08247947692871,19.640871047973633,54.77169418334961,56.23381423950195,23.59604835510254,82.19999694824219,22.154438018798828
2008-10-15,64.97200012207031,25.086151123046875,16.46568489074707,55.29551315307617,56.69449234008789,22.52236557006836,83.30999755859375,19.311185836791992
2008-10-16,67.6785659790039,26.563871383666992,17.274911880493164,55.010337829589844,56.70745086669922,22.097885131835938,79.29000091552734,20.432270050048828
2008-10-17,67.27439880371094,25.99732208251953,16.7331485748291,54.632015228271484,57.0643196105957,22.347579956054688,77.20999908447266,20.212827682495117
2008-10-20,71.31621551513672,27.65610122680664,17.905832290649414,55.06852340698242,57.122703552246094,22.797025680541992,78.5,20.360700607299805
2008-10-21,69.18704223632812,26.09660530090332,16.47940444946289,55.359561920166016,57.7260856628418,21.981361389160156,76.02999877929688,19.664207458496094
2008-10-22,65.41948699951172,24.192520141601562,14.744368553161621,56.4827880859375,58.16734313964844,20.94097328186035,71.70999908447266,18.27597999572754
2008-10-23,66.17733764648438,24.724035263061523,15.155838012695312,56.90180587768555,58.24510955810547,21.024206161499023,70.6500015258789,17.798927307128906
2008-10-24,62.82120895385742,23.123655319213867,13.592252731323242,56.29652786254883,57.99861526489258,20.183568954467773,72.20999908447266,16.78757095336914
2008-10-27,60.59101104736328,21.908763885498047,13.235638618469238,56.33727264404297,57.96613311767578,20.033750534057617,72.18000030517578,15.833459854125977
2008-10-28,67.67134094238281,24.928451538085938,16.006210327148438,55.51671600341797,57.4990119934082,20.583080291748047,73.79000091552734,18.309377670288086
2008-10-29,67.18058776855469,24.986858367919922,15.498727798461914,55.2373046875,57.58339309692383,21.798255920410156,74.0,17.66057586669922
2008-10-30,69.50463104248047,25.86298179626465,17.590373992919922,54.73677062988281,57.14216613769531,20.899356842041016,72.70999908447266,18.605140686035156
2008-10-31,69.88713836669922,26.032363891601562,17.439498901367188,54.02678298950195,57.025367736816406,21.132404327392578,71.33999633789062,19.802555084228516
2008-11-03,70.08922576904297,26.137489318847656,17.281766891479492,54.17286682128906,57.11653137207031,20.899356842041016,71.0999984741211,19.153759002685547
2008-11-04,72.47098541259766,27.93061637878418,18.859071731567383,55.189552307128906,57.80030822753906,21.84819221496582,75.4800033569336,20.227128982543945
2008-11-05,69.42522430419922,26.412002563476562,16.45882797241211,55.843994140625,58.10639572143555,21.282222747802734,72.80000305175781,18.237810134887695
2008-11-06,65.57832336425781,24.70650291442871,15.629034042358398,55.44086837768555,57.93053436279297,20.35003089904785,72.22000122070312,17.383886337280273
2008-11-07,67.74351501464844,26.102445602416992,16.897737503051758,55.07855987548828,57.72216033935547,20.374998092651367,72.5,18.485881805419922
2008-11-10,66.85578155517578,25.71112060546875,17.05545997619629,55.34734344482422,57.780765533447266,20.50817108154297,73.58000183105469,16.830503463745117
2008-11-11,64.79159545898438,24.864200592041016,15.992493629455566,55.51097869873047,57.99564743041992,20.116985321044922,72.05000305175781,16.596742630004883
2008-11-12,61.9406623840332,23.526660919189453,14.806087493896484,55.867374420166016,58.353790283203125,19.52604103088379,70.0,15.408872604370117
2008-11-13,65.80204010009766,25.530054092407227,16.856584548950195,54.52924346923828,57.93053436279297,19.892257690429688,72.1500015258789,17.1024169921875
2008-11-14,62.51808547973633,24.064022064208984,15.23813247680664,55.610267639160156,58.503562927246094,19.767412185668945,73.30000305175781,15.17512321472168
2008-11-17,61.688026428222656,23.625959396362305,14.984390258789062,55.85572814941406,58.751033782958984,19.317962646484375,72.6500015258789,14.626516342163086
2008-11-18,62.850067138671875,23.66684341430664,14.764945030212402,56.57442092895508,59.20689010620117,19.026655197143555,72.51000213623047,14.488164901733398
2008-11-19,58.82271957397461,22.08399200439453,13.4893798828125,58.02355194091797,59.84507751464844,18.810253143310547,72.26000213623047,12.541779518127441
2008-11-20,54.456092834472656,20.869108200073242,12.522422790527344,61.02118682861328,61.04981231689453,17.85309600830078,73.44999694824219,11.5495023727417
2008-11-21,57.393646240234375,22.352664947509766,14.326038360595703,60.138824462890625,60.4897346496582,18.161048889160156,78.8499984741211,12.398664474487305
2008-11-24,61.37046813964844,23.690210342407227,15.19698429107666,59.198020935058594,59.923187255859375,19.409517288208008,80.91000366210938,14.507245063781738
2008-11-25,61.82518005371094,24.122417449951172,14.908957481384277,60.939300537109375,60.95205307006836,18.760316848754883,80.87000274658203,14.736226081848145
2008-11-26,64.21417999267578,24.385263442993164,16.0473575592041,61.02118682861328,61.32328414916992,19.35957908630371,80.37999725341797,15.532907485961914
2008-11-28,65.02256774902344,24.373577117919922,15.738752365112305,61.77486801147461,61.447025299072266,18.518945693969727,80.30999755859375,15.303923606872559
2008-12-01,59.262969970703125,22.381872177124023,14.223173141479492,64.140625,62.27872085571289,17.94464683532715,75.6500015258789,12.317560195922852
2008-12-02,61.543731689453125,23.596752166748047,15.121549606323242,64.3868637084961,62.60541534423828,17.952972412109375,76.94999694824219,13.953862190246582
2008-12-03,63.0233039855957,23.91215705871582,15.244985580444336,64.56865692138672,62.7034797668457,17.744895935058594,76.18000030517578,14.736226081848145
2008-12-04,61.56535720825195,23.176219940185547,14.593493461608887,65.84088897705078,63.095455169677734,16.812705993652344,75.5,14.330730438232422
2008-12-05,63.463531494140625,23.468259811401367,15.457581520080566,64.77381896972656,62.429012298583984,16.396547317504883,74.5199966430664,15.847769737243652
2008-12-08,65.6793212890625,24.583843231201172,16.445110321044922,64.63311767578125,62.19376754760742,17.153953552246094,76.19999694824219,17.32663345336914
2008-12-09,64.59673309326172,24.35605812072754,16.21880340576172,65.91117095947266,62.72305679321289,16.7794132232666,76.33000183105469,15.823911666870117
2008-12-10,65.0369873046875,24.9985408782959,17.18575668334961,65.75293731689453,62.66426086425781,17.28712272644043,79.75,17.183521270751953
2008-12-11,63.47077560424805,24.88756561279297,16.746858596801758,65.88189697265625,63.04317855834961,17.836448669433594,80.6500015258789,14.731464385986328
2008-12-12,64.22863006591797,25.13287925720215,16.980031967163086,65.88189697265625,63.21957778930664,18.22763442993164,80.80999755859375,16.272342681884766
2008-12-15,63.3336067199707,25.19713020324707,16.753713607788086,66.63239288330078,63.356815338134766,17.711917877197266,82.5999984741211,15.704646110534668
2008-12-16,66.31448364257812,26.645647048950195,18.090999603271484,68.27986145019531,64.36299896240234,17.965547561645508,84.45999908447266,17.627182006835938
2008-12-17,65.67210388183594,26.511301040649414,17.775535583496094,70.13253021240234,64.80072021484375,17.72037124633789,85.43000030517578,17.951580047607422
2008-12-18,64.44513702392578,25.699434280395508,17.384639739990234,71.60417938232422,65.23851013183594,17.449831008911133,83.87000274658203,16.45838737487793
2008-12-19,64.16790008544922,25.325626373291016,17.44635581970215,71.68037414550781,65.02285766601562,17.331470489501953,82.62999725341797,17.612871170043945
2008-12-22,63.34572982788086,25.15040397644043,16.794862747192383,71.12921142578125,64.85298919677734,16.84111785888672,83.45999908447266,16.949766159057617
2008-12-23,62.69087219238281,24.96170425415039,16.65576934814453,71.03545379638672,64.82035064697266,16.908750534057617,82.62999725341797,16.854347229003906
2008-12-24,63.05467987060547,25.29295539855957,16.774002075195312,70.88297271728516,64.75494384765625,16.64666748046875,83.45999908447266,17.052812576293945
2008-12-26,63.41847610473633,25.4112606048584,16.718364715576172,71.11751556396484,65.1012954711914,16.908750534057617,85.5999984741211,17.297821044921875
2008-12-29,63.23657989501953,25.417173385620117,16.6905460357666,71.03226470947266,65.24490356445312,17.09474754333496,86.3499984741211,16.303077697753906
2008-12-30,64.7354736328125,26.180217742919922,17.13563346862793,71.70874786376953,65.33670806884766,17.19620132446289,85.9000015258789,16.95480728149414
2008-12-31,65.65951538085938,26.535127639770508,17.365121841430664,70.2087173461914,64.61532592773438,17.914823532104492,86.5199966430664,17.861351013183594
2009-01-02,67.63859558105469,26.878196716308594,18.192697525024414,68.44390869140625,63.690643310546875,18.540447235107422,86.2300033569336,17.292924880981445
2009-01-05,67.55858612060547,26.446395874023438,18.42915153503418,66.67906951904297,63.57917404174805,18.73489761352539,84.4800033569336,16.97440528869629
2009-01-06,68.00969696044922,26.73032569885254,18.846410751342773,66.0085220336914,63.53984832763672,19.225250244140625,85.12999725341797,17.82215118408203
2009-01-07,65.97240447998047,26.268943786621094,17.761524200439453,66.267333984375,63.552940368652344,18.244543075561523,82.75,17.224328994750977
2009-01-08,66.24163055419922,26.65934944152832,17.68502426147461,66.2143783569336,63.723472595214844,18.312177658081055,84.45999908447266,17.096914291381836
2009-01-09,64.82276153564453,25.73658561706543,17.302528381347656,66.31440734863281,64.01860046386719,18.100818634033203,83.91999816894531,16.21977424621582
2009-01-12,63.26569747924805,25.115507125854492,16.572322845458984,67.00262451171875,64.41860961914062,17.280746459960938,80.76000213623047,15.26913070678711
2009-01-13,63.382102966308594,24.65412139892578,16.621004104614258,67.07325744628906,64.46453857421875,17.568193435668945,80.87999725341797,15.729752540588379
2009-01-14,61.38848114013672,23.642635345458984,15.81429386138916,68.1791763305664,64.82514190673828,17.323017120361328,79.79000091552734,14.906511306762695
2009-01-15,61.410282135009766,23.8555908203125,15.995111465454102,68.29090881347656,64.77276611328125,17.306108474731445,80.38999938964844,15.396526336669922
2009-01-16,61.89051055908203,23.99755096435547,16.168968200683594,67.23796081542969,64.17595672607422,17.382198333740234,82.70999908447266,15.979657173156738
2009-01-20,58.62355041503906,22.240764617919922,14.96585750579834,67.22621154785156,64.07759094238281,16.84111785888672,84.5199966430664,14.191080093383789
2009-01-21,61.1556282043457,23.32914161682129,15.77951431274414,65.10256958007812,63.507049560546875,16.908750534057617,84.1500015258789,15.675846099853516
2009-01-22,60.209716796875,22.784957885742188,15.257946014404297,63.849544525146484,63.087364196777344,16.688936233520508,84.58000183105469,14.818305969238281
2009-01-23,60.47166442871094,22.62525177001953,15.452662467956543,63.34956741333008,63.100425720214844,17.466739654541016,88.52999877929688,15.26913070678711
2009-01-26,60.88638687133789,23.068878173828125,15.6334810256958,62.79661178588867,62.943058013916016,17.50056266784668,88.94999694824219,15.180928230285645
2009-01-27,61.50486373901367,23.518421173095703,15.91165828704834,64.27314758300781,63.356201171875,17.027114868164062,88.37999725341797,15.396526336669922
2009-01-28,63.5858154296875,24.210493087768555,16.718364715576172,62.66718292236328,62.94963455200195,17.43292236328125,87.41999816894531,16.729394912719727
2009-01-29,61.51942443847656,23.11028289794922,15.869924545288086,61.22594451904297,62.12989044189453,17.221567153930664,89.5,15.36223030090332
2009-01-30,60.2679328918457,22.89142608642578,15.751705169677734,61.03183364868164,62.10360336303711,17.1201114654541,91.30999755859375,14.730107307434082
2009-02-02,60.08603286743164,22.666656494140625,15.591753005981445,62.16735076904297,62.60743713378906,16.79039192199707,88.83999633789062,15.08781909942627
2009-02-03,60.9300422668457,23.317310333251953,16.057695388793945,60.686729431152344,62.068153381347656,16.59593963623047,88.47000122070312,14.935908317565918
2009-02-04,60.6317253112793,23.19900894165039,16.175920486450195,60.47441101074219,61.75248336791992,16.688936233520508,89.18000030517578,14.573291778564453
2009-02-05,61.533958435058594,23.530258178710938,16.516687393188477,60.52748107910156,61.897117614746094,17.060932159423828,90.12000274658203,14.264580726623535
2009-02-06,63.28750991821289,24.074440002441406,17.344261169433594,60.3387336730957,61.522281646728516,17.187747955322266,89.58999633789062,15.254424095153809
2009-02-09,63.37483215332031,24.068527221679688,17.253856658935547,60.53339385986328,61.39731979370117,17.09474754333496,88.31999969482422,15.479840278625488
2009-02-10,60.47166442871094,22.87367820739746,16.210695266723633,61.848812103271484,62.219425201416016,16.87493324279785,90.20999908447266,14.102875709533691
2009-02-11,60.82816696166992,23.122116088867188,16.697500228881836,62.65104293823242,62.69945526123047,16.773483276367188,92.29000091552734,14.372387886047363
2009-02-12,60.871849060058594,23.051143646240234,16.593185424804688,62.06117248535156,62.67977523803711,16.798845291137695,93.16999816894531,14.12736988067627
2009-02-13,60.21699142456055,22.802698135375977,16.676631927490234,60.409481048583984,62.18651580810547,16.494487762451172,92.55000305175781,13.260031700134277
2009-02-17,57.641258239746094,21.590105056762695,15.612615585327148,62.291194915771484,63.232177734375,15.57296085357666,95.44999694824219,12.31918716430664
2009-02-18,57.50300979614258,21.572364807128906,15.501346588134766,61.76023483276367,62.77183151245117,15.479960441589355,96.91000366210938,12.495596885681152
2009-02-19,56.884544372558594,21.542783737182617,15.355302810668945,60.710350036621094,62.42331314086914,15.860407829284668,95.7699966430664,11.956564903259277
2009-02-20,56.33155059814453,21.22928237915039,14.96585750579834,61.30019760131836,62.60078430175781,15.682867050170898,97.80000305175781,12.711203575134277
2009-02-23,54.31610107421875,20.418912887573242,14.597274780273438,61.86651611328125,62.660003662109375,15.530689239501953,97.7300033569336,11.755661010742188
2009-02-24,56.37525177001953,21.27068519592285,15.397029876708984,61.801605224609375,62.42331314086914,15.826592445373535,94.7300033569336,12.750405311584473
2009-02-25,55.93135070800781,20.685094833374023,15.132761001586914,61.087860107421875,61.85765075683594,16.012588500976562,93.1500015258789,12.505396842956543
2009-02-26,55.021888732910156,20.5135555267334,15.000626564025879,60.4449577331543,61.6998405456543,16.35076332092285,93.05999755859375,11.863466262817383
2009-02-27,53.792205810546875,20.5135555267334,14.764178276062012,60.09688949584961,61.64726638793945,16.156312942504883,92.62999725341797,11.70665454864502
2009-03-02,51.369266510009766,19.33645248413086,13.867060661315918,61.091819763183594,62.2657356262207,15.344691276550293,90.93000030517578,10.976526260375977
2009-03-03,50.98361587524414,19.25955581665039,14.061786651611328,60.683658599853516,62.186622619628906,15.446146011352539,90.04000091552734,11.02062702178955
2009-03-04,52.19146728515625,20.117246627807617,15.04930591583252,60.405635833740234,61.870140075683594,15.987225532531738,88.98999786376953,11.197031021118164
2009-03-05,50.05956268310547,19.30687713623047,14.430364608764648,62.085533142089844,62.59538269042969,15.851954460144043,91.98999786376953,10.506101608276367
2009-03-06,50.14687728881836,19.271385192871094,14.673776626586914,61.67148971557617,62.29874038696289,16.23240089416504,92.29000091552734,10.363991737365723
2009-03-09,49.55751037597656,18.7508602142334,14.388639450073242,61.3106689453125,62.32509231567383,16.139404296875,90.56999969482422,10.594305992126465
2009-03-10,52.511619567871094,20.010770797729492,15.556975364685059,60.13357162475586,61.870140075683594,16.09713363647461,88.13999938964844,12.0692777633667
2009-03-11,52.85360336303711,20.1231632232666,15.556975364685059,60.78420639038086,62.31189727783203,15.58987045288086,89.22000122070312,11.873266220092773
2009-03-12,54.93456268310547,20.578624725341797,16.15506362915039,61.07406234741211,62.48990249633789,16.316946029663086,91.0999984741211,12.84350872039795
2009-03-13,55.36384582519531,20.714664459228516,16.245464324951172,60.766475677490234,62.443851470947266,16.173221588134766,91.30000305175781,12.56909465789795
2009-03-16,55.196495056152344,20.939443588256836,16.25937843322754,59.808204650878906,62.08770751953125,16.528305053710938,90.80000305175781,11.579253196716309
2009-03-17,56.884544372558594,21.489551544189453,16.61404800415039,59.482879638671875,61.96902084350586,16.88338851928711,90.04000091552734,12.456390380859375
2009-03-18,58.15786361694336,22.104711532592773,16.961767196655273,61.73656463623047,64.0922622680664,17.09474754333496,93.08999633789062,13.137530326843262
2009-03-19,57.43754196166992,22.0928897857666,16.850496292114258,61.81344985961914,63.8746337890625,17.449831008911133,94.3499984741211,12.33388900756836
2009-03-20,56.214439392089844,21.785306930541992,16.621004104614258,61.47035217285156,63.8746337890625,17.686553955078125,93.58999633789062,11.270535469055176
2009-03-23,60.25226974487305,23.352798461914062,18.157920837402344,60.93800735473633,63.657066345214844,18.05854606628418,92.08000183105469,13.093424797058105
2009-03-24,59.06509780883789,22.619333267211914,17.59461784362793,61.517677307128906,63.56473922729492,17.76264190673828,90.94999694824219,12.083978652954102
2009-03-25,59.688018798828125,22.968326568603516,17.858882904052734,60.68961715698242,63.182342529296875,17.49210548400879,91.9800033569336,12.282861709594727
2009-03-26,60.90450668334961,23.275907516479492,18.34569549560547,61.39350509643555,63.34713363647461,17.79646110534668,91.93000030517578,12.557703018188477
2009-03-27,59.805267333984375,22.530601501464844,17.80324935913086,61.84897232055664,63.307594299316406,17.466739654541016,90.69000244140625,11.998026847839355
2009-03-30,57.73870086669922,21.67291831970215,16.885269165039062,62.085533142089844,63.57795333862305,16.83266258239746,89.9800033569336,11.343405723571777
2009-03-31,58.273658752441406,22.23485565185547,17.253856658935547,62.52919387817383,63.690025329589844,16.908750534057617,90.27999877929688,12.13294506072998
2009-04-01,59.40220260620117,22.814533233642578,17.824113845825195,63.099830627441406,63.846099853515625,16.86648178100586,91.02999877929688,12.06798267364502
2009-04-02,61.13896560668945,23.8437557220459,18.790773391723633,62.328670501708984,63.42951202392578,17.517467498779297,88.80000305175781,12.942475318908691
2009-04-03,61.74723815917969,23.979801177978516,19.0202693939209,61.053253173828125,62.70205307006836,17.788005828857422,87.58999633789062,14.056832313537598
2009-04-06,61.26354217529297,23.482934951782227,18.7838191986084,60.792274475097656,62.556610107421875,17.568193435668945,85.2699966430664,13.896919250488281
2009-04-07,59.83457946777344,22.991989135742188,18.35264778137207,60.946529388427734,62.715293884277344,17.255380630493164,86.73999786376953,12.857528686523438
2009-04-08,60.479469299316406,23.22266960144043,18.623868942260742,61.486297607421875,63.02608108520508,17.382198333740234,86.61000061035156,13.047417640686035
2009-04-09,62.88310241699219,23.8437557220459,19.43754005432129,60.715152740478516,62.65577697753906,17.63582992553711,86.30999755859375,14.796394348144531
2009-04-13,62.89773941040039,24.080354690551758,19.555757522583008,61.27277374267578,63.02608108520508,17.711917877197266,87.87999725341797,14.841371536254883
2009-04-14,61.81317901611328,23.849668502807617,19.242813110351562,61.593116760253906,63.35019302368164,17.39065170288086,87.37000274658203,13.582101821899414
2009-04-15,62.472721099853516,24.163171768188477,19.520994186401367,61.486297607421875,63.40965270996094,17.280746459960938,87.5,14.761417388916016
2009-04-16,63.38872528076172,24.31696891784668,19.687891006469727,60.99989700317383,63.1583366394043,17.20465660095215,85.80999755859375,15.25612735748291
2009-04-17,63.81380844116211,24.234153747558594,19.54880142211914,60.32954025268555,62.649192810058594,17.07784080505371,85.22000122070312,15.53096866607666
2009-04-20,61.13896560668945,23.240413665771484,18.596050262451172,61.243099212646484,63.08558654785156,16.435306549072266,86.94999694824219,13.931902885437012
2009-04-21,62.333465576171875,23.772775650024414,18.992450714111328,60.638004302978516,62.840946197509766,16.494487762451172,86.88999938964844,15.166182518005371
2009-04-22,61.95240020751953,23.583498001098633,18.832504272460938,60.27024841308594,62.688880920410156,16.519851684570312,87.37999725341797,14.636492729187012
2009-04-23,62.56064224243164,24.175004959106445,19.124584197998047,60.26430892944336,62.67562484741211,16.739662170410156,88.80000305175781,15.296113014221191
2009-04-24,63.505985260009766,24.54765510559082,19.4862117767334,59.659202575683594,62.43092346191406,16.993295669555664,89.72000122070312,16.02068519592285
2009-04-27,62.90508270263672,24.2578182220459,18.832504272460938,59.91434860229492,62.688880920410156,16.57057762145996,89.01000213623047,15.06124496459961
2009-04-28,62.707237243652344,24.027122497558594,18.76991081237793,58.93552017211914,62.38465881347656,16.452213287353516,87.75,15.261130332946777
2009-04-29,64.04094696044922,24.642301559448242,19.757442474365234,58.413490295410156,62.04743957519531,16.83266258239746,88.33000183105469,15.92574691772461
2009-04-30,64.06289672851562,24.796077728271484,19.93824577331543,58.18210220336914,61.94162368774414,16.891843795776367,87.2699966430664,15.855782508850098
2009-05-01,64.40738677978516,25.085927963256836,20.230331420898438,57.781673431396484,61.74258804321289,17.399106979370117,86.94999694824219,15.336089134216309
2009-05-04,66.59847259521484,26.126981735229492,21.628164291381836,57.972084045410156,61.8023681640625,17.737279891967773,88.63999938964844,16.6003475189209
2009-05-05,66.37129211425781,25.866722106933594,21.43345069885254,57.900657653808594,61.789085388183594,17.48365020751953,88.25,15.980705261230469
2009-05-06,67.52183532714844,26.49371910095215,21.80202865600586,57.763885498046875,61.81557083129883,17.948638916015625,89.54000091552734,16.59035873413086
2009-05-07,66.5838623046875,26.050085067749023,21.259584426879883,56.353641510009766,61.29821014404297,17.98245620727539,89.44000244140625,15.640907287597656
2009-05-08,68.13740539550781,27.179868698120117,21.968929290771484,56.49052810668945,61.371212005615234,18.430538177490234,89.9800033569336,16.685298919677734
2009-05-11,66.86231994628906,26.487810134887695,21.454303741455078,57.29378890991211,61.94826889038086,18.278362274169922,89.69000244140625,16.05068016052246
2009-05-12,66.6644515991211,26.771739959716797,21.607297897338867,57.50204086303711,61.908447265625,18.464357376098633,90.69999694824219,16.00568962097168
2009-05-13,64.98627471923828,25.860811233520508,20.814502716064453,58.126808166503906,62.193641662597656,18.25299644470215,91.08999633789062,14.956307411193848
2009-05-14,65.54322814941406,26.115154266357422,21.113542556762695,58.35292053222656,62.20024490356445,18.371360778808594,91.02999877929688,15.311098098754883
2009-05-15,65.00829315185547,25.878549575805664,20.918819427490234,58.335079193115234,62.047786712646484,17.906368255615234,91.55000305175781,14.796394348144531
2009-05-18,66.85497283935547,26.86637306213379,22.080202102661133,57.430625915527344,61.68289566040039,18.37981414794922,90.36000061035156,15.985706329345703
2009-05-19,66.77438354492188,27.108888626098633,22.33055877685547,57.12712478637695,61.59672164916992,18.37981414794922,90.95999908447266,15.680887222290039
2009-05-20,66.32732391357422,27.286344528198242,22.40010643005371,57.72816848754883,61.789085388183594,18.675718307495117,92.25,15.55595874786377
2009-05-21,65.37467956542969,27.07931900024414,21.982847213745117,56.27635192871094,61.11256790161133,18.52353858947754,93.8499984741211,15.600929260253906
2009-05-22,65.2354507446289,27.233112335205078,22.080202102661133,55.65153121948242,60.75440216064453,18.794076919555664,94.1500015258789,15.216154098510742
2009-05-26,66.90626525878906,27.77729034423828,22.344467163085938,54.812583923339844,60.34978485107422,18.83635139465332,93.76000213623047,16.120628356933594
2009-05-27,65.71178436279297,27.239023208618164,22.0871524810791,53.84269332885742,59.666629791259766,18.9208927154541,93.44999694824219,15.53597354888916
2009-05-28,66.62781524658203,27.51703453063965,22.768688201904297,54.62214660644531,59.97840881347656,19.26752281188965,94.23999786376953,15.75084400177002
2009-05-29,67.80764770507812,28.067134857177734,23.116409301757812,56.0323600769043,60.6548957824707,19.639514923095703,96.19999694824219,16.270540237426758
2009-06-01,69.44915771484375,28.75920867919922,24.09002685546875,54.375816345214844,59.66500473022461,20.18059539794922,95.7300033569336,17.10505485534668
2009-06-02,69.50779724121094,29.00763702392578,23.7423038482666,54.66830062866211,59.86461639404297,20.265138626098633,96.36000061035156,16.750259399414062
2009-06-03,68.62835693359375,28.14402961730957,22.90082359313965,55.181705474853516,60.23043441772461,19.588788986206055,94.41000366210938,16.720279693603516
2009-06-04,69.27326202392578,28.32148551940918,23.325042724609375,54.041568756103516,59.53197479248047,20.30741310119629,96.2300033569336,17.254961013793945
2009-06-05,69.28790283203125,27.97249412536621,23.37371826171875,53.629638671875,58.939903259277344,20.1975040435791,93.70999908447266,17.209985733032227
2009-06-08,69.00213623046875,27.913349151611328,23.012094497680664,53.49232864379883,58.640567779541016,20.146778106689453,93.55999755859375,16.895185470581055
2009-06-09,69.35388946533203,28.256420135498047,23.053815841674805,53.48637771606445,58.893333435058594,20.34122657775879,93.83000183105469,16.895185470581055
2009-06-10,69.17800903320312,28.309659957885742,23.345897674560547,52.64470672607422,58.54072952270508,20.265138626098633,93.86000061035156,16.6003475189209
2009-06-11,69.48578643798828,28.79469871520996,23.84661293029785,53.22968673706055,58.939903259277344,20.451135635375977,93.69999694824219,16.260555267333984
2009-06-12,69.67632293701172,28.64681053161621,23.46413230895996,53.70724105834961,59.252586364746094,20.163686752319336,92.16999816894531,16.850208282470703
2009-06-15,68.07875061035156,27.617582321166992,22.622642517089844,54.19082260131836,59.5186882019043,19.774784088134766,91.0999984741211,16.05068016052246
2009-06-16,67.1554183959961,27.298173904418945,22.281879425048828,55.13394546508789,59.85128402709961,19.698694229125977,91.93000030517578,15.755842208862305
2009-06-17,67.0895004272461,27.37506866455078,22.031524658203125,54.823543548583984,59.691627502441406,19.757877349853516,92.3499984741211,15.456019401550293
2009-06-18,67.58043670654297,27.327754974365234,21.968929290771484,53.993778228759766,58.96651077270508,19.783241271972656,91.61000061035156,15.560956001281738
2009-06-19,67.8295669555664,27.759552001953125,22.080202102661133,54.734012603759766,59.239280700683594,19.614152908325195,91.9000015258789,15.715864181518555
2009-06-22,65.79554748535156,26.86637306213379,21.28044891357422,55.2652473449707,59.55862808227539,18.9547119140625,90.54000091552734,14.89633846282959
2009-06-23,65.84713745117188,27.219758987426758,21.418567657470703,55.91594314575195,59.751487731933594,19.2844295501709,90.91999816894531,15.006275177001953
2009-06-24,66.41458129882812,27.243913650512695,21.8883056640625,55.35485076904297,59.525333404541016,19.275976181030273,91.44999694824219,15.33388900756836
2009-06-25,67.8590316772461,27.817798614501953,22.540325164794922,56.36964416503906,60.27037811279297,19.445064544677734,92.30999755859375,15.5370454788208
2009-06-26,67.68215942382812,27.763418197631836,22.65951156616211,56.46513366699219,60.35023498535156,19.2844295501709,92.29000091552734,15.669097900390625
2009-06-29,68.31591796875,27.999021530151367,22.827774047851562,56.548709869384766,60.47661209106445,19.470428466796875,92.04000091552734,15.658945083618164
2009-06-30,67.76319885253906,27.672813415527344,22.596406936645508,56.453208923339844,60.31694793701172,19.12380027770996,91.18000030517578,15.750367164611816
2009-07-01,68.04326629638672,28.131908416748047,23.01005744934082,56.34121322631836,60.27826690673828,19.047710418701172,92.38999938964844,16.02464485168457
2009-07-02,66.18609619140625,27.322452545166016,22.379070281982422,56.47299575805664,60.47843933105469,18.62499237060547,91.25,15.176427841186523
2009-07-06,66.17876434326172,27.35869789123535,22.329992294311523,56.365142822265625,60.518436431884766,18.067001342773438,90.76000213623047,15.557361602783203
2009-07-07,64.89642333984375,26.6942138671875,21.804170608520508,56.74251174926758,60.75859832763672,17.779552459716797,90.70999908447266,14.952949523925781
2009-07-08,64.85225677490234,26.585479736328125,21.551774978637695,57.79043960571289,61.45902633666992,17.55974006652832,89.2699966430664,14.810735702514648
2009-07-09,64.97754669189453,26.91167449951172,21.937379837036133,57.10179901123047,61.098793029785156,17.669645309448242,89.51000213623047,14.531379699707031
2009-07-10,64.82274627685547,26.597553253173828,21.67797088623047,57.6287841796875,61.47902297973633,17.53437614440918,89.58000183105469,14.511061668395996
2009-07-13,66.39985656738281,27.062702178955078,21.83221435546875,57.30537796020508,61.25888442993164,17.627376556396484,90.19000244140625,15.059601783752441
2009-07-14,66.77572631835938,27.20768165588379,22.070587158203125,56.35316467285156,60.851993560791016,17.627376556396484,90.80999755859375,15.242461204528809
2009-07-15,68.72864532470703,28.137956619262695,23.255441665649414,54.90391540527344,60.064823150634766,18.092363357543945,92.23999786376953,15.806241989135742
2009-07-16,68.61809539794922,28.385623931884766,23.29750633239746,55.49681091308594,60.425052642822266,18.13463592529297,91.9800033569336,15.989084243774414
2009-07-17,69.36978912353516,28.28293228149414,23.53587532043457,54.640438079833984,60.01811218261719,18.40517807006836,91.93000030517578,15.562437057495117
2009-07-20,70.10675048828125,28.832645416259766,24.377197265625,54.92789077758789,60.23826217651367,18.70953369140625,93.27999877929688,16.110984802246094
2009-07-21,70.43098449707031,29.01386260986328,24.30708885192871,56.0238151550293,60.91203308105469,18.64189910888672,93.12999725341797,16.065279006958008
2009-07-22,70.4162826538086,29.086353302001953,24.251005172729492,55.520774841308594,60.551780700683594,18.743350982666016,93.44000244140625,16.085588455200195
2009-07-23,71.97126770019531,29.575654983520508,24.938077926635742,54.502685546875,59.9647216796875,19.132253646850586,93.26000213623047,16.72555923461914
2009-07-24,72.26602172851562,29.75689125061035,24.818891525268555,54.76618194580078,60.091487884521484,19.1491641998291,93.41000366210938,16.842378616333008
2009-07-27,72.47974395751953,29.787090301513672,25.036231994628906,54.13742446899414,59.811302185058594,19.225250244140625,93.70999908447266,17.086183547973633
2009-07-28,72.14076232910156,29.660226821899414,24.924049377441406,54.616512298583984,59.931373596191406,19.013891220092773,92.11000061035156,17.07094383239746
2009-07-29,71.96389770507812,29.41860580444336,24.36318016052246,54.91592025756836,59.97136688232422,18.52353858947754,91.19999694824219,16.857622146606445
2009-07-30,72.715576171875,29.992477416992188,24.966121673583984,55.694435119628906,60.2115364074707,19.09843635559082,91.62000274658203,17.462038040161133
2009-07-31,72.81874084472656,30.451581954956055,25.085308074951172,56.77838134765625,60.81861114501953,19.4788818359375,93.3499984741211,17.446792602539062
2009-08-03,74.02001190185547,31.158340454101562,26.024776458740234,55.91790771484375,60.17226028442383,20.028417587280273,93.87000274658203,17.761707305908203
2009-08-04,74.21159362792969,31.110013961791992,25.786401748657227,55.4732551574707,59.9984016418457,20.03687286376953,94.68000030517578,18.731813430786133
2009-08-05,73.99787902832031,30.983169555664062,25.569068908691406,54.64406967163086,59.657169342041016,20.24822998046875,94.77999877929688,19.447973251342773
2009-08-06,73.61465454101562,30.789859771728516,25.358739852905273,54.83030319213867,59.657169342041016,19.783241271972656,94.5999984741211,19.300682067871094
2009-08-07,74.58007049560547,30.759647369384766,25.611135482788086,54.37366485595703,59.2624397277832,19.690242767333984,93.75,20.377450942993164
2009-08-10,74.42532348632812,30.572391510009766,25.32367706298828,55.05265426635742,59.64380645751953,19.681787490844727,92.93000030517578,19.940649032592773
2009-08-11,73.49671936035156,30.39720344543457,24.846939086914062,55.68959426879883,60.0586051940918,19.38588523864746,92.79000091552734,19.36162757873535
2009-08-12,74.28529357910156,30.74152946472168,25.071287155151367,55.09476089477539,59.89132308959961,19.487335205078125,92.94999694824219,19.503841400146484
2009-08-13,74.85276794433594,31.21271514892578,25.505966186523438,55.875892639160156,60.35963439941406,19.749422073364258,93.72000122070312,19.605432510375977
2009-08-14,74.27794647216797,30.946929931640625,25.043235778808594,56.0921745300293,60.547000885009766,19.19143295288086,93.0,19.442895889282227
2009-08-17,72.45024871826172,29.95018768310547,24.061704635620117,56.92137908935547,60.96181106567383,18.90398597717285,91.61000061035156,18.406747817993164
2009-08-18,73.02511596679688,30.46969223022461,24.587528228759766,56.59088897705078,60.74772644042969,19.275976181030273,92.05999755859375,18.589601516723633
2009-08-19,73.666259765625,30.729450225830078,24.650625228881836,57.05957794189453,60.97515869140625,19.411245346069336,92.52999877929688,18.44230842590332
2009-08-20,74.42532348632812,30.946929931640625,25.07830238342285,57.52827072143555,61.135711669921875,19.2506160736084,92.2699966430664,19.178775787353516
2009-08-21,75.8844985961914,31.623491287231445,25.456893920898438,56.34451675415039,60.513492584228516,19.394336700439453,93.6500015258789,19.681612014770508
2009-08-24,75.87711334228516,31.617441177368164,25.569068908691406,57.36603546142578,60.88818359375,19.42815589904785,92.33999633789062,19.615585327148438
2009-08-25,76.02452850341797,31.931568145751953,25.512981414794922,57.69050598144531,61.04874038696289,19.1491641998291,92.76000213623047,19.833982467651367
2009-08-26,76.03186798095703,31.79865837097168,25.435861587524414,57.95491027832031,61.1290168762207,19.09843635559082,92.79000091552734,19.894935607910156
2009-08-27,76.20137786865234,32.0402946472168,25.38678550720215,57.72658157348633,60.96181106567383,19.259069442749023,93.19000244140625,20.087942123413086
2009-08-28,76.18665313720703,32.05842971801758,25.253564834594727,57.99094772338867,61.10224533081055,19.216794967651367,93.87000274658203,20.26571273803711
2009-08-31,75.50865173339844,31.822843551635742,24.755796432495117,58.0450439453125,61.28288650512695,18.692625045776367,93.4000015258789,19.945724487304688
2009-09-01,73.84313201904297,31.0314884185791,24.286062240600586,57.90457534790039,61.441890716552734,18.40517807006836,93.9000015258789,18.87911033630371
2009-09-02,73.56310272216797,30.995241165161133,24.545469284057617,58.748558044433594,61.77742004394531,18.44744873046875,96.19000244140625,18.4981689453125
2009-09-03,74.17475891113281,31.23688316345215,25.036231994628906,58.38676452636719,61.55597686767578,18.354448318481445,97.45999908447266,18.86895179748535
2009-09-04,75.21385955810547,31.714107513427734,25.520002365112305,57.392208099365234,61.18696975708008,18.278362274169922,97.52999877929688,19.087358474731445
2009-09-08,75.86238098144531,32.34233856201172,26.045812606811523,56.98835754394531,61.04610061645508,18.61653709411621,97.43000030517578,19.752717971801758
2009-09-09,76.44456481933594,32.74102783203125,26.186037063598633,56.922027587890625,61.09978485107422,18.692625045776367,97.08000183105469,20.13873291015625
2009-09-10,77.22576904296875,33.03098678588867,26.529577255249023,57.97090530395508,61.55597686767578,18.794076919555664,97.69999694824219,20.438405990600586
2009-09-11,77.21101379394531,32.98870849609375,26.543594360351562,58.29035186767578,61.737159729003906,18.54890251159668,98.77999877929688,20.402847290039062
2009-09-14,77.58684539794922,33.05516052246094,26.445444107055664,57.711708068847656,61.37487030029297,18.44744873046875,97.95999908447266,21.007259368896484
2009-09-15,77.9111328125,33.061187744140625,26.76093864440918,57.41630554199219,61.24738693237305,18.878623962402344,98.9000015258789,21.342493057250977
2009-09-16,79.09025573730469,33.71360397338867,27.433982849121094,57.51876449584961,61.20036697387695,19.12380027770996,99.91000366210938,22.21101951599121
2009-09-17,78.97236633300781,33.49613571166992,27.286758422851562,58.24216079711914,61.50230407714844,19.132253646850586,99.33999633789062,22.114511489868164
2009-09-18,79.02268981933594,33.58673858642578,27.36388397216797,57.7237548828125,61.17356872558594,18.963165283203125,98.66999816894531,22.14498519897461
2009-09-21,78.82276153564453,33.23033905029297,27.12550926208496,57.85634994506836,61.13332748413086,18.54890251159668,98.36000061035156,21.799610137939453
2009-09-22,79.28184509277344,33.68942642211914,27.539161682128906,57.97692108154297,61.29431915283203,18.85325813293457,99.66999816894531,22.490373611450195
2009-09-23,78.62285614013672,33.39947509765625,27.12550926208496,58.15177536010742,61.42849349975586,18.430538177490234,98.83000183105469,21.677705764770508
2009-09-24,77.75650787353516,32.91017532348633,26.592676162719727,58.32053756713867,61.596221923828125,18.193815231323242,97.55000305175781,20.886268615722656
2009-09-25,77.34185791015625,32.771240234375,26.704851150512695,59.061988830566406,61.84445571899414,18.050092697143555,97.0,20.952943801879883
2009-09-28,78.72650146484375,33.21825408935547,27.048385620117188,59.580352783203125,61.9517707824707,18.21072769165039,97.05000305175781,21.81978988647461
2009-09-29,78.48957061767578,33.01890182495117,27.111474990844727,59.5261344909668,61.92501449584961,18.14308738708496,97.43000030517578,21.46586799621582
2009-09-30,78.18595123291016,33.03098678588867,27.279748916625977,59.471839904785156,61.97195816040039,18.650354385375977,98.8499984741211,21.26070213317871
2009-10-01,76.2459487915039,32.16715621948242,26.536582946777344,60.28636169433594,62.438175201416016,18.531991958618164,97.88999938964844,20.306669235229492
2009-10-02,75.89051055908203,31.810754776000977,26.543594360351562,59.869136810302734,62.411251068115234,18.345996856689453,98.37000274658203,20.163053512573242
2009-10-05,77.02342224121094,32.26984786987305,27.160564422607422,59.87520217895508,62.40455627441406,18.937801361083984,99.81999969482422,20.717010498046875
2009-10-06,78.12676239013672,32.81351852416992,27.60926628112793,59.2825927734375,62.20266342163086,18.70953369140625,102.27999877929688,20.66057777404785
2009-10-07,78.34146118164062,32.93433380126953,27.581222534179688,59.977989196777344,62.59961700439453,18.743350982666016,102.36000061035156,20.64519691467285
2009-10-08,78.94124603271484,33.41156005859375,27.917743682861328,59.3491325378418,62.37092590332031,19.115346908569336,103.63999938964844,21.040143966674805
2009-10-09,79.42256164550781,33.32698440551758,27.938779830932617,57.98857498168945,61.77213668823242,19.19143295288086,102.83999633789062,21.219675064086914
2009-10-12,79.73352813720703,33.52633285522461,28.170143127441406,58.07929992675781,61.95378875732422,19.58033561706543,103.55999755859375,21.18889617919922
2009-10-13,79.57064819335938,33.45383834838867,28.219223022460938,58.38162612915039,62.09511184692383,19.80014991760254,104.26000213623047,20.89139175415039
2009-10-14,80.94046020507812,34.257266998291016,29.130643844604492,57.51698303222656,61.671226501464844,19.952327728271484,104.18000030517578,21.655658721923828
2009-10-15,81.2367172241211,34.41432189941406,28.969396591186523,57.25092697143555,61.469383239746094,20.15523338317871,102.86000061035156,21.47100257873535
2009-10-16,80.62950897216797,33.89482116699219,28.569765090942383,57.716487884521484,61.751949310302734,20.205957412719727,103.18000030517578,20.90678596496582
2009-10-19,81.29595947265625,34.43849563598633,29.116634368896484,58.16997528076172,61.84611129760742,20.493410110473633,104.2300033569336,21.358154296875
2009-10-20,80.86647033691406,34.257266998291016,28.731021881103516,58.48442840576172,61.98740768432617,20.366592407226562,103.41999816894531,20.963205337524414
2009-10-21,80.14082336425781,34.14249801635742,28.576778411865234,58.13370895385742,61.84611129760742,20.79776382446289,103.75,20.69648551940918
2009-10-22,80.95531463623047,34.47473907470703,28.815155029296875,57.8494987487793,61.664512634277344,20.96685028076172,103.91999816894531,21.24018096923828
2009-10-23,80.02974700927734,33.93106460571289,28.576778411865234,57.414093017578125,61.36177444458008,20.89076042175293,103.48999786376953,20.988853454589844
2009-10-26,79.16338348388672,33.4175910949707,28.219223022460938,56.670345306396484,61.011871337890625,20.510316848754883,101.86000061035156,20.93756103515625
2009-10-27,78.800537109375,33.15180969238281,27.72845458984375,57.44437026977539,61.53672790527344,20.366592407226562,101.8499984741211,20.63494110107422
2009-10-28,77.31220245361328,32.35441207885742,26.459457397460938,57.716487884521484,61.72507095336914,19.842418670654297,100.7300033569336,19.768089294433594
2009-10-29,78.97085571289062,33.30886459350586,27.630300521850586,57.08760452270508,61.42902374267578,20.459590911865234,102.69000244140625,20.670841217041016
2009-10-30,76.68282318115234,32.19736862182617,26.340282440185547,57.9160270690918,61.88646697998047,19.94387435913086,102.52999877929688,20.31179428100586
2009-11-02,77.24556732177734,32.5114860534668,26.732894897460938,57.66007614135742,61.72369384765625,20.290502548217773,103.94999694824219,20.306669235229492
2009-11-03,77.48992156982422,32.384620666503906,26.774959564208984,57.08370590209961,61.58119583129883,20.577953338623047,106.45999908447266,20.60416030883789
2009-11-04,77.6898422241211,32.71082305908203,27.272733688354492,56.56205368041992,61.411590576171875,20.56104278564453,107.0999984741211,20.163053512573242
2009-11-05,79.11895751953125,33.1336784362793,27.8336181640625,56.56205368041992,61.425140380859375,20.451135635375977,106.9800033569336,20.619558334350586
2009-11-06,79.32627868652344,33.23033905029297,27.798561096191406,56.61664962768555,61.608367919921875,20.087596893310547,107.43000030517578,20.2810115814209
2009-11-09,81.13301086425781,34.160614013671875,28.822166442871094,56.68336868286133,61.635501861572266,20.41731834411621,108.19000244140625,21.281217575073242
2009-11-10,81.14784240722656,33.97939682006836,28.68895149230957,56.5802001953125,61.68295669555664,20.315866470336914,108.38999938964844,21.122209548950195
2009-11-11,81.56250762939453,34.082088470458984,28.934349060058594,56.816810607910156,61.859375,20.451135635375977,109.5999984741211,21.517168045043945
2009-11-12,80.73316192626953,33.58673858642578,28.289339065551758,56.713661193847656,61.879730224609375,20.146778106689453,108.20999908447266,21.296607971191406
2009-11-13,81.17003631591797,34.057918548583984,28.773082733154297,56.974552154541016,61.92723083496094,20.129871368408203,109.73999786376953,21.583843231201172
2009-11-16,82.34737396240234,34.60158920288086,29.495220184326172,57.64181137084961,62.2596321105957,20.713220596313477,111.62999725341797,22.107027053833008
2009-11-17,82.44367980957031,34.37204360961914,29.39005470275879,57.951210021972656,62.39527893066406,20.814674377441406,111.97000122070312,21.722333908081055
2009-11-18,82.39183044433594,34.263309478759766,29.15869903564453,57.61149978637695,62.23930358886719,20.831581115722656,112.25,22.117284774780273
2009-11-19,81.31813049316406,33.616947174072266,28.61884307861328,57.714603424072266,62.31395721435547,20.53567886352539,112.30000305175781,21.6094970703125
2009-11-20,81.02935791015625,33.4296760559082,28.499656677246094,57.702537536621094,62.30707931518555,20.510316848754883,112.94000244140625,21.455615997314453
2009-11-23,82.05864715576172,34.027713775634766,29.09558868408203,57.629695892333984,62.21894454956055,20.603317260742188,114.29000091552734,21.727466583251953
2009-11-24,82.1844711303711,33.888790130615234,28.934349060058594,57.99367141723633,62.537803649902344,20.366592407226562,114.7300033569336,21.40431785583496
2009-11-25,82.47329711914062,34.34183120727539,29.27086639404297,58.260597229003906,62.748085021972656,20.856945037841797,116.62000274658203,21.491527557373047
2009-11-27,81.13301086425781,33.35114288330078,28.135086059570312,58.47895431518555,63.033058166503906,20.620222091674805,115.05999755859375,20.865751266479492
2009-11-30,81.40702056884766,33.459896087646484,28.40851402282715,58.618492126464844,63.13478088378906,20.848491668701172,115.63999938964844,21.64539909362793
2009-12-01,82.41404724121094,34.37808609008789,29.221792221069336,57.965492248535156,62.7866325378418,21.000669479370117,117.37999725341797,21.963407516479492
2009-12-02,82.37703704833984,34.432456970214844,29.340974807739258,58.014190673828125,62.65746307373047,20.856945037841797,119.18000030517578,22.32245445251465
2009-12-03,81.73279571533203,34.353919982910156,29.067548751831055,57.411685943603516,62.36513137817383,20.84003448486328,118.69999694824219,22.071125030517578
2009-12-04,82.19929504394531,34.23310089111328,29.333965301513672,56.80312728881836,61.90277099609375,20.67095184326172,113.75,22.7225284576416
2009-12-07,82.07341766357422,34.04583740234375,29.081581115722656,56.87618637084961,62.072750091552734,20.484954833984375,113.11000061035156,22.245521545410156
2009-12-08,81.16265106201172,33.45383834838867,28.541728973388672,56.961387634277344,62.29035568237305,20.282047271728516,110.94999694824219,22.117284774780273
2009-12-09,81.46622467041016,33.41156005859375,28.717004776000977,56.69974136352539,62.16794204711914,20.028417587280273,110.83999633789062,22.071125030517578
2009-12-10,81.92533111572266,33.514259338378906,28.8852596282959,56.04851150512695,61.957149505615234,19.918508529663086,110.81999969482422,21.983924865722656
2009-12-11,82.27336883544922,33.50216293334961,28.99042510986328,56.04247283935547,61.65113830566406,20.01996421813965,109.31999969482422,22.33784294128418
2009-12-14,82.83612060546875,33.82836151123047,29.186737060546875,56.10942840576172,61.65113830566406,20.129871368408203,110.23999786376953,22.743053436279297
2009-12-15,82.45105743408203,33.45383834838867,28.8852596282959,55.859928131103516,61.453983306884766,20.03687286376953,110.20999908447266,22.51736831665039
2009-12-16,82.5769271850586,33.84648895263672,29.053518295288086,55.79291915893555,61.453983306884766,20.383502960205078,111.58999633789062,22.681507110595703
2009-12-17,81.584716796875,33.04912567138672,28.219223022460938,56.71190643310547,61.9979133605957,20.07068634033203,107.33999633789062,22.54300880432129
2009-12-18,82.04627227783203,33.12763977050781,28.296340942382812,56.46845626831055,61.69195556640625,20.15523338317871,108.94999694824219,22.69175148010254
2009-12-21,82.88006591796875,33.22429656982422,28.26128387451172,55.464324951171875,61.059593200683594,19.960783004760742,106.94999694824219,22.9995059967041
2009-12-22,83.1778564453125,33.435203552246094,28.54611587524414,55.1539306640625,60.78760528564453,20.104507446289062,106.16999816894531,23.24059295654297
2009-12-23,83.34161376953125,33.739994049072266,28.82881736755371,55.16616439819336,60.76039505004883,20.459590911865234,106.55000305175781,23.51755142211914
2009-12-24,83.7361831665039,33.874107360839844,29.11858367919922,54.5941276550293,60.54289245605469,20.577953338623047,108.36000061035156,23.857351303100586
2009-12-28,83.9148941040039,34.02040100097656,29.217531204223633,54.44194030761719,60.3796501159668,20.941490173339844,108.55000305175781,23.971649169921875
2009-12-29,83.79573822021484,34.07527160644531,29.112903594970703,54.801090240478516,60.539031982421875,20.899215698242188,107.47000122070312,23.6131591796875
2009-12-30,83.7659683227539,33.93505096435547,29.24015998840332,55.16138458251953,60.64805221557617,20.87385368347168,106.93000030517578,23.649534225463867
2009-12-31,82.96197509765625,33.697330474853516,29.33912467956543,54.89877700805664,60.355159759521484,20.814674377441406,107.30999755859375,23.244285583496094
2010-01-04,84.36893463134766,34.581207275390625,30.19456672668457,54.84992218017578,60.505001068115234,21.33884620666504,109.80000305175781,23.14558219909668
2010-01-05,84.59232330322266,34.61168670654297,30.413724899291992,55.20411682128906,60.77070999145508,21.36421012878418,109.69999694824219,23.11960220336914
2010-01-06,84.6518783569336,34.75797653198242,30.47735023498535,54.46515655517578,60.52541732788086,21.744653701782227,111.51000213623047,23.078039169311523
2010-01-07,85.00920104980469,34.623878479003906,30.300601959228516,54.556758880615234,60.52541732788086,21.4741153717041,110.81999969482422,23.32741928100586
2010-01-08,85.2920913696289,34.89818572998047,30.540973663330078,54.53229904174805,60.60033416748047,21.45720672607422,111.37000274658203,23.15596580505371
2010-01-11,85.41120147705078,35.1846923828125,30.47735023498535,54.233089447021484,60.64128494262695,21.389570236206055,112.8499984741211,23.291044235229492
2010-01-12,84.6146469116211,34.770172119140625,29.989540100097656,55.16138458251953,61.077213287353516,20.933034896850586,110.48999786376953,22.901399612426758
2010-01-13,85.32929992675781,35.062774658203125,30.081449508666992,54.520145416259766,60.784324645996094,20.949939727783203,111.54000091552734,23.363780975341797
2010-01-14,85.56013488769531,35.33098602294922,30.003681182861328,55.28350830078125,61.07036590576172,20.84003448486328,112.02999877929688,23.34300422668457
2010-01-15,84.59974670410156,34.776268005371094,29.657268524169922,55.62551498413086,61.34286880493164,20.603317260742188,110.86000061035156,23.16635513305664
2010-01-19,85.65689849853516,35.11763000488281,30.25819206237793,55.466773986816406,61.233890533447266,20.738584518432617,111.5199966430664,23.639150619506836
2010-01-20,84.78585052490234,34.221553802490234,29.530014038085938,56.028629302978516,61.44506072998047,20.349681854248047,108.94000244140625,23.374181747436523
2010-01-21,83.1555404663086,33.49007797241211,28.639225006103516,56.28511047363281,61.66985321044922,20.096050262451172,107.37000274658203,22.703962326049805
2010-01-22,81.30186462402344,32.83781814575195,28.002973556518555,56.18741226196289,61.72438430786133,19.884693145751953,107.16999816894531,22.13246726989746
2010-01-25,81.7187271118164,33.24013137817383,28.207983016967773,55.93093490600586,61.58809280395508,19.977689743041992,107.4800033569336,22.288333892822266
2010-01-26,81.376220703125,33.05118179321289,27.621206283569336,55.9492301940918,61.710716247558594,19.757877349853516,107.55999755859375,22.080520629882812
2010-01-27,81.76335906982422,33.01460647583008,27.550506591796875,55.91865921020508,61.56766128540039,19.470428466796875,106.52999877929688,22.2779483795166
2010-01-28,80.82537841796875,32.459877014160156,27.359634399414062,55.88816452026367,61.54725646972656,19.402793884277344,106.4800033569336,22.08571434020996
2010-01-29,79.94692993164062,31.990522384643555,27.062698364257812,56.37676239013672,61.785640716552734,19.182979583740234,105.95999908447266,21.961023330688477
2010-02-01,81.1901626586914,32.57571029663086,27.790882110595703,55.864994049072266,61.57380294799805,19.647968292236328,108.3499984741211,22.36107063293457
2010-02-02,82.17282104492188,33.11822509765625,28.017107009887695,56.02431106567383,61.676292419433594,20.07068634033203,109.12999725341797,22.66759490966797
2010-02-03,81.76335906982422,32.77077102661133,27.854503631591797,55.37464904785156,61.38242721557617,19.82551383972168,108.69999694824219,22.29872703552246
2010-02-04,79.23968505859375,31.435802459716797,26.596097946166992,56.25109100341797,61.88814163208008,19.166072845458984,104.37000274658203,21.472660064697266
2010-02-05,79.4034652709961,31.380931854248047,26.29917335510254,56.37367630004883,62.086456298828125,18.9208927154541,104.68000030517578,21.86750602722168
2010-02-08,78.8302230834961,30.75916862487793,26.037601470947266,56.44718933105469,62.031707763671875,18.92934799194336,104.04000091552734,21.389522552490234
2010-02-09,79.82037353515625,31.728397369384766,26.885955810546875,55.88335418701172,61.696754455566406,19.26752281188965,105.41000366210938,21.32198715209961
2010-02-10,79.66401672363281,31.527233123779297,26.815256118774414,55.35011291503906,61.52590560913086,19.343610763549805,105.12000274658203,21.36355209350586
2010-02-11,80.497802734375,31.81983184814453,27.522232055664062,55.0498161315918,61.4508056640625,19.57187843322754,107.12999725341797,21.566165924072266
2010-02-12,80.43079376220703,31.545520782470703,27.17581558227539,55.27662658691406,61.59430694580078,19.461971282958984,107.04000091552734,21.82075309753418
2010-02-16,81.69640350341797,32.24654006958008,27.875715255737305,55.38081741333008,61.731014251708984,20.053781509399414,109.62000274658203,22.438997268676758
2010-02-17,82.08348846435547,32.28919982910156,27.97469139099121,54.74949645996094,61.402931213378906,19.952327728271484,109.25,22.641618728637695
2010-02-18,82.56742095947266,32.47207260131836,28.080734252929688,54.528865814208984,61.184207916259766,20.129871368408203,109.9800033569336,22.979326248168945
2010-02-19,82.73860168457031,32.27091598510742,27.840364456176758,54.82306671142578,61.218441009521484,20.24822998046875,109.47000122070312,22.99490737915039
2010-02-22,82.75349426269531,32.33188247680664,27.875715255737305,54.596290588378906,61.1705207824707,20.138324737548828,109.06999969482422,23.05206298828125
2010-02-23,81.74851989746094,31.874698638916016,27.23237419128418,55.4482421875,61.635276794433594,19.80860137939453,107.88999938964844,22.875411987304688
2010-02-24,82.50041961669922,32.07585525512695,27.493955612182617,55.583045959472656,61.669490814208984,19.969236373901367,107.36000061035156,23.109203338623047
2010-02-25,82.38871765136719,31.880794525146484,27.267723083496094,55.89564514160156,61.89503860473633,19.631057739257812,108.30999755859375,23.197526931762695
2010-02-26,82.44083404541016,32.07585525512695,27.54343032836914,56.18368911743164,61.990684509277344,19.977689743041992,109.43000030517578,23.18714141845703
2010-03-01,83.29698181152344,32.325782775878906,28.010034561157227,56.15909957885742,62.055084228515625,19.774784088134766,109.43000030517578,23.38456153869629
2010-03-02,83.5277099609375,32.56962203979492,28.328176498413086,56.085269927978516,62.08942794799805,19.986143112182617,111.0199966430664,23.39495086669922
2010-03-03,83.60221862792969,32.95973205566406,28.36351776123047,55.94389724731445,62.02774429321289,20.18059539794922,111.62999725341797,23.332603454589844
2010-03-04,83.85530853271484,32.8743896484375,28.215055465698242,56.23900604248047,62.137351989746094,20.003055572509766,110.83000183105469,23.478073120117188
2010-03-05,85.05387115478516,33.51445770263672,28.95029640197754,55.501220703125,61.8426628112793,20.239776611328125,110.80999755859375,24.117122650146484
2010-03-08,85.06878662109375,33.51445770263672,28.971506118774414,55.21223068237305,61.6782112121582,20.214414596557617,109.87999725341797,24.361305236816406
2010-03-09,85.21022033691406,33.435203552246094,29.134113311767578,55.2244873046875,61.83580780029297,19.994598388671875,109.72000122070312,24.41844940185547
2010-03-10,85.58989715576172,33.57540512084961,29.33912467956543,55.08311080932617,61.73299026489258,20.053781509399414,108.47000122070312,24.636667251586914
2010-03-11,85.94721984863281,33.703426361083984,29.346200942993164,55.285987854003906,61.6782112121582,20.003055572509766,108.5999984741211,24.782135009765625
2010-03-12,85.95463562011719,33.92897033691406,29.247217178344727,55.63031768798828,61.774169921875,19.884693145751953,107.94999694824219,24.979557037353516
2010-03-15,85.97701263427734,33.69122314453125,29.035133361816406,55.556541442871094,61.774169921875,19.647968292236328,108.36000061035156,24.92240333557129
2010-03-16,86.66189575195312,34.11792755126953,29.40982437133789,55.999237060546875,62.01398849487305,19.91005516052246,110.4000015258789,25.525081634521484
2010-03-17,87.17557525634766,34.30080032348633,29.72796630859375,56.23900604248047,62.08942794799805,20.087596893310547,109.58999633789062,25.904338836669922
2010-03-18,87.13090515136719,34.09964370727539,29.501737594604492,56.05451965332031,61.9249382019043,20.045324325561523,110.33999633789062,25.764062881469727
2010-03-19,86.68986511230469,33.752193450927734,29.119964599609375,56.109901428222656,61.8426628112793,19.80014991760254,108.27999877929688,25.483518600463867
2010-03-22,87.15331268310547,33.84971237182617,29.22602081298828,56.171390533447266,62.04826736450195,19.80014991760254,107.75,25.805639266967773
2010-03-23,87.76630401611328,34.087459564208984,29.431039810180664,55.90701675415039,61.9180908203125,19.71560287475586,108.31999969482422,25.732891082763672
2010-03-24,87.3402099609375,33.52664566040039,28.99272346496582,54.8863639831543,61.30129623413086,19.495790481567383,106.30000305175781,25.87317657470703
2010-03-25,87.19815826416016,33.508365631103516,28.914953231811523,54.535926818847656,61.07512283325195,19.38588523864746,106.77999877929688,25.936506271362305
2010-03-26,87.14582824707031,33.837520599365234,29.05634117126465,54.689632415771484,61.219032287597656,19.419700622558594,108.58999633789062,25.800403594970703
2010-03-29,87.69900512695312,34.124027252197266,29.579504013061523,54.48056411743164,61.12992477416992,19.859331130981445,108.75,25.87892723083496
2010-03-30,87.7588119506836,34.124027252197266,29.692615509033203,54.652748107910156,61.19163131713867,19.901601791381836,107.97000122070312,25.8422794342041
2010-03-31,87.45980072021484,34.124027252197266,29.777450561523438,55.02779006958008,61.335533142089844,19.884693145751953,108.94999694824219,25.54915428161621
2010-04-01,88.0578384399414,34.72751235961914,30.55512046813965,54.89326477050781,61.208404541015625,20.27359390258789,110.26000213623047,25.680017471313477
2010-04-05,88.77548217773438,34.76407241821289,30.830833435058594,53.979923248291016,60.65861511230469,20.594860076904297,110.88999938964844,26.245336532592773
2010-04-06,88.98477935791016,34.66654586791992,30.92275047302246,54.0662841796875,60.837303161621094,20.577953338623047,111.02999877929688,26.84730339050293
2010-04-07,88.4764175415039,34.42271041870117,30.65408706665039,54.757503509521484,61.21529769897461,20.501861572265625,112.48999786376953,26.255807876586914
2010-04-08,88.78290557861328,34.386138916015625,30.760129928588867,54.782203674316406,61.14655303955078,20.46804428100586,112.6500015258789,26.287208557128906
2010-04-09,89.36598205566406,34.83723831176758,30.951021194458008,54.91176986694336,61.21529769897461,20.510316848754883,113.63999938964844,26.658857345581055
2010-04-12,89.50798034667969,34.946956634521484,30.703580856323242,55.20185089111328,61.380226135253906,20.493410110473633,113.01000213623047,26.49135971069336
2010-04-13,89.57530212402344,34.916473388671875,30.63995361328125,55.380802154541016,61.49705505371094,20.56949806213379,112.69000244140625,27.140419006347656
2010-04-14,90.5919189453125,35.37975311279297,31.092403411865234,54.9919548034668,61.33208084106445,20.80621910095215,113.02999877929688,27.182294845581055
2010-04-15,90.66666412353516,35.35536575317383,30.92275047302246,55.053733825683594,61.43517303466797,20.882308959960938,113.6500015258789,26.439008712768555
2010-04-16,89.22394561767578,34.575111389160156,30.0178279876709,55.45484924316406,61.806339263916016,20.501861572265625,111.23999786376953,25.831823348999023
2010-04-19,89.56034088134766,34.483673095703125,29.897642135620117,55.319061279296875,61.655128479003906,20.239776611328125,111.1500015258789,25.946975708007812
2010-04-20,90.36019897460938,34.697025299072266,30.25113296508789,55.516578674316406,61.68260955810547,20.400407791137695,111.45999908447266,26.386667251586914
2010-04-21,90.19576263427734,34.47148513793945,30.152132034301758,55.97321701049805,61.88193893432617,20.501861572265625,112.30999755859375,26.84730339050293
2010-04-22,90.46482849121094,34.16060256958008,30.27939796447754,55.806636810302734,61.737606048583984,20.552589416503906,111.83999633789062,27.260818481445312
2010-04-23,91.05535888671875,34.416629791259766,30.44200897216797,55.6091423034668,61.565860748291016,20.68785858154297,113.19000244140625,27.621984481811523
2010-04-26,90.71151733398438,34.453208923339844,30.44200897216797,55.670860290527344,61.60697937011719,20.586406707763672,112.75,27.841829299926758
2010-04-27,88.56612396240234,33.0694694519043,29.353271484375,56.45462417602539,62.184356689453125,20.27359390258789,114.62999725341797,26.951976776123047
2010-04-28,89.23892211914062,33.0755615234375,29.600704193115234,55.97321701049805,61.86815643310547,20.34122657775879,114.30999755859375,27.035736083984375
2010-04-29,90.34524536132812,33.587589263916016,30.088520050048828,56.207733154296875,61.971248626708984,20.501861572265625,114.27999877929688,28.255352020263672
2010-04-30,88.81282806396484,33.16699981689453,29.72796630859375,56.85572052001953,62.3492546081543,20.66249656677246,115.36000061035156,27.3759765625
2010-05-03,89.96397399902344,33.40472412109375,29.890567779541016,56.78137969970703,62.18589401245117,20.763948440551758,115.7300033569336,28.286758422851562
2010-05-04,87.8485107421875,32.08195114135742,28.519046783447266,57.80321502685547,62.60639190673828,20.205957412719727,114.87000274658203,27.642927169799805
2010-05-05,87.32524871826172,31.466279983520508,28.002973556518555,58.14380645751953,62.84764862060547,19.749422073364258,115.08999633789062,27.27129364013672
2010-05-06,84.42488861083984,30.064252853393555,26.857677459716797,59.939701080322266,63.53704071044922,19.360519409179688,118.48999786376953,26.151124954223633
2010-05-07,83.16902160644531,29.997203826904297,26.999069213867188,59.190433502197266,63.36469650268555,19.259069442749023,118.2699966430664,25.711421966552734
2010-05-10,86.8318862915039,31.941749572753906,28.943220138549805,57.9642333984375,62.88215255737305,19.631057739257812,117.56999969482422,27.407386779785156
2010-05-11,86.58521270751953,31.423608779907227,28.420076370239258,57.81558609008789,62.95797348022461,19.59724235534668,120.66000366210938,27.569650650024414
2010-05-12,87.79618835449219,31.777164459228516,28.77356719970703,57.37590408325195,62.79939270019531,19.757877349853516,121.4000015258789,28.01456069946289
2010-05-13,86.70479583740234,31.36264991760254,28.504911422729492,57.753658294677734,62.9717903137207,19.588788986206055,120.55999755859375,27.559173583984375
2010-05-14,85.13502502441406,30.472654342651367,27.91813087463379,58.75688552856445,63.37847900390625,19.089982986450195,120.37000274658203,26.68503189086914
2010-05-17,85.17986297607422,30.51534652709961,27.74846076965332,58.54014205932617,63.24057388305664,18.54890251159668,119.36000061035156,26.721670150756836
2010-05-18,84.02123260498047,29.856998443603516,27.168746948242188,59.438106536865234,63.70245361328125,18.52353858947754,119.48999786376953,26.04642677307129
2010-05-19,83.54280090332031,29.97281837463379,26.907167434692383,59.636207580566406,63.75762939453125,18.354448318481445,116.62999725341797,25.805660247802734
2010-05-20,80.38827514648438,28.93044662475586,25.570995330810547,60.893402099609375,64.3780517578125,17.974002838134766,115.83999633789062,24.481351852416992
2010-05-21,81.5618896484375,29.63756561279297,26.398149490356445,60.955326080322266,64.41244506835938,18.159997940063477,115.22000122070312,25.303152084350586
2010-05-24,80.51533508300781,28.9548282623291,26.1224365234375,60.74478530883789,64.41244506835938,18.14308738708496,116.83999633789062,24.73782730102539
2010-05-25,80.59757995605469,28.845111846923828,25.839651107788086,61.04203414916992,64.63308715820312,17.999366760253906,117.36000061035156,24.936738967895508
2010-05-26,80.11168670654297,28.418397903442383,25.82550048828125,60.868595123291016,64.5020980834961,18.193815231323242,118.47000122070312,24.884395599365234
2010-05-27,82.79530334472656,30.033781051635742,27.387903213500977,59.48762130737305,63.888607025146484,18.726444244384766,118.69000244140625,26.250560760498047
2010-05-28,81.7562255859375,29.454673767089844,26.935443878173828,59.76007843017578,64.1781005859375,18.56580924987793,118.87999725341797,25.91558074951172
2010-06-01,80.38079071044922,29.162080764770508,26.44056510925293,60.18019485473633,64.26102447509766,18.21917724609375,119.91000366210938,25.376419067382812
2010-06-02,82.47383880615234,29.94233512878418,27.36669158935547,59.608497619628906,63.89466094970703,18.438993453979492,119.77999877929688,25.873693466186523
2010-06-03,82.7579345703125,29.850910186767578,27.267723083496094,59.173519134521484,63.80480194091797,18.540447235107422,117.95999908447266,25.800403594970703
2010-06-04,79.85003662109375,28.576894760131836,26.29917335510254,60.764312744140625,64.68962097167969,17.965547561645508,119.19000244140625,24.340009689331055
2010-06-07,78.8558349609375,28.217235565185547,25.889137268066406,61.23030090332031,64.95227813720703,17.999366760253906,121.48999786376953,24.20915412902832
2010-06-08,79.70054626464844,28.668325424194336,26.482988357543945,60.925811767578125,64.75186920166016,18.14308738708496,121.0,24.643613815307617
2010-06-09,79.27445983886719,28.564706802368164,26.341596603393555,60.85749816894531,64.75878143310547,18.227632522583008,120.55999755859375,24.790170669555664
2010-06-10,81.59178161621094,29.771656036376953,27.26064682006836,59.770050048828125,64.15740203857422,18.531991958618164,118.97000122070312,25.863229751586914
2010-06-11,81.98796844482422,29.814334869384766,27.402036666870117,60.528106689453125,64.56526184082031,18.557355880737305,120.01000213623047,26.17205238342285
2010-06-14,81.86090087890625,30.003299713134766,27.409114837646484,60.21744155883789,64.50993347167969,18.60807991027832,119.5999984741211,26.4965877532959
2010-06-15,83.72222137451172,30.9542293548584,28.23626136779785,59.96891403198242,64.30944061279297,18.9208927154541,120.98999786376953,27.08807945251465
2010-06-16,83.69226837158203,30.807939529418945,28.23626136779785,60.31066131591797,64.48920440673828,18.963165283203125,120.33000183105469,26.842065811157227
2010-06-17,83.82685089111328,30.905471801757812,28.094873428344727,60.8015251159668,64.7933349609375,18.97161865234375,121.9000015258789,26.899642944335938
2010-06-18,83.9177474975586,30.850597381591797,28.22212791442871,60.70210266113281,64.66202545166016,18.937801361083984,122.83000183105469,26.815885543823242
2010-06-21,83.6773910522461,30.84450912475586,28.709943771362305,60.528106689453125,64.61357879638672,18.861711502075195,120.38999938964844,26.60650634765625
2010-06-22,82.29541015625,30.45438003540039,28.158498764038086,61.24894332885742,65.00068664550781,18.819442749023438,121.44999694824219,25.816116333007812
2010-06-23,82.04004669189453,30.658451080322266,28.23108673095703,61.665283203125,65.24268341064453,18.506629943847656,120.94999694824219,25.8841609954834
2010-06-24,80.68057250976562,30.12503433227539,27.732929229736328,61.29863739013672,65.18734741210938,18.54890251159668,121.30000305175781,25.336219787597656
2010-06-25,81.01860046386719,30.2987060546875,28.060283660888672,61.54719924926758,65.29109191894531,18.887075424194336,122.76000213623047,25.97557258605957
2010-06-28,80.76323699951172,30.075416564941406,27.868148803710938,62.12507629394531,65.75420379638672,18.684171676635742,121.08999633789062,25.66911506652832
2010-06-29,78.26966094970703,29.045822143554688,26.736621856689453,62.802364349365234,66.03765106201172,18.168453216552734,121.2699966430664,24.828964233398438
2010-06-30,77.52608489990234,28.84734535217285,26.558717727661133,63.22490692138672,66.13443756103516,18.236087799072266,121.68000030517578,24.564781188964844
2010-07-01,77.18060302734375,29.269105911254883,26.750864028930664,63.324623107910156,66.10531616210938,17.957094192504883,117.04000091552734,24.480243682861328
2010-07-02,76.75997161865234,29.207082748413086,26.864727020263672,62.8198127746582,65.98749542236328,17.923276901245117,118.48999786376953,24.00996971130371
2010-07-06,77.26322174072266,29.790103912353516,27.36287498474121,63.33709716796875,66.14688873291016,17.974002838134766,116.51000213623047,23.476293563842773
2010-07-07,79.69670104980469,30.720458984375,27.96778106689453,62.59541320800781,65.93896484375,18.37981414794922,117.7300033569336,24.61760902404785
2010-07-08,80.4853286743164,31.01818084716797,28.102983474731445,62.19649887084961,65.77962493896484,18.54890251159668,117.20999908447266,24.92409324645996
2010-07-09,81.0862045288086,31.049192428588867,28.444576263427734,61.84123229980469,65.6063232421875,18.582717895507812,118.36000061035156,25.241111755371094
2010-07-12,81.13880157470703,30.93134307861328,28.216856002807617,61.816280364990234,65.7171859741211,18.371360778808594,117.33999633789062,25.320371627807617
2010-07-13,82.36304473876953,31.501964569091797,28.54421615600586,61.286502838134766,65.39144897460938,18.667259216308594,118.36000061035156,25.943878173828125
2010-07-14,82.35549926757812,31.61360740661621,28.487276077270508,61.903533935546875,65.7171859741211,18.633445739746094,118.30000305175781,25.790647506713867
2010-07-15,82.3780517578125,31.768674850463867,28.35207176208496,62.520591735839844,66.05679321289062,18.81098747253418,118.2300033569336,25.706104278564453
2010-07-16,80.10978698730469,30.751482009887695,27.505205154418945,62.82599639892578,66.4380111694336,18.574262619018555,116.66999816894531,24.87123680114746
2010-07-19,80.58296966552734,30.949954986572266,27.868148803710938,62.43954849243164,66.26476287841797,18.557355880737305,115.7300033569336,25.17770767211914
2010-07-20,81.47673797607422,31.160839080810547,28.522863388061523,62.533058166503906,66.3340072631836,18.70953369140625,116.6500015258789,25.64797592163086
2010-07-21,80.41771697998047,30.596418380737305,28.23108673095703,63.592655181884766,66.75679016113281,18.6588077545166,115.8499984741211,25.114301681518555
2010-07-22,82.21279907226562,31.626007080078125,29.085067749023438,62.85716247558594,66.38947296142578,19.03080177307129,116.86000061035156,26.054834365844727
2010-07-23,82.92630767822266,31.9981689453125,29.284332275390625,62.19023895263672,66.17464447021484,18.97161865234375,116.08999633789062,26.387714385986328
2010-07-26,83.79006958007812,32.22145462036133,29.483591079711914,62.08430480957031,66.15380096435547,18.9547119140625,115.5199966430664,27.04820442199707
2010-07-27,83.78255462646484,32.314476013183594,29.433780670166016,61.48595428466797,65.92510986328125,18.751806259155273,113.51000213623047,27.042919158935547
2010-07-28,83.24178314208984,32.14702606201172,29.270099639892578,61.6854248046875,66.20927429199219,18.827896118164062,113.77999877929688,26.990081787109375
2010-07-29,82.83619689941406,32.29587173461914,29.319896697998047,61.666725158691406,66.34789276123047,19.09843635559082,114.29000091552734,26.762874603271484
2010-07-30,82.82118225097656,32.196632385253906,29.46224021911621,62.62659454345703,66.73603820800781,19.352066040039062,115.48999786376953,26.92138671875
2010-08-02,84.69132232666016,33.28205871582031,30.22370147705078,61.747413635253906,66.52965545654297,19.724058151245117,115.54000091552734,27.824928283691406
2010-08-03,84.28573608398438,33.23244094848633,30.081369400024414,62.103851318359375,66.84229278564453,19.79169273376465,115.98999786376953,27.555456161499023
2010-08-04,84.84906005859375,33.26345443725586,30.124067306518555,61.62858581542969,66.56437683105469,19.960783004760742,116.72000122070312,27.75095558166504
2010-08-05,84.75899505615234,33.238624572753906,29.988853454589844,61.91623306274414,66.884033203125,19.867782592773438,116.9800033569336,27.40222930908203
2010-08-06,84.4134521484375,33.33788299560547,29.94615936279297,62.59151840209961,67.32178497314453,19.690242767333984,117.83999633789062,27.275405883789062
2010-08-09,84.8641128540039,33.375091552734375,30.102720260620117,62.360191345214844,67.30790710449219,19.757877349853516,117.4000015258789,27.5871639251709
2010-08-10,84.40592956542969,33.108394622802734,29.689971923828125,62.491451263427734,67.6484146118164,19.54651641845703,117.7300033569336,27.317689895629883
2010-08-11,82.09265899658203,31.6012020111084,28.743467330932617,63.329376220703125,68.03058624267578,19.106889724731445,117.33999633789062,26.63605308532715
2010-08-12,81.58940887451172,31.563995361328125,28.79329490661621,63.173095703125,67.85688018798828,18.963165283203125,118.7699966430664,26.30317497253418
2010-08-13,81.34907531738281,31.45234489440918,28.949848175048828,63.96092987060547,68.14878845214844,18.946256637573242,118.73999786376953,26.30317497253418
2010-08-16,81.31150817871094,31.706647872924805,29.220277786254883,65.5616226196289,68.64210510253906,18.887075424194336,119.7300033569336,26.28203773498535
2010-08-17,82.31043243408203,32.060176849365234,29.526290893554688,65.18650817871094,68.29466247558594,19.157617568969727,119.75,26.884395599365234
2010-08-18,82.46067810058594,32.04777526855469,29.504941940307617,65.3615951538086,68.2251968383789,19.081525802612305,120.22000122070312,26.91082191467285
2010-08-19,81.02611541748047,31.532978057861328,29.2772159576416,66.38081359863281,68.53092956542969,18.887075424194336,120.38999938964844,26.223928451538086
2010-08-20,80.76323699951172,31.204256057739258,29.19181251525879,66.30573272705078,68.30852508544922,18.768714904785156,119.97000122070312,26.139373779296875
2010-08-23,80.4552993774414,31.142229080200195,28.92850112915039,66.31824493408203,68.3989028930664,18.64189910888672,119.77999877929688,26.00198745727539
2010-08-24,79.26109313964844,30.714265823364258,28.558441162109375,67.38125610351562,68.94091796875,18.430538177490234,120.36000061035156,25.896312713623047
2010-08-25,79.56903076171875,30.745271682739258,28.373416900634766,67.16239929199219,68.62821197509766,18.52353858947754,121.36000061035156,26.308452606201172
2010-08-26,79.0357666015625,30.732873916625977,28.19550132751465,67.79393005371094,68.94091796875,18.73489761352539,120.95999908447266,26.149944305419922
2010-08-27,80.26000213623047,31.334503173828125,28.814645767211914,65.87430572509766,68.14878845214844,19.056167602539062,121.01000213623047,26.583215713500977
2010-08-30,79.09584045410156,30.881732940673828,28.337827682495117,67.13739776611328,68.6698989868164,19.02234649658203,120.91000366210938,26.377153396606445
2010-08-31,79.09584045410156,30.974760055541992,28.50862693786621,67.88151550292969,68.97563934326172,18.768714904785156,122.08000183105469,26.57793617248535
2010-09-01,81.46173858642578,32.07878494262695,29.512060165405273,66.47789764404297,68.47896575927734,19.14070701599121,121.69000244140625,27.444499969482422
2010-09-02,82.22032928466797,32.2586555480957,29.56186866760254,65.77556610107422,68.19336700439453,19.275976181030273,122.29000091552734,27.79323387145996
2010-09-03,83.2868423461914,32.55636978149414,29.910572052001953,64.96023559570312,67.80327606201172,19.37742805480957,121.86000061035156,28.20009422302246
2010-09-07,82.34798431396484,32.103599548339844,29.47647476196289,66.28977966308594,68.33960723876953,19.4788818359375,122.69999694824219,27.76681137084961
2010-09-08,82.92630767822266,32.35169219970703,29.79670524597168,65.76299285888672,68.15159606933594,19.52115249633789,122.70999908447266,27.824928283691406
2010-09-09,83.30936431884766,32.65562057495117,29.967514038085938,64.46475219726562,67.6151351928711,19.411245346069336,121.55999755859375,27.502620697021484
2010-09-10,83.7299575805664,32.75484848022461,30.07425880432129,64.1700439453125,67.4200668334961,19.614152908325195,121.7300033569336,27.650564193725586
2010-09-13,84.66130065917969,33.350284576416016,30.79301643371582,64.48358154296875,67.74055480957031,19.757877349853516,121.62000274658203,28.104984283447266
2010-09-14,84.6087417602539,33.573570251464844,30.77878761291504,65.1044921875,68.08184814453125,19.81705665588379,124.0199966430664,27.99930763244629
2010-09-15,84.93167114257812,33.585968017578125,30.821481704711914,64.13865661621094,67.84503936767578,19.783241271972656,123.94000244140625,28.242359161376953
2010-09-16,84.90914154052734,33.424720764160156,30.664926528930664,63.50522994995117,67.60818481445312,19.681787490844727,124.62999725341797,28.094406127929688
2010-09-17,84.9408950805664,33.26345443725586,30.61510467529297,63.76237106323242,67.76144409179688,19.749422073364258,124.54000091552734,28.178951263427734
2010-09-20,86.23966217041016,33.84027099609375,31.09903907775879,64.13240051269531,67.9704818725586,19.91005516052246,124.87000274658203,28.86585235595703
2010-09-21,86.06597900390625,33.834068298339844,31.00652313232422,65.02296447753906,68.6043930053711,19.698694229125977,126.01000213623047,28.443147659301758
2010-09-22,85.64311981201172,33.78443908691406,31.027877807617188,65.60624694824219,68.70886993408203,19.81705665588379,126.19999694824219,28.05741310119629
2010-09-23,84.94844055175781,33.41850280761719,30.828598022460938,65.79434967041016,68.806396484375,19.833965301513672,126.30000305175781,27.365232467651367
2010-09-24,86.70024871826172,34.3488655090332,31.397920608520508,64.91006469726562,68.46501159667969,20.138324737548828,126.69000244140625,28.13935661315918
2010-09-27,86.28495025634766,34.17518997192383,31.34099578857422,66.03895568847656,68.99449157714844,20.003055572509766,126.72000122070312,27.792823791503906
2010-09-28,86.58696746826172,34.37367630004883,31.568716049194336,66.49049377441406,69.224365234375,20.003055572509766,127.8499984741211,27.904781341552734
2010-09-29,86.43595886230469,34.31784439086914,31.675472259521484,66.21453094482422,69.05718231201172,20.265138626098633,127.94999694824219,27.686189651489258
2010-09-30,86.17926025390625,34.06355285644531,31.860496520996094,66.17059326171875,68.97359466552734,20.383502960205078,127.91000366210938,27.76616096496582
2010-10-01,86.54168701171875,34.40468978881836,32.33019256591797,65.8508529663086,69.01062774658203,20.425769805908203,128.91000366210938,27.904781341552734
2010-10-04,85.89228820800781,33.90849304199219,32.23054885864258,66.02084350585938,69.2549819946289,20.358137130737305,128.4600067138672,28.160696029663086
2010-10-05,87.62147521972656,34.86985778808594,32.81410598754883,65.62420654296875,69.26896667480469,20.77239990234375,130.99000549316406,28.60853385925293
2010-10-06,87.6138916015625,35.161380767822266,32.79986572265625,66.4488525390625,69.7158432006836,20.780855178833008,131.80999755859375,28.453920364379883
2010-10-07,87.50819396972656,35.04353332519531,32.508094787597656,65.89490509033203,69.78570556640625,20.56949806213379,130.3699951171875,28.533885955810547
2010-10-08,87.9990234375,35.27301788330078,32.89950180053711,65.6053695678711,69.81365203857422,21.254301071166992,131.66000366210938,28.613855361938477
2010-10-11,88.08207702636719,35.229610443115234,32.878143310546875,65.61791229248047,69.88349914550781,21.152847290039062,132.2899932861328,28.60853385925293
2010-10-12,88.35391998291016,35.155181884765625,32.74293518066406,64.96959686279297,69.68093872070312,21.254301071166992,131.9600067138672,28.811126708984375
2010-10-13,89.04107666015625,35.55213165283203,33.34783935546875,64.86888885498047,69.68093872070312,21.355754852294922,134.07000732421875,29.10968589782715
2010-10-14,88.69371032714844,35.800228118896484,33.29090881347656,63.8994255065918,69.2829360961914,21.321935653686523,134.75,29.03506088256836
2010-10-15,88.87494659423828,35.6823844909668,33.24821090698242,63.11887741088867,68.98269653320312,21.085214614868164,133.67999267578125,28.997718811035156
2010-10-18,89.31290435791016,35.76301956176758,33.262454986572266,63.628780364990234,69.31082153320312,21.296573638916016,134.27999877929688,29.370922088623047
2010-10-19,88.14249420166016,34.975311279296875,32.20919418334961,64.01274871826172,69.5482177734375,20.67095184326172,130.11000061035156,29.008378982543945
2010-10-20,89.0032958984375,35.63276290893555,32.721588134765625,64.15122985839844,69.50636291503906,21.161304473876953,131.32000732421875,29.64281463623047
2010-10-21,89.1996078491211,35.440486907958984,32.721588134765625,63.3895149230957,69.1223373413086,20.899215698242188,129.47000122070312,29.610837936401367
2010-10-22,89.36573791503906,35.53352355957031,32.75717544555664,63.81760787963867,69.14325714111328,21.076757431030273,129.72999572753906,29.6268367767334
2010-10-25,89.63005828857422,35.669979095458984,33.112998962402344,64.00019836425781,69.1223373413086,21.186664581298828,130.85000610351562,29.680158615112305
2010-10-26,89.64515686035156,35.440486907958984,33.084537506103516,63.011802673339844,68.66143798828125,21.296573638916016,130.8800048828125,29.46689796447754
2010-10-27,89.38837432861328,35.0993537902832,32.52232360839844,62.457889556884766,68.26339721679688,21.22893714904785,129.52000427246094,29.25896453857422
2010-10-28,89.40349578857422,35.372257232666016,32.72871017456055,62.62786102294922,68.66143798828125,21.33884620666504,131.24000549316406,29.07769012451172
2010-10-29,89.47145080566406,35.3598518371582,32.82122039794922,63.21330261230469,68.96870422363281,21.28812026977539,132.6199951171875,29.083030700683594
2010-11-01,89.50165557861328,35.229610443115234,33.184146881103516,62.941123962402344,68.85317993164062,21.42338752746582,131.9199981689453,29.33361053466797
2010-11-02,90.21146392822266,35.8126335144043,33.59691619873047,63.76835250854492,69.08419036865234,21.617839813232422,132.49000549316406,29.53620147705078
2010-11-03,90.57389068603516,36.060733795166016,33.80329895019531,62.46753692626953,69.30815887451172,21.71929168701172,131.57000732421875,29.53620147705078
2010-11-04,92.31817626953125,36.87944412231445,34.571868896484375,62.9537353515625,69.8681411743164,22.235010147094727,136.02999877929688,30.218626022338867
2010-11-05,92.66552734375,36.71818161010742,34.5078239440918,61.873870849609375,69.57415008544922,22.328004837036133,136.3800048828125,30.543840408325195
2010-11-08,92.49188232421875,36.494895935058594,34.36549758911133,62.15178298950195,69.59508514404297,22.38718605041504,137.77999877929688,30.378568649291992
2010-11-09,91.82735443115234,36.12894821166992,33.931392669677734,60.7813606262207,69.00724029541016,22.235010147094727,135.58999633789062,29.146997451782227
2010-11-10,92.19735717773438,36.2343864440918,34.18046569824219,60.863521575927734,69.26618957519531,22.471731185913086,137.24000549316406,29.509544372558594
2010-11-11,91.85000610351562,35.92428207397461,33.84599304199219,60.83186721801758,69.18914031982422,22.285736083984375,137.66000366210938,29.274959564208984
2010-11-12,90.7626953125,35.62656021118164,33.02759552001953,60.503578186035156,68.6152114868164,21.355754852294922,133.69000244140625,29.0030517578125
2010-11-15,90.6343002319336,35.60176086425781,33.013362884521484,59.24055480957031,67.73328399658203,21.389570236206055,132.4199981689453,28.725811004638672
2010-11-16,89.22225952148438,34.764427185058594,32.14514923095703,60.71195602416992,68.23725128173828,20.755491256713867,130.97000122070312,27.7395076751709
2010-11-17,89.26758575439453,34.95669937133789,32.308834075927734,60.377262115478516,68.041259765625,20.594860076904297,130.3800048828125,27.9527587890625
2010-11-18,90.58145904541016,35.831233978271484,33.07741165161133,60.62350845336914,67.88029479980469,21.152847290039062,132.08999633789062,28.203338623046875
2010-11-19,90.83063507080078,35.831233978271484,33.0987663269043,60.99612045288086,68.02025604248047,20.848491668701172,132.1999969482422,28.35261344909668
2010-11-22,90.75511932373047,35.446693420410156,32.99913024902344,61.25498962402344,68.38422393798828,20.91612434387207,133.47999572753906,28.427268981933594
2010-11-23,89.44125366210938,34.3798713684082,31.9530086517334,61.55819320678711,68.52423095703125,20.865398406982422,134.41000366210938,28.203338623046875
2010-11-24,90.7626953125,34.92569351196289,32.69313430786133,60.45936584472656,67.78932189941406,21.254301071166992,134.17999267578125,28.747146606445312
2010-11-26,89.70551300048828,34.3426628112793,31.881853103637695,61.29924774169922,68.08331298828125,21.355754852294922,133.11000061035156,28.688499450683594
2010-11-29,89.97740173339844,34.03874969482422,32.13092041015625,61.82337951660156,68.23023986816406,21.398025512695312,133.50999450683594,28.67251205444336
2010-11-30,89.47145080566406,33.65419387817383,31.867597579956055,62.145469665527344,68.34928131103516,21.195119857788086,135.4199981689453,28.54456329345703
2010-12-01,91.37432098388672,34.609371185302734,32.77851486206055,60.76397705078125,67.4504165649414,21.820743560791016,135.3800048828125,28.709829330444336
2010-12-02,92.54468536376953,35.266822814941406,33.42611312866211,60.60558319091797,67.28197479248047,22.006742477416992,135.1999969482422,29.15234375
2010-12-03,92.79389190673828,35.60796356201172,33.54710006713867,60.130245208740234,67.28903198242188,22.285736083984375,138.07000732421875,29.146997451782227
2010-12-06,92.69573211669922,35.446693420410156,33.49016571044922,60.979461669921875,67.70999908447266,22.260374069213867,139.11000061035156,29.205656051635742
2010-12-07,92.74859619140625,35.465301513671875,33.3336067199707,59.674049377441406,66.5873794555664,22.108196258544922,136.5,29.26962661743164
2010-12-08,93.08838653564453,35.57073974609375,33.120121002197266,59.097412109375,66.01903533935547,22.277280807495117,134.7899932861328,28.837791442871094
2010-12-09,93.4508285522461,35.66377639770508,33.006248474121094,59.38888931274414,66.1594009399414,22.218103408813477,135.3699951171875,28.581863403320312
2010-12-10,93.9944839477539,35.744407653808594,33.15568923950195,59.02764892578125,65.59811401367188,22.184282302856445,135.41000366210938,28.768463134765625
2010-12-13,94.0549087524414,36.12894821166992,33.369178771972656,59.249507904052734,65.80856323242188,22.404094696044922,136.0500030517578,28.816450119018555
2010-12-14,94.13796997070312,36.184776306152344,33.419010162353516,58.38768768310547,65.11389923095703,22.34491539001465,136.17999267578125,28.533885955810547
2010-12-15,93.70753479003906,35.707191467285156,32.878143310546875,57.62723159790039,64.84725189208984,22.285736083984375,134.6999969482422,28.261978149414062
2010-12-16,94.25121307373047,35.90566635131836,32.970664978027344,58.0264892578125,65.23322296142578,22.209646224975586,133.80999755859375,28.309968948364258
2010-12-17,94.3521957397461,35.707191467285156,33.020477294921875,59.08473205566406,65.79444122314453,22.37873077392578,134.1999969482422,28.54456329345703
2010-12-20,94.57989501953125,35.7878303527832,32.87102127075195,59.0213737487793,65.78749084472656,22.581636428833008,135.11000061035156,28.885759353637695
2010-12-21,95.17958068847656,36.08708572387695,33.350852966308594,59.433258056640625,65.9278335571289,22.725360870361328,135.32000732421875,29.189661026000977
2010-12-22,95.4756088256836,36.15596008300781,33.465614318847656,59.00870132446289,65.74542236328125,22.84372329711914,135.0500030517578,29.413576126098633
2010-12-23,95.3389892578125,36.13717269897461,33.42975616455078,58.888275146484375,65.51384735107422,22.928266525268555,134.66000366210938,29.280288696289062
2010-12-27,95.3769302368164,36.062049865722656,33.32217025756836,59.41423416137695,65.76644134521484,22.885995864868164,135.02000427246094,29.64409828186035
2010-12-28,95.5135498046875,36.093345642089844,33.350852966308594,58.25061798095703,65.0755844116211,23.131174087524414,137.22000122070312,29.762685775756836
2010-12-29,95.58185577392578,36.4063835144043,33.7778205871582,59.23624038696289,65.80723571777344,23.139629364013672,137.7100067138672,29.821964263916016
2010-12-30,95.4300765991211,36.23108673095703,33.950069427490234,59.19169998168945,65.67357635498047,22.860633850097656,137.02999877929688,29.902814865112305
2010-12-31,95.45282745361328,36.4502067565918,34.18687057495117,59.84663009643555,66.00420379638672,23.291805267333984,138.72000122070312,29.84353256225586
2011-01-03,96.43964385986328,36.750728607177734,34.516963958740234,59.39514923095703,65.80020141601562,23.393259048461914,138.0,30.39867401123047
2011-01-04,96.386474609375,36.63804244995117,34.67485427856445,59.46508026123047,65.95500946044922,23.0804443359375,134.75,29.81657600402832
2011-01-05,96.88746643066406,36.48151779174805,34.5887336730957,58.15522766113281,65.24446105957031,23.325624465942383,134.3699951171875,29.92436981201172
2011-01-06,96.69770812988281,36.062049865722656,34.22275161743164,58.409568786621094,65.58211517333984,23.012813568115234,133.8300018310547,29.64409828186035
2011-01-07,96.50794219970703,35.91804885864258,33.907005310058594,58.72117233276367,66.01829528808594,22.928266525268555,133.5800018310547,29.65488624572754
2011-01-10,96.386474609375,35.85544204711914,33.55537796020508,59.039093017578125,66.2434310913086,23.198806762695312,134.1199951171875,29.649494171142578
2011-01-11,96.72808074951172,36.099613189697266,33.914180755615234,58.70845413208008,65.98313903808594,23.460893630981445,134.91000366210938,29.58481216430664
2011-01-12,97.60099792480469,36.89472579956055,34.59591293334961,58.25061798095703,65.79322052001953,23.613073348999023,135.4600067138672,29.708784103393555
2011-01-13,97.44161224365234,36.994903564453125,34.29450988769531,58.772010803222656,66.23638916015625,23.579256057739258,134.0500030517578,29.80579376220703
2011-01-14,98.14752960205078,37.22028732299805,34.39497756958008,58.39689254760742,66.05352020263672,23.68916130065918,132.69000244140625,30.005233764648438
2011-01-18,98.31453704833984,37.46446228027344,34.344749450683594,58.12343978881836,65.89163970947266,23.663799285888672,133.42999267578125,30.26394271850586
2011-01-19,97.35050964355469,37.207767486572266,34.0792236328125,58.54314422607422,66.0605697631836,23.63843536376953,133.72000122070312,29.865083694458008
2011-01-20,97.22146606445312,36.88846969604492,33.70607376098633,57.73558044433594,65.54695129394531,23.401714324951172,131.1999969482422,29.8704776763916
2011-01-21,97.44161224365234,37.088809967041016,33.35444641113281,58.19343566894531,65.7650375366211,23.63843536376953,131.02999877929688,29.892038345336914
2011-01-24,97.99571990966797,37.483238220214844,33.612789154052734,58.21885681152344,65.7720947265625,23.435527801513672,130.36000061035156,30.042959213256836
2011-01-25,98.04887390136719,37.40810775756836,33.411861419677734,58.772010803222656,66.10271453857422,23.139629364013672,130.10000610351562,30.393285751342773
2011-01-26,98.42837524414062,37.64601135253906,33.70607376098633,57.881832122802734,65.70172119140625,23.655344009399414,131.16000366210938,30.441804885864258
2011-01-27,98.67130279541016,37.73366928100586,33.59126663208008,58.14252853393555,65.94793701171875,23.452438354492188,127.93000030517578,30.92148780822754
2011-01-28,96.94821166992188,36.89472579956055,32.52920150756836,58.44776916503906,66.25050354003906,23.748342514038086,130.27999877929688,30.409452438354492
2011-01-31,97.6769027709961,37.21401596069336,32.87364959716797,58.00263977050781,65.99018859863281,24.12033462524414,129.8699951171875,30.81369972229004
2011-02-01,99.24057006835938,38.0968017578125,33.670188903808594,57.71548843383789,65.683349609375,24.297874450683594,130.8000030517578,30.889158248901367
2011-02-02,99.05082702636719,38.06549835205078,33.41903305053711,57.728294372558594,65.52815246582031,24.53459930419922,130.4499969482422,30.889158248901367
2011-02-03,99.27093505859375,38.07174301147461,33.37596893310547,57.24972915649414,65.1543960571289,24.373966217041016,132.1999969482422,30.975383758544922
2011-02-04,99.55177307128906,38.05923080444336,33.36880111694336,56.669029235839844,64.75240325927734,24.23869514465332,131.66000366210938,30.749027252197266
2011-02-07,100.17424774169922,38.17818069458008,33.411861419677734,56.96253204345703,64.72416687011719,24.171062469482422,131.67999267578125,31.05085563659668
2011-02-08,100.62968444824219,38.42861557006836,33.426212310791016,56.43931198120117,64.27987670898438,24.331695556640625,133.13999938964844,31.185598373413086
2011-02-09,100.4019546508789,38.3159294128418,32.658355712890625,56.93063735961914,64.64656066894531,24.450057983398438,133.07000732421875,31.20716094970703
2011-02-10,100.43992614746094,38.06549835205078,32.349796295166016,56.27342987060547,64.43498229980469,24.30632972717285,132.85000610351562,31.336515426635742
2011-02-11,101.0395736694336,38.08427429199219,32.74447250366211,57.08378219604492,64.73123168945312,24.221786499023438,132.32000732421875,31.54133415222168
2011-02-14,101.2824935913086,38.159400939941406,32.579429626464844,57.1220588684082,64.75240325927734,24.340150833129883,132.9499969482422,31.546724319458008
2011-02-15,100.96367645263672,38.04670715332031,32.644012451171875,57.377315521240234,64.90045928955078,24.02733612060547,133.97000122070312,31.42813491821289
2011-02-16,101.6012954711914,38.50374221801758,32.91669464111328,57.192264556884766,64.80880737304688,24.204877853393555,134.10000610351562,31.498210906982422
2011-02-17,101.9049072265625,38.635215759277344,33.031524658203125,57.28159713745117,65.04861450195312,24.280967712402344,135.0399932861328,31.530555725097656
2011-02-18,102.11746978759766,38.766700744628906,33.232452392578125,57.10300827026367,65.03443908691406,24.255603790283203,135.41000366210938,31.654518127441406
2011-02-22,100.06795501708984,37.65854263305664,32.17040252685547,57.957977294921875,65.66217041015625,24.221786499023438,136.2899932861328,31.37962532043457
2011-02-23,99.453125,37.7086296081543,32.19908905029297,58.16853332519531,65.49998474121094,24.762866973876953,137.50999450683594,31.11553192138672
2011-02-24,99.38480377197266,37.739933013916016,32.278045654296875,58.53867721557617,65.66923522949219,24.543054580688477,136.47999572753906,30.878385543823242
2011-02-25,100.44751739501953,38.19070816040039,32.6655387878418,58.88319396972656,65.8808364868164,25.084135055541992,137.3800048828125,31.482038497924805
2011-02-28,101.0699234008789,38.53505325317383,32.859283447265625,58.959774017333984,65.85260009765625,25.126405715942383,137.66000366210938,32.2635612487793
2011-03-01,99.38480377197266,37.996620178222656,32.52202606201172,59.13070297241211,65.92762756347656,25.506851196289062,140.02999877929688,31.304176330566406
2011-03-02,99.59735870361328,38.196964263916016,32.96693420410156,58.221710205078125,65.5811538696289,25.608306884765625,139.9199981689453,31.018495559692383
2011-03-03,101.31285095214844,38.68531036376953,33.61996078491211,57.6519660949707,65.13583374023438,25.599851608276367,138.08999633789062,31.465877532958984
2011-03-04,100.55378723144531,38.33470153808594,33.65583419799805,58.13207244873047,65.60242462158203,25.726665496826172,139.35000610351562,31.164039611816406
2011-03-07,99.76438903808594,37.96531677246094,33.18221664428711,57.76078414916992,65.43972778320312,25.608306884765625,139.72000122070312,30.937667846679688
2011-03-08,100.63729095458984,38.08427429199219,33.627140045166016,57.40869903564453,65.28424835205078,25.388490676879883,139.36000061035156,31.374250411987305
2011-03-09,100.4930648803711,38.0968017578125,33.69171905517578,57.965641021728516,65.66598510742188,25.48994255065918,139.41000366210938,31.34189796447754
2011-03-10,98.63333892822266,37.15143585205078,32.69424057006836,58.938682556152344,66.22445678710938,25.075681686401367,137.77000427246094,30.862201690673828
2011-03-11,99.31649017333984,37.15143585205078,33.031524658203125,58.60580062866211,66.06887817382812,24.93195343017578,138.22000122070312,31.174819946289062
2011-03-14,98.71681213378906,36.487770080566406,33.22528076171875,58.5802001953125,66.2174072265625,24.999591827392578,138.86000061035156,30.862201690673828
2011-03-15,97.5858154296875,35.723968505859375,32.67271423339844,59.45718002319336,66.45773315429688,24.086517333984375,136.27000427246094,30.700515747070312
2011-03-16,95.77922058105469,34.615806579589844,32.00533676147461,60.129364013671875,67.02328491210938,24.230241775512695,136.24000549316406,30.247777938842773
2011-03-17,97.04690551757812,35.76778793334961,32.400020599365234,59.66843795776367,66.81820678710938,24.982681274414062,136.97000122070312,30.479524612426758
2011-03-18,97.39984893798828,36.262386322021484,32.45742416381836,59.82844924926758,66.77587890625,25.126405715942383,138.3699951171875,30.7867488861084
2011-03-21,98.90933227539062,37.157676696777344,33.08175277709961,59.476402282714844,66.42947387695312,25.244770050048828,139.13999938964844,31.120914459228516
2011-03-22,98.56627655029297,37.05124282836914,33.18221664428711,59.67479705810547,66.46483612060547,25.430763244628906,139.0500030517578,30.92148780822754
2011-03-23,98.84833526611328,37.0950813293457,33.61996078491211,59.5980110168457,66.38007354736328,25.481487274169922,140.33999633789062,30.581939697265625
2011-03-24,99.79364776611328,37.58966827392578,34.00746536254883,59.149906158447266,66.0406723022461,25.566030502319336,139.22000122070312,30.711284637451172
2011-03-25,100.09864807128906,37.17646026611328,33.971588134765625,59.00273513793945,65.86394500732422,25.633665084838867,139.25999450683594,30.951255798339844
2011-03-28,99.85467529296875,37.157676696777344,33.799346923828125,59.085941314697266,65.88512420654297,25.287036895751953,138.5399932861328,30.913251876831055
2011-03-29,100.52556610107422,37.35176467895508,34.18687057495117,58.631404876708984,65.69428253173828,25.430763244628906,138.2100067138672,31.038124084472656
2011-03-30,101.21932220458984,37.79627990722656,34.62461471557617,59.09872817993164,65.92050170898438,25.396944046020508,138.6699981689453,31.48872947692871
2011-03-31,101.08209991455078,37.614723205566406,34.92601013183594,58.97707748413086,65.7508316040039,25.794301986694336,139.86000061035156,31.743906021118164
2011-04-01,101.50899505615234,37.97158432006836,35.48573303222656,59.26380157470703,65.89114379882812,25.971843719482422,139.1999969482422,31.792768478393555
2011-04-04,101.59285736083984,38.021663665771484,35.7871208190918,59.32810592651367,66.0400390625,26.208566665649414,139.83999633789062,31.771053314208984
2011-04-05,101.5776138305664,37.92774963378906,35.71537780761719,59.090267181396484,65.70687103271484,26.233930587768555,142.0500030517578,31.803621292114258
2011-04-06,101.89781951904297,38.24079895019531,35.90913391113281,58.20309066772461,65.42340087890625,26.310020446777344,142.3800048828125,31.81991958618164
2011-04-07,101.63864135742188,38.05297088623047,35.87326431274414,58.087379455566406,65.430419921875,26.360742568969727,142.50999450683594,31.46702003479004
2011-04-08,101.28791809082031,38.36600112915039,35.90913391113281,57.77885437011719,65.23909759521484,26.98636817932129,143.66000366210938,31.239002227783203
2011-04-11,100.98299407958984,38.29087448120117,35.48573303222656,57.83021545410156,65.32418060302734,26.487560272216797,142.63999938964844,31.26071548461914
2011-04-12,100.22822570800781,37.934024810791016,34.8183708190918,58.45380401611328,65.69265747070312,25.94647979736328,141.61000061035156,31.2064266204834
2011-04-13,100.22059631347656,38.04670715332031,35.10540771484375,58.82022476196289,65.94786834716797,26.149385452270508,141.89999389648438,31.157560348510742
2011-04-14,100.29684448242188,38.215736389160156,35.21304702758789,58.77520751953125,65.72813415527344,26.21702003479004,143.80999755859375,31.60817527770996
2011-04-15,100.66279602050781,38.159400939941406,35.256103515625,59.572357177734375,66.2101058959961,26.352291107177734,145.0500030517578,32.015357971191406
2011-04-18,99.53450012207031,37.37680435180664,34.373443603515625,59.707332611083984,66.37316131591797,26.1916561126709,145.92999267578125,31.727628707885742
2011-04-19,100.10626220703125,37.652286529541016,34.86859893798828,59.964481353759766,66.45821380615234,26.20011329650879,145.92999267578125,31.97736930847168
2011-04-20,101.4709243774414,38.610172271728516,35.693851470947266,59.57878112792969,66.19596099853516,26.614376068115234,146.5,32.35197067260742
2011-04-21,101.98927307128906,38.86061477661133,36.00959777832031,59.52735900878906,66.24559020996094,26.808828353881836,146.74000549316406,32.569129943847656
2011-04-25,101.882568359375,38.86061477661133,35.71537780761719,59.752418518066406,66.47954559326172,26.73274040222168,146.8699951171875,32.786285400390625
2011-04-26,102.75930786132812,39.1611328125,36.02394485473633,60.33088302612305,66.7630386352539,26.724285125732422,146.3800048828125,33.074031829833984
2011-04-27,103.4301528930664,39.64946365356445,35.95936965942383,59.71379089355469,66.57168579101562,26.884916305541992,149.1999969482422,33.3183479309082
2011-04-28,103.76557922363281,39.91868591308594,35.66514587402344,60.170188903808594,66.82683563232422,26.69046401977539,149.82000732421875,33.76353454589844
2011-04-29,104.00956726074219,39.73085021972656,35.88043212890625,60.35659408569336,66.96150970458984,26.969459533691406,152.3699951171875,33.568092346191406
2011-05-02,103.8494644165039,39.98754119873047,35.887603759765625,60.45347213745117,66.94082641601562,26.69892120361328,150.41000366210938,33.616943359375
2011-05-03,103.47590637207031,39.6619873046875,35.091064453125,60.79563522338867,67.11851501464844,26.419923782348633,149.8800048828125,33.329200744628906
2011-05-04,102.7898178100586,39.32390594482422,34.509796142578125,61.066776275634766,67.2890853881836,25.99720573425293,147.72999572753906,33.139198303222656
2011-05-05,101.85966491699219,38.54756546020508,34.179691314697266,61.64775848388672,67.62305450439453,24.255603790283203,143.47000122070312,33.11746597290039
2011-05-06,102.3094711303711,38.56635284423828,34.62461471557617,61.37673568725586,67.6585922241211,24.179513931274414,145.3000030517578,32.82429122924805
2011-05-09,102.7059097290039,38.841835021972656,34.6891975402832,61.31208801269531,67.7580795288086,25.067224502563477,147.3800048828125,32.992591857910156
2011-05-10,103.58261108398438,39.211219787597656,35.09823989868164,60.87307357788086,67.43114471435547,25.295495986938477,147.89999389648438,33.513790130615234
2011-05-11,102.492431640625,38.4223518371582,34.323211669921875,61.22168731689453,67.67284393310547,24.483871459960938,146.5399932861328,33.1609001159668
2011-05-12,102.98037719726562,38.54756546020508,34.423675537109375,60.83436965942383,67.52354431152344,24.509235382080078,146.58999633789062,33.21519088745117
2011-05-13,102.18751525878906,37.946533203125,33.670188903808594,61.38310623168945,67.7865219116211,24.551509857177734,145.6300048828125,32.86228942871094
2011-05-16,101.53952026367188,37.87766647338867,33.61996078491211,61.72529602050781,67.949951171875,24.230241775512695,145.3699951171875,32.91114807128906
2011-05-17,101.52422332763672,37.95905685424805,33.72760009765625,62.358001708984375,68.14888763427734,24.2894229888916,144.74000549316406,32.90030288696289
2011-05-18,102.43148040771484,38.19070816040039,34.27298355102539,61.531593322753906,67.7580795288086,24.779775619506836,145.60000610351562,33.22062301635742
2011-05-19,102.67539978027344,38.40983581542969,34.05052947998047,61.505794525146484,67.82913208007812,24.585325241088867,145.64999389648438,33.36176681518555
2011-05-20,101.85966491699219,37.865142822265625,33.7778205871582,61.53806686401367,67.99264526367188,24.8135929107666,147.49000549316406,32.9545783996582
2011-05-23,100.67802429199219,36.98863983154297,33.07457733154297,61.83502960205078,68.08495330810547,24.416236877441406,147.8300018310547,32.61799240112305
2011-05-24,100.59417724609375,37.201499938964844,33.40468215942383,62.06746292114258,68.15605926513672,24.745960235595703,148.58999633789062,32.7157096862793
2011-05-25,100.92961120605469,37.43941116333008,33.476444244384766,61.776947021484375,68.16315460205078,25.194042205810547,148.5800018310547,32.86771774291992
2011-05-26,101.39463806152344,37.790016174316406,33.907005310058594,62.30631637573242,68.53977966308594,25.287036895751953,148.22000122070312,33.3074836730957
2011-05-27,101.78343200683594,38.06549835205078,34.265811920166016,62.28046798706055,68.53268432617188,25.430763244628906,149.6999969482422,33.497501373291016
2011-05-31,102.8431625366211,38.85434341430664,34.82554626464844,62.42253112792969,68.63929748535156,25.574487686157227,149.63999938964844,34.02956008911133
2011-06-01,100.53314971923828,37.934024810791016,34.20121383666992,63.266143798828125,69.2049560546875,25.253223419189453,149.91000366210938,33.05231857299805
2011-06-02,100.42644500732422,38.12809371948242,34.524147033691406,62.060935974121094,68.79170989990234,25.473033905029297,149.5,32.81342697143555
2011-06-03,99.42779541015625,38.146881103515625,34.351924896240234,62.4173469543457,69.0624771118164,25.574487686157227,150.22000122070312,32.94374465942383
2011-06-06,98.37564849853516,37.652286529541016,33.799346923828125,61.94432830810547,69.01966094970703,25.278583526611328,150.47999572753906,32.460540771484375
2011-06-07,98.314697265625,37.996620178222656,34.06487274169922,62.22944259643555,69.14791870117188,25.51530647277832,150.4199981689453,32.80257797241211
2011-06-08,97.90299987792969,37.50828552246094,33.82088851928711,62.71544647216797,69.2975845336914,25.726665496826172,149.80999755859375,32.71027755737305
2011-06-09,98.65013885498047,37.89645004272461,34.0864143371582,62.46269607543945,69.01966094970703,25.870391845703125,150.55999755859375,32.35738754272461
2011-06-10,97.27787017822266,37.01994705200195,33.34727096557617,62.942176818847656,69.24055480957031,25.599851608276367,149.24000549316406,31.54303741455078
2011-06-13,97.3541030883789,37.076290130615234,33.28986358642578,62.62467956542969,69.09091186523438,25.430763244628906,147.77000427246094,31.673316955566406
2011-06-14,98.58914947509766,37.73366928100586,33.79218673706055,61.678653717041016,68.54236602783203,25.608306884765625,148.6699981689453,32.14566421508789
2011-06-15,96.83568572998047,36.49403381347656,33.06740188598633,62.79963302612305,69.28329467773438,24.923500061035156,149.1199951171875,31.62989616394043
2011-06-16,97.0491714477539,36.36881637573242,32.81623077392578,63.08474349975586,69.47566986083984,24.822050094604492,148.97000122070312,31.87963104248047
2011-06-17,97.33877563476562,36.725685119628906,32.859283447265625,62.78662872314453,69.4257583618164,24.712139129638672,149.94000244140625,32.18366241455078
2011-06-20,97.83674621582031,36.68185806274414,32.80905532836914,62.86442947387695,69.31890869140625,24.57686996459961,150.02999877929688,32.574546813964844
2011-06-21,99.17752075195312,37.47698211669922,33.411861419677734,62.58578109741211,69.22628021240234,24.593780517578125,150.75999450683594,32.82973098754883
2011-06-22,98.57994842529297,37.11381912231445,33.07917404174805,62.62467956542969,69.1977767944336,24.70368766784668,150.99000549316406,32.73200607299805
2011-06-23,98.29644012451172,36.79469680786133,33.03569030761719,63.10416030883789,69.56112670898438,24.179513931274414,148.33999633789062,32.06965255737305
2011-06-24,97.15487670898438,36.443668365478516,32.97771072387695,62.83850860595703,69.85321807861328,23.892066955566406,146.25999450683594,32.0745735168457
2011-06-27,98.02062225341797,36.74362564086914,33.36184310913086,61.97670364379883,69.58253479003906,23.883609771728516,145.72999572753906,32.21146774291992
2011-06-28,99.3000717163086,37.184024810791016,33.818458557128906,61.47779846191406,68.94129180908203,24.30632972717285,146.24000549316406,32.47975540161133
2011-06-29,100.1505355834961,37.83502960205078,34.130123138427734,61.06959533691406,68.52814483642578,24.745960235595703,147.17999267578125,32.81922912597656
2011-06-30,101.10820770263672,38.38392639160156,34.49974822998047,60.972354888916016,68.29305267333984,24.483871459960938,146.0,32.90682601928711
2011-07-01,102.60218811035156,38.80516052246094,34.9056282043457,60.87491226196289,68.12234497070312,24.517690658569336,144.92999267578125,33.47080612182617
2011-07-05,102.5179214477539,38.57538986206055,34.89113998413086,61.01143264770508,68.55079650878906,24.847410202026367,147.6300048828125,33.72813415527344
2011-07-06,102.64051055908203,38.332862854003906,34.65920639038086,61.3234977722168,68.67225646972656,24.83895492553711,148.91000366210938,33.97999954223633
2011-07-07,103.70543670654297,38.66475296020508,35.1375617980957,61.141456604003906,68.40801239013672,25.363126754760742,149.14999389648438,34.40707778930664
2011-07-08,102.96991729736328,38.18606948852539,34.73894500732422,62.00614547729492,69.13648986816406,25.337764739990234,150.25,34.36326599121094
2011-07-11,101.10820770263672,37.030853271484375,33.76772689819336,62.93590545654297,69.66492462158203,25.143314361572266,151.58999633789062,33.76645278930664
2011-07-12,100.67150115966797,36.78193664550781,33.42707443237305,63.15046310424805,69.76486206054688,25.363126754760742,152.77000427246094,33.88145446777344
2011-07-13,101.00859069824219,37.330833435058594,33.97066116333008,63.32600402832031,69.87918090820312,25.70975685119629,154.13999938964844,33.54744338989258
2011-07-14,100.31141662597656,37.00532150268555,33.608272552490234,62.42228698730469,69.4792251586914,25.566030502319336,154.5399932861328,33.235355377197266
2011-07-15,100.89369201660156,37.13296890258789,33.818458557128906,62.52628707885742,69.76486206054688,25.794301986694336,155.1999969482422,33.60219192504883
2011-07-18,100.06625366210938,36.584075927734375,33.42707443237305,61.92159652709961,69.7220687866211,25.650577545166016,156.57000732421875,33.366764068603516
2011-07-19,101.69049072265625,37.13296890258789,33.91267776489258,63.20896530151367,69.98627471923828,25.8281192779541,154.66000366210938,33.90334701538086
2011-07-20,101.629150390625,37.57334899902344,34.014156341552734,62.46126174926758,69.64349365234375,25.912660598754883,156.02000427246094,34.14973449707031
2011-07-21,103.0389404296875,38.37115478515625,34.5577278137207,61.98014831542969,69.25779724121094,25.785846710205078,154.8300018310547,34.42350387573242
2011-07-22,103.10786437988281,38.40945816040039,34.53599548339844,62.44826126098633,69.52207946777344,25.99720573425293,156.1199951171875,34.5932502746582
2011-07-25,102.53324127197266,38.16691589355469,34.4635124206543,61.765567779541016,69.30070495605469,25.870391845703125,157.33999633789062,34.270198822021484
2011-07-26,102.15016174316406,38.39668655395508,34.5794792175293,62.18818283081055,69.59345245361328,26.07329559326172,157.77000427246094,34.34684371948242
2011-07-27,100.0585708618164,37.4648551940918,33.97066116333008,62.19473648071289,69.4792251586914,25.895753860473633,157.19000244140625,33.3831901550293
2011-07-28,99.76744079589844,37.37549591064453,33.999656677246094,62.42875289916992,69.61491394042969,25.811206817626953,157.32000732421875,33.41603469848633
2011-07-29,99.0855941772461,37.471229553222656,34.14461135864258,63.66410446166992,70.45761108398438,25.599851608276367,158.2899932861328,33.4215202331543
2011-08-01,98.6641845703125,36.99894332885742,34.11561584472656,64.30661010742188,70.71392822265625,25.599851608276367,157.72000122070312,32.91779327392578
2011-08-02,96.14359283447266,36.02241897583008,33.064674377441406,66.23749542236328,71.36531829833984,25.599851608276367,161.52000427246094,31.866506576538086
2011-08-03,96.6645736694336,36.2330436706543,32.94872283935547,66.36795806884766,71.4225845336914,25.219404220581055,161.49000549316406,31.603694915771484
2011-08-04,92.13667297363281,33.70560073852539,31.06427574157715,68.72942352294922,72.36754608154297,24.26405906677246,160.63999938964844,30.05965232849121
2011-08-05,91.99873352050781,34.299171447753906,30.861337661743164,66.74635314941406,71.52997589111328,24.36551284790039,161.75,29.309526443481445
2011-08-08,86.00750732421875,31.73981285095215,28.288349151611328,68.85335540771484,72.66822052001953,23.460893630981445,167.1199951171875,26.763498306274414
2011-08-09,90.00678253173828,33.8779296875,29.94810676574707,69.06212615966797,73.09062194824219,23.68916130065918,168.61000061035156,29.20001983642578
2011-08-10,86.03046417236328,31.854694366455078,28.360830307006836,71.11695861816406,74.0569839477539,23.79061508178711,174.5800018310547,28.526548385620117
2011-08-11,89.89183044433594,33.380104064941406,29.92636489868164,67.5291519165039,72.96887969970703,24.30632972717285,170.75,30.004892349243164
2011-08-12,90.49708557128906,33.7630500793457,29.91187286376953,68.86639404296875,73.47712707519531,24.272512435913086,169.97000122070312,29.99942398071289
2011-08-15,92.4124526977539,34.5480842590332,30.607656478881836,68.16841125488281,73.20512390136719,24.568416595458984,171.8000030517578,31.094484329223633
2011-08-16,91.62332153320312,34.04387283325195,30.346736907958984,69.2969741821289,73.54157257080078,24.568416595458984,173.9199981689453,31.00141716003418
2011-08-17,91.68463897705078,34.24172592163086,30.564176559448242,70.51026916503906,74.0569839477539,24.779775619506836,174.4199981689453,31.08900260925293
2011-08-18,87.73130798339844,32.5759162902832,29.121854782104492,71.95844268798828,74.44361114501953,24.171062469482422,177.72000122070312,29.703750610351562
2011-08-19,86.29862976074219,32.02064895629883,28.759462356567383,72.53905487060547,74.52233123779297,24.60223388671875,179.9499969482422,29.134319305419922
2011-08-22,86.36756134033203,32.22488021850586,28.73046875,72.35629272460938,74.38636016845703,24.644508361816406,184.58999633789062,29.16716957092285
2011-08-23,89.2099609375,33.2715950012207,29.7379093170166,71.35833740234375,74.0856704711914,24.89813995361328,177.6699981689453,29.884441375732422
2011-08-24,90.46646118164062,33.28436279296875,29.448001861572266,69.32959747314453,73.291015625,24.644508361816406,171.64999389648438,30.278671264648438
2011-08-25,89.08739471435547,32.48017883300781,28.875423431396484,70.07974243164062,73.74203491210938,24.754413604736328,172.36000061035156,29.714706420898438
2011-08-26,90.38215637207031,32.99077224731445,29.368282318115234,70.7712173461914,73.97821807861328,25.03340721130371,177.47000122070312,30.076074600219727
2011-08-29,92.97937774658203,33.77581024169922,30.317737579345703,69.79273223876953,73.49151611328125,25.117952346801758,173.88999938964844,31.105453491210938
2011-08-30,93.22453308105469,33.57795715332031,30.36122703552246,70.91471862792969,73.99974060058594,25.45612335205078,179.10000610351562,31.193052291870117
2011-08-31,93.63827514648438,34.19065856933594,30.984554290771484,69.81880950927734,73.73492431640625,25.498397827148438,177.72000122070312,31.54347801208496
2011-09-01,92.65763092041016,33.769432067871094,30.817853927612305,71.29882049560547,74.32247161865234,25.320858001708984,177.8699951171875,31.08900260925293
2011-09-02,90.29021453857422,33.016300201416016,30.122051239013672,73.61509704589844,75.00408935546875,25.18558692932129,183.24000549316406,30.355321884155273
2011-09-06,89.63134765625,31.931285858154297,29.810388565063477,74.38062286376953,75.10457611083984,25.101043701171875,182.89999389648438,30.223913192749023
2011-09-07,92.1596450805664,32.882259368896484,30.69462776184082,72.96075439453125,74.70276641845703,25.32931137084961,177.0800018310547,31.36277961730957
2011-09-08,91.20195007324219,32.23126220703125,30.01334571838379,73.61509704589844,75.06867218017578,25.16022300720215,181.80999755859375,31.12186622619629
2011-09-09,88.81158447265625,31.114330291748047,28.99864387512207,74.4001693725586,75.4345703125,24.762866973876953,180.6999969482422,30.147262573242188
2011-09-12,89.38619232177734,30.980304718017578,28.940658569335938,74.47869873046875,75.2049789428711,24.70368766784668,176.6699981689453,30.24580955505371
2011-09-13,90.2059555053711,31.31219482421875,28.984146118164062,73.41873931884766,74.9825668334961,24.62759780883789,178.5399932861328,30.316991806030273
2011-09-14,91.45476531982422,31.784482955932617,28.904422760009766,74.04037475585938,75.02560424804688,24.509235382080078,177.2100067138672,30.514097213745117
2011-09-15,93.03303527832031,32.47378921508789,29.324783325195312,72.90837860107422,74.46595764160156,24.610689163208008,174.39999389648438,31.017818450927734
2011-09-16,93.58365631103516,32.48655319213867,29.375520706176758,73.43839263916016,74.60950469970703,24.500782012939453,176.02999877929688,31.31897735595703
2011-09-19,92.65181732177734,31.593019485473633,28.50579071044922,74.83859252929688,75.21929931640625,24.086517333984375,173.30999755859375,30.634565353393555
2011-09-20,92.54402923583984,31.720666885375977,28.295597076416016,75.15264892578125,75.31974792480469,24.04424476623535,175.77999877929688,30.618131637573242
2011-09-21,89.81782531738281,30.776063919067383,27.24465560913086,77.63899993896484,75.64259338378906,23.68916130065918,173.58999633789062,29.002912521362305
2011-09-22,86.91448974609375,29.780412673950195,25.331235885620117,80.55716705322266,76.34576416015625,22.85218048095703,169.0500030517578,28.296588897705078
2011-09-23,87.43819427490234,30.118675231933594,26.005277633666992,79.05885314941406,75.71437072753906,22.446365356445312,159.8000030517578,28.5050048828125
2011-09-26,89.51750183105469,30.73776626586914,26.39666175842285,77.78946685791016,75.39866638183594,22.522457122802734,157.5800018310547,28.90306854248047
2011-09-27,90.51862335205078,31.497289657592773,27.23741340637207,76.5986328125,74.89643859863281,22.902904510498047,160.6300048828125,29.190555572509766
2011-09-28,88.67034149169922,30.96115493774414,26.418411254882812,76.57245635986328,74.91080474853516,22.285736083984375,156.22000122070312,28.44972801208496
2011-09-29,89.37115478515625,31.56748390197754,26.78080177307129,77.10248565673828,74.91080474853516,22.547819137573242,157.6999969482422,28.892000198364258
2011-09-30,87.13783264160156,30.495243072509766,25.4399471282959,79.03921508789062,75.38433074951172,21.770017623901367,158.05999755859375,28.12354278564453
2011-10-03,84.6580810546875,29.691049575805664,24.903606414794922,81.21432495117188,76.0824203491211,21.660110473632812,160.9600067138672,26.79670524597168
2011-10-04,86.51405334472656,30.188875198364258,25.287742614746094,80.18452453613281,75.69416809082031,21.617839813232422,157.63999938964844,27.852651596069336
2011-10-05,88.11589813232422,30.654796600341797,25.874826431274414,79.60722351074219,75.37786102294922,21.922197341918945,159.4600067138672,27.61492347717285
2011-10-06,89.71000671386719,31.478130340576172,26.730066299438477,78.13790130615234,74.85308074951172,22.37873077392578,160.49000549316406,28.372329711914062
2011-10-07,89.10933685302734,31.261133193969727,26.411161422729492,77.56063079833984,74.46482849121094,22.277280807495117,159.17999267578125,27.58174705505371
2011-10-10,92.08964538574219,32.45463943481445,27.59255599975586,76.46517181396484,73.68121337890625,22.776090621948242,163.27000427246094,28.95836067199707
2011-10-11,92.18206024169922,32.39720153808594,27.607057571411133,76.20935821533203,73.92565155029297,22.945175170898438,162.10000610351562,28.383380889892578
2011-10-12,92.9906997680664,32.869510650634766,28.382566452026367,75.10076904296875,73.67406463623047,22.987449645996094,163.25999450683594,28.847774505615234
2011-10-13,92.80583953857422,32.882259368896484,28.128894805908203,75.8486099243164,73.96881103515625,23.03817367553711,162.3000030517578,28.659820556640625
2011-10-14,94.39227294921875,33.26521682739258,28.694231033325195,74.74654388427734,73.60211944580078,23.562349319458008,163.39999389648438,29.32323455810547
2011-10-17,92.59024047851562,32.49931716918945,27.7230167388916,76.03881072998047,74.08383178710938,23.224170684814453,162.6199951171875,28.68745231628418
2011-10-18,94.39999389648438,32.96524429321289,28.462303161621094,75.56649017333984,74.0047836303711,23.35098648071289,161.83999633789062,29.69917869567871
2011-10-19,93.28333282470703,32.371673583984375,27.918718338012695,75.54029846191406,74.11976623535156,22.89444923400879,159.8699951171875,29.356401443481445
2011-10-20,93.69148254394531,32.45463943481445,27.382366180419922,75.00237274169922,73.96881103515625,22.860633850097656,157.77000427246094,29.522253036499023
2011-10-21,95.47041320800781,33.239681243896484,28.165132522583008,74.20865631103516,73.83220672607422,22.978992462158203,159.52000427246094,30.495275497436523
2011-10-24,96.64100646972656,33.73752212524414,29.266817092895508,74.33332061767578,73.79625701904297,23.3425350189209,161.02000427246094,31.252683639526367
2011-10-25,94.76191711425781,33.15671920776367,28.686986923217773,76.22249603271484,74.42890930175781,23.418621063232422,165.58999633789062,30.744077682495117
2011-10-26,95.72457885742188,33.609859466552734,29.21607208251953,74.89091491699219,73.88252258300781,23.28335189819336,167.39999389648438,30.97072982788086
2011-10-27,99.05913543701172,35.46715545654297,30.991806030273438,72.35234832763672,72.99109649658203,23.90052032470703,169.5500030517578,32.44131088256836
2011-10-28,99.03604125976562,35.26292037963867,30.730880737304688,73.11322784423828,73.42959594726562,23.799068450927734,169.6199951171875,32.50764846801758
2011-10-31,96.64871215820312,33.431156158447266,29.57846450805664,76.01258850097656,74.41449737548828,23.435527801513672,167.33999633789062,32.142784118652344
2011-11-01,93.95333099365234,32.384437561035156,28.860931396484375,78.55705261230469,75.3070068359375,23.15653419494629,167.3800048828125,31.108945846557617
2011-11-02,95.48582458496094,32.658878326416016,29.74516487121582,77.57715606689453,75.126953125,23.300260543823242,169.05999755859375,31.70602035522461
2011-11-03,97.22626495361328,33.482215881347656,30.049577713012695,76.51175689697266,74.77395629882812,23.587709426879883,171.72000122070312,32.142784118652344
2011-11-04,96.63329315185547,33.06097412109375,29.853885650634766,76.60382080078125,74.997314453125,23.663799285888672,170.85000610351562,31.882946014404297
2011-11-07,97.23396301269531,33.201393127441406,30.107566833496094,77.09048461914062,75.08377838134766,24.010427474975586,174.97999572753906,31.888469696044922
2011-11-08,98.48155212402344,33.60348129272461,30.46269416809082,76.10399627685547,74.74517059326172,24.128787994384766,173.52999877929688,32.30310821533203
2011-11-09,94.84663391113281,31.88022804260254,28.67973518371582,77.68234252929688,75.40789031982422,23.59616470336914,172.07000732421875,30.826988220214844
2011-11-10,95.73997497558594,32.25678253173828,28.868179321289062,76.52490234375,75.04051208496094,23.57080078125,171.13999938964844,30.82145118713379
2011-11-11,97.54200744628906,33.06097412109375,29.563976287841797,76.05796813964844,74.69473266601562,23.799068450927734,173.9600067138672,31.650733947753906
2011-11-14,96.61786651611328,32.47378921508789,29.1580867767334,77.28119659423828,75.16300964355469,23.545438766479492,173.1999969482422,31.064699172973633
2011-11-15,97.0953598022461,32.384437561035156,29.339284896850586,77.17598724365234,75.0621109008789,23.71452522277832,173.36000061035156,31.296916961669922
2011-11-16,95.55512237548828,31.76534080505371,28.549274444580078,77.87968444824219,75.33587646484375,23.655344009399414,171.50999450683594,30.998382568359375
2011-11-17,94.03802490234375,31.42069435119629,27.82448387145996,78.50447845458984,75.48716735839844,23.105810165405273,167.10000610351562,30.428936004638672
2011-11-18,93.93791198730469,31.529203414916992,27.933204650878906,78.48469543457031,75.20618438720703,23.071992874145508,167.6199951171875,30.622447967529297
2011-11-21,92.15123748779297,30.731393814086914,27.03447151184082,78.95166778564453,75.41508483886719,22.902904510498047,163.5,29.84844398498535
2011-11-22,91.78932189941406,30.642038345336914,27.12869644165039,79.8329086303711,75.64562225341797,23.055082321166992,165.30999755859375,29.710237503051758
2011-11-23,89.7638931274414,29.799551010131836,26.251710891723633,80.61552429199219,75.90497589111328,22.708452224731445,164.8300018310547,28.814599990844727
2011-11-25,89.59449005126953,29.646381378173828,26.164724349975586,79.44490051269531,75.42229461669922,22.522457122802734,163.39999389648438,28.941770553588867
2011-11-28,92.18975067138672,30.91010284423828,27.418603897094727,79.40541076660156,75.42951202392578,22.801448822021484,166.6300048828125,29.588600158691406
2011-11-29,92.45160675048828,31.114330291748047,27.29539680480957,78.75436401367188,75.28543090820312,23.097354888916016,166.8800048828125,29.544376373291016
2011-11-30,96.25590515136719,32.70356750488281,28.99864387512207,77.5245132446289,74.84600830078125,23.367895126342773,170.1300048828125,30.92097282409668
2011-12-01,96.2405776977539,32.422733306884766,28.91166114807129,77.13550567626953,74.8243408203125,23.28335189819336,169.6300048828125,30.666654586791992
2011-12-02,96.15582275390625,32.416358947753906,28.824695587158203,78.21680450439453,75.15636444091797,23.486257553100586,169.82000732421875,30.639013290405273
2011-12-05,97.20318603515625,32.786529541015625,29.295795440673828,78.05854034423828,75.11310577392578,23.359439849853516,167.32000732421875,30.898860931396484
2011-12-06,97.23396301269531,32.63335418701172,28.897165298461914,77.31356811523438,74.91815185546875,23.486257553100586,168.17999267578125,30.849098205566406
2011-12-07,97.5959243774414,32.86312484741211,29.01313018798828,77.59040832519531,75.25740051269531,23.28335189819336,169.39999389648438,31.186349868774414
2011-12-08,95.45500946044922,31.784482955932617,27.969444274902344,78.5595474243164,75.63996124267578,22.987449645996094,165.97999572753906,30.478694915771484
2011-12-09,97.07225799560547,32.5759162902832,28.534774780273438,76.9443359375,75.1202621459961,23.071992874145508,166.39999389648438,31.147634506225586
2011-12-12,95.65522003173828,31.62493324279785,27.46209144592285,77.80142974853516,75.38015747070312,22.776090621948242,161.99000549316406,30.59480094909668
2011-12-13,94.76191711425781,31.197309494018555,27.20842170715332,78.52664947509766,75.72652435302734,22.86908721923828,158.4499969482422,30.235443115234375
2011-12-14,93.75308990478516,30.827123641967773,26.81704330444336,80.01002502441406,76.04415130615234,22.05746841430664,152.88999938964844,30.412343978881836
2011-12-15,94.0919189453125,30.980304718017578,26.990989685058594,79.71333312988281,75.97916412353516,21.947559356689453,152.3300018310547,30.92097282409668
2011-12-16,94.23143005371094,30.85265350341797,27.193925857543945,80.64295196533203,76.34730529785156,22.125102996826172,155.22999572753906,31.263736724853516
2011-12-19,93.22395324707031,30.565462112426758,26.49088478088379,81.66474914550781,76.60710906982422,22.023649215698242,154.8699951171875,30.992849349975586
2011-12-20,96.04488372802734,31.643478393554688,27.600915908813477,79.62762451171875,75.9142074584961,22.53091049194336,156.97999572753906,31.932689666748047
2011-12-21,96.23092651367188,31.475536346435547,27.688724517822266,78.52005767822266,75.66886138916016,22.691545486450195,157.16000366210938,31.921634674072266
2011-12-22,97.08341979980469,31.759748458862305,28.054597854614258,78.84968566894531,75.76261901855469,22.716909408569336,156.0399932861328,32.380489349365234
2011-12-23,97.95138549804688,31.979358673095703,28.16435432434082,77.97286224365234,75.45231628417969,22.826814651489258,156.30999755859375,32.521366119384766
2011-12-27,98.02887725830078,31.837257385253906,27.89361572265625,78.34321594238281,75.49494934082031,22.928266525268555,154.91000366210938,32.66671371459961
2011-12-28,96.74239349365234,31.262393951416016,27.425302505493164,79.79167938232422,75.97215270996094,22.657726287841797,151.02999877929688,32.275413513183594
2011-12-29,97.74213409423828,31.837257385253906,27.73995018005371,79.93720245361328,76.06620025634766,22.725360870361328,150.33999633789062,32.560489654541016
2011-12-30,97.26168060302734,31.992279052734375,27.761905670166016,80.19515991210938,76.33369445800781,22.691545486450195,151.99000549316406,32.420745849609375
2012-01-03,98.81163024902344,32.86426544189453,28.610702514648438,78.99141693115234,75.84927368164062,23.367895126342773,155.9199981689453,32.69464874267578
2012-01-04,98.96662902832031,32.67049026489258,28.449729919433594,78.05221557617188,75.61065673828125,23.545438766479492,156.7100067138672,32.13566970825195
2012-01-05,99.2301254272461,32.1860466003418,28.32533073425293,77.91329956054688,75.62511444091797,23.224170684814453,157.77999877929688,32.43750762939453
2012-01-06,98.97441101074219,31.74683952331543,27.966781616210938,78.5284423828125,75.92154693603516,23.325624465942383,157.1999969482422,32.33131790161133
2012-01-09,99.21463775634766,31.869552612304688,28.259475708007812,78.3895492553711,75.93602752685547,23.35098648071289,156.5,32.219512939453125
2012-01-10,100.07486724853516,32.35398483276367,28.874135971069336,78.25725555419922,75.7842025756836,23.52007484436035,158.63999938964844,32.57725524902344
2012-01-11,100.12910461425781,32.25065231323242,28.89608383178711,79.27577209472656,76.22521209716797,23.452438354492188,159.6699981689453,32.80643844604492
2012-01-12,100.36937713623047,32.386287689208984,29.013158798217773,79.1633529663086,76.06620025634766,23.12272071838379,160.3800048828125,32.56608200073242
2012-01-13,99.85013580322266,32.03749084472656,28.749738693237305,79.95043182373047,76.40599822998047,23.071992874145508,159.25999450683594,32.63874435424805
2012-01-17,100.23761749267578,32.41858673095703,29.29853057861328,80.32083129882812,76.47833251953125,23.23262596130371,160.5,32.907066345214844
2012-01-18,101.34587097167969,32.96116256713867,30.0375919342041,79.34856414794922,76.23973083496094,23.241079330444336,161.60000610351562,33.13623809814453
2012-01-19,101.88060760498047,33.36808395385742,30.301013946533203,78.25725555419922,75.7842025756836,23.3425350189209,161.22000122070312,33.26481246948242
2012-01-20,102.2603759765625,33.54247283935547,30.27906608581543,77.37096405029297,75.52385711669922,23.173442840576172,162.07000732421875,33.47163772583008
2012-01-23,101.9968490600586,33.671661376953125,30.57175064086914,76.88153839111328,75.35757446289062,23.443984985351562,163.16000366210938,33.633724212646484
2012-01-24,101.88060760498047,33.484344482421875,30.615657806396484,77.02043151855469,75.44432067871094,23.486257553100586,162.00999450683594,33.89085388183594
2012-01-25,102.73310852050781,33.8331413269043,30.959571838378906,76.83522033691406,75.80587005615234,23.680707931518555,166.4199981689453,34.32686233520508
2012-01-26,102.20613098144531,33.8460693359375,30.835168838500977,77.85380554199219,76.21080017089844,23.748342514038086,167.27000427246094,34.567230224609375
2012-01-27,102.15963745117188,33.90419387817383,30.99615478515625,78.09850311279297,76.44217681884766,23.8328857421875,168.97000122070312,34.578399658203125
2012-01-30,101.81085968017578,33.50373077392578,30.549802780151367,79.01785278320312,76.70247650146484,23.587709426879883,168.02999877929688,34.32127380371094
2012-01-31,101.7721176147461,33.67812728881836,30.813220977783203,79.93061065673828,76.99172973632812,23.528526306152344,169.30999755859375,34.48897171020508
2012-02-01,102.66336822509766,34.20777130126953,31.493730545043945,79.01500701904297,76.72443389892578,23.604618072509766,169.55999755859375,34.829952239990234
2012-02-02,102.82610321044922,34.278831481933594,31.58154296875,78.98188781738281,76.83306121826172,23.663799285888672,171.0500030517578,34.9081916809082
2012-02-03,104.2676010131836,34.81494140625,32.1083869934082,77.28458404541016,76.22457122802734,23.942790985107422,167.63999938964844,35.394508361816406
2012-02-06,104.1978530883789,34.64699935913086,31.837648391723633,78.05366516113281,76.43465423583984,24.0611515045166,167.17999267578125,35.28272247314453
2012-02-07,104.46135711669922,34.86015319824219,31.90349578857422,77.08573913574219,75.94208526611328,24.04424476623535,169.6999969482422,35.193275451660156
2012-02-08,104.77134704589844,34.982872009277344,32.130340576171875,77.14539337158203,75.97830963134766,24.154151916503906,168.5,35.254764556884766
2012-02-09,104.9030990600586,35.07331085205078,32.1157112121582,76.5685806274414,75.80445861816406,24.280967712402344,168.02000427246094,34.99763488769531
2012-02-10,104.12809753417969,34.40800857543945,31.40591812133789,77.56306457519531,76.23184204101562,24.052698135375977,167.13999938964844,34.67343521118164
2012-02-13,104.9030990600586,34.80200958251953,31.918140411376953,77.66249084472656,76.18114471435547,24.111881256103516,167.50999450683594,35.02558135986328
2012-02-14,104.77134704589844,34.54365158081055,31.65471649169922,78.07353210449219,76.34050750732422,24.103425979614258,167.1199951171875,34.66783142089844
2012-02-15,104.2830810546875,34.58241271972656,31.74251937866211,77.93431091308594,76.39846801757812,24.187969207763672,168.11000061035156,34.46101760864258
2012-02-16,105.4378433227539,35.060386657714844,32.086421966552734,77.31111145019531,76.05074310302734,24.297874450683594,168.0,34.82434844970703
2012-02-17,105.71685028076172,35.21540451049805,32.14496994018555,77.29122924804688,75.97105407714844,24.255603790283203,167.35000610351562,34.85230255126953
2012-02-21,105.7633285522461,35.22186279296875,32.01326370239258,76.43595886230469,75.6958236694336,24.636051177978516,171.02000427246094,34.310096740722656
2012-02-22,105.4223403930664,35.11851501464844,32.071800231933594,77.39727783203125,75.99285125732422,24.864320755004883,172.94000244140625,34.01942443847656
2012-02-23,105.88733673095703,35.409183502197266,32.01326370239258,77.39727783203125,76.1014175415039,24.94040870666504,173.02000427246094,34.44424819946289
2012-02-24,106.11981964111328,35.622344970703125,32.335227966308594,77.90119934082031,76.1594009399414,25.092588424682617,172.22999572753906,34.48897171020508
2012-02-27,106.298095703125,35.44148254394531,32.01326370239258,78.59066772460938,76.41291046142578,24.88968276977539,171.6999969482422,34.433067321777344
2012-02-28,106.60809326171875,35.77089309692383,32.45962142944336,78.33214569091797,76.4490966796875,24.8812313079834,173.49000549316406,34.231842041015625
2012-02-29,106.18959045410156,35.30583572387695,32.43766784667969,77.85476684570312,76.14488220214844,24.78822898864746,164.2899932861328,34.09209060668945
2012-03-01,106.73983764648438,35.70630645751953,32.74498748779297,77.12183380126953,75.89823913574219,25.177133560180664,166.61000061035156,34.29891586303711
2012-03-02,106.41433715820312,35.376888275146484,32.66450881958008,77.84618377685547,76.20296478271484,24.923500061035156,166.33999633789062,34.24860763549805
2012-03-05,105.98030090332031,35.18956756591797,32.101070404052734,77.22816467285156,76.05060577392578,24.805139541625977,165.64999389648438,34.59517288208008
2012-03-06,104.43033599853516,34.065673828125,31.02542495727539,78.16513061523438,76.36984252929688,24.399328231811523,162.6999969482422,34.136817932128906
2012-03-07,105.15885162353516,34.48551940917969,31.398611068725586,77.6866455078125,76.22469329833984,24.509235382080078,163.6300048828125,34.32127380371094
2012-03-08,106.20503997802734,35.22832107543945,32.05717086791992,76.90917205810547,75.99984741210938,24.712139129638672,165.27999877929688,34.142391204833984
2012-03-09,106.6158218383789,35.112056732177734,32.042537689208984,77.06201171875,75.94173431396484,24.779775619506836,166.3800048828125,34.310096740722656
2012-03-12,106.6235580444336,35.02163314819336,31.691307067871094,77.04874420166016,75.91997528076172,24.745960235595703,165.07000732421875,34.5616340637207
2012-03-13,108.5455322265625,35.59003448486328,32.55475616455078,75.69316101074219,75.37588500976562,24.855865478515625,162.3000030517578,35.260345458984375
2012-03-14,108.42931365966797,35.273536682128906,32.042537689208984,73.78604888916016,74.51246643066406,24.686777114868164,159.57000732421875,35.16532516479492
2012-03-15,109.05703735351562,35.60940933227539,32.29863739013672,73.89904022216797,74.49073791503906,24.70368766784668,161.0800018310547,35.115028381347656
2012-03-16,109.20806121826172,35.85486602783203,32.26205825805664,74.04522705078125,74.46891784667969,25.00804328918457,161.3000030517578,35.316253662109375
2012-03-19,109.63617706298828,36.042179107666016,32.137664794921875,73.16143035888672,74.01182556152344,24.96577262878418,161.58999633789062,35.56221008300781
2012-03-20,109.3170394897461,35.615875244140625,31.58154296875,73.45376586914062,74.04814910888672,24.661415100097656,160.1300048828125,35.51190185546875
2012-03-21,109.13803100585938,35.38333511352539,31.640079498291016,74.28441619873047,74.42540740966797,24.60223388671875,160.2100067138672,35.46158218383789
2012-03-22,108.35182189941406,35.13789749145508,31.157136917114258,74.52365112304688,74.51971435546875,24.40778350830078,159.57000732421875,34.97528076171875
2012-03-23,108.70211791992188,35.38333511352539,31.391300201416016,75.22802734375,74.79541778564453,24.644508361816406,161.52999877929688,35.193275451660156
2012-03-26,110.22775268554688,35.83548355102539,31.940082550048828,74.84259796142578,74.70840454101562,24.754413604736328,164.39999389648438,35.60573959350586
2012-03-27,109.88526153564453,35.60940933227539,31.771799087524414,75.38085174560547,75.1219482421875,24.652957916259766,163.24000549316406,35.61137390136719
2012-03-28,109.34041595458984,35.36396789550781,31.23763084411621,75.27455139160156,74.9913101196289,24.416236877441406,161.50999450683594,35.55502700805664
2012-03-29,109.15357971191406,35.13789749145508,31.20103645324707,75.83934020996094,75.30331420898438,24.078060150146484,161.27999877929688,35.571937561035156
2012-03-30,109.60504913330078,35.454402923583984,31.427875518798828,74.5569076538086,74.93327331542969,24.348602294921875,162.1199951171875,35.86494445800781
2012-04-02,110.40680694580078,35.86777877807617,31.859609603881836,74.96987915039062,75.11279296875,24.661415100097656,162.94000244140625,36.118499755859375
2012-04-03,109.95530700683594,35.24125289916992,31.676673889160156,73.67079162597656,74.56044006347656,24.551509857177734,159.88999938964844,35.977622985839844
2012-04-04,108.86554718017578,34.453224182128906,31.10591697692871,74.68346405029297,74.93840026855469,24.171062469482422,157.2100067138672,35.58320236206055
2012-04-05,108.81108093261719,34.24653625488281,31.274206161499023,75.22309875488281,75.27272033691406,24.26405906677246,158.30999755859375,35.44796371459961
2012-04-09,107.58900451660156,34.09796905517578,30.813220977783203,76.98194885253906,76.0430679321289,24.154151916503906,159.3699951171875,35.0704460144043
2012-04-10,105.78315734863281,33.36808395385742,30.213205337524414,77.8546371459961,76.3991928100586,23.8328857421875,161.10000610351562,34.315391540527344
2012-04-11,106.63936614990234,33.8331413269043,30.542482376098633,76.9219741821289,76.10118103027344,23.892066955566406,161.07000732421875,34.75490188598633
2012-04-12,108.03266906738281,34.453224182128906,31.325439453125,76.60215759277344,75.94855499267578,24.204877853393555,162.6999969482422,35.23385238647461
2012-04-13,106.74835205078125,33.794395446777344,30.84981346130371,77.84138488769531,76.40644073486328,23.959699630737305,160.85000610351562,35.08734893798828
2012-04-16,106.67828369140625,34.039833068847656,30.696144104003906,77.72806549072266,76.3846664428711,23.722980499267578,160.4600067138672,35.56630325317383
2012-04-17,108.2584228515625,34.58241271972656,31.047380447387695,77.68143463134766,76.30472564697266,23.8328857421875,160.25,35.87058639526367
2012-04-18,107.89257049560547,34.40155029296875,30.90103530883789,77.907958984375,76.457275390625,23.604618072509766,159.30999755859375,35.62827682495117
2012-04-19,107.1998291015625,34.19485855102539,30.762004852294922,77.98127746582031,76.54451751708984,23.613073348999023,159.42999267578125,35.62827682495117
2012-04-20,107.37885284423828,34.5242805480957,30.97420883178711,77.99454498291016,76.55183410644531,23.706071853637695,159.5399932861328,36.0621452331543
2012-04-23,106.47589874267578,33.8331413269043,30.381511688232422,78.560791015625,76.70442199707031,23.663799285888672,159.07000732421875,35.69025802612305
2012-04-24,106.88069152832031,34.104427337646484,30.44736671447754,78.00789642333984,76.50822448730469,23.663799285888672,159.3000030517578,36.22556686401367
2012-04-25,108.34402465820312,34.56949234008789,30.72541618347168,77.60816955566406,76.41370391845703,23.799068450927734,159.6199951171875,36.64252853393555
2012-04-26,109.09909057617188,34.77618408203125,30.915666580200195,78.07456970214844,76.66809844970703,23.849794387817383,161.02999877929688,36.73268508911133
2012-04-27,109.27810668945312,34.91828536987305,30.959571838378906,78.14118194580078,76.74803924560547,23.92588233947754,161.3800048828125,36.98624038696289
2012-04-30,108.87335205078125,34.718055725097656,30.893714904785156,78.16111755371094,76.81343078613281,24.01888084411621,161.8800048828125,36.89045333862305
2012-05-01,109.5505599975586,34.86015319824219,31.098602294921875,77.75574493408203,76.67371368408203,24.01888084411621,161.32000732421875,37.290523529052734
2012-05-02,109.22362518310547,34.588871002197266,31.04005241394043,78.30335998535156,76.81929016113281,23.706071853637695,160.58999633789062,37.23417663574219
2012-05-03,108.3907241821289,34.28528594970703,30.805912017822266,78.28336334228516,76.81198120117188,23.443984985351562,158.97000122070312,37.10456848144531
2012-05-04,106.63936614990234,33.76209259033203,30.264427185058594,78.89774322509766,77.11771392822266,23.029720306396484,159.47000122070312,36.77775192260742
2012-05-07,106.71717071533203,34.007537841796875,30.374181747436523,78.91112518310547,77.09590911865234,22.978992462158203,159.0800018310547,37.03696823120117
2012-05-08,106.28910064697266,33.484344482421875,29.89124870300293,79.33186340332031,77.27053833007812,22.89444923400879,156.0,36.96934509277344
2012-05-09,105.65859985351562,33.096805572509766,29.5034236907959,79.3852767944336,77.33606719970703,22.716909408569336,154.47000122070312,36.851009368896484
2012-05-10,105.87654113769531,33.2518196105957,29.627819061279297,79.15152740478516,77.2269058227539,22.725360870361328,154.77000427246094,36.87918472290039
2012-05-11,105.55742645263672,33.04512023925781,29.247316360473633,79.80599975585938,77.4817123413086,22.5562744140625,153.55999755859375,36.958065032958984
2012-05-14,104.38983917236328,32.41212844848633,28.581439971923828,80.92123413085938,77.8238296508789,22.260374069213867,151.3300018310547,36.49038314819336
2012-05-15,103.79048156738281,32.00519943237305,28.332651138305664,81.24853515625,77.84567260742188,22.302642822265625,149.74000549316406,36.29880142211914
2012-05-16,103.39350128173828,31.688701629638672,27.930198669433594,81.48225402832031,77.90393829345703,22.277280807495117,149.4600067138672,35.898738861083984
2012-05-17,101.86004638671875,31.3011417388916,27.549699783325195,82.9248046875,78.19510650634766,22.2265567779541,152.8000030517578,34.85068130493164
2012-05-18,100.9882583618164,31.075069427490234,27.286273956298828,82.94481658935547,78.14415740966797,22.209646224975586,154.5500030517578,34.42807388305664
2012-05-21,102.72405242919922,31.759748458862305,27.937522888183594,82.77118682861328,77.94026947021484,22.50554847717285,154.64999389648438,35.17750930786133
2012-05-22,102.90313720703125,31.643478393554688,27.64482307434082,81.84951782226562,77.7728500366211,22.184282302856445,152.0800018310547,35.245121002197266
2012-05-23,102.95757293701172,31.385120391845703,27.45457649230957,82.41722106933594,77.97672271728516,21.939105987548828,151.6199951171875,35.295841217041016
2012-05-24,103.15995788574219,31.178424835205078,27.31554412841797,82.10338592529297,77.80924987792969,21.947559356689453,151.41000366210938,35.4536018371582
2012-05-25,102.82527160644531,31.068613052368164,27.183834075927734,82.41053009033203,78.03494262695312,22.023649215698242,152.67999267578125,35.3127326965332
2012-05-29,104.0706558227539,31.462631225585938,27.952150344848633,82.15674591064453,77.96936798095703,21.93065071105957,151.02000427246094,35.81422424316406
2012-05-30,102.56057739257812,30.719818115234375,27.46920394897461,84.24042510986328,78.71192932128906,21.524839401245117,151.91000366210938,34.9633903503418
2012-05-31,102.33486938476562,30.849000930786133,27.586286544799805,85.21542358398438,79.01766967773438,21.33884620666504,151.6199951171875,35.22821807861328
2012-06-01,99.75841522216797,30.06745147705078,26.84723472595215,87.23849487304688,79.6964340209961,20.899215698242188,157.5,34.36610794067383
2012-06-04,99.71171569824219,30.319355010986328,26.964313507080078,86.54917907714844,79.23709106445312,21.017580032348633,157.32000732421875,34.129451751708984
2012-06-05,100.46673583984375,30.538959503173828,27.037487030029297,85.39144134521484,78.97461700439453,20.941490173339844,157.13999938964844,34.83378219604492
2012-06-06,102.72405242919922,31.391576766967773,27.827754974365234,83.68495178222656,78.45700073242188,21.33038902282715,157.2100067138672,35.60573959350586
2012-06-07,102.78636932373047,31.436777114868164,27.996055603027344,83.81214141845703,78.64652252197266,21.186664581298828,154.5,35.3521842956543
2012-06-08,103.60369110107422,31.33344078063965,27.75459098815918,83.79203033447266,78.70489501953125,21.254301071166992,154.72999572753906,35.853668212890625
2012-06-11,102.2881851196289,31.029870986938477,27.352134704589844,84.17347717285156,78.91627502441406,20.865398406982422,155.36000061035156,35.04792022705078
2012-06-12,103.46354675292969,31.546598434448242,27.922882080078125,83.4039077758789,78.4934310913086,20.96685028076172,156.4600067138672,35.380340576171875
2012-06-13,102.80194091796875,31.294687271118164,27.820436477661133,84.22702026367188,78.90906524658203,20.80621910095215,157.1199951171875,35.20003890991211
2012-06-14,103.89168548583984,31.5272216796875,28.018007278442383,84.11993408203125,78.69757080078125,21.051393508911133,157.75,35.712799072265625
2012-06-15,104.95420837402344,31.972904205322266,28.53021812438965,84.58841705322266,79.0621566772461,21.017580032348633,157.83999633789062,35.93255615234375
2012-06-18,105.15763092041016,31.882469177246094,28.588756561279297,85.0434799194336,79.040283203125,21.034486770629883,157.92999267578125,36.2311897277832
2012-06-19,106.17479705810547,32.41212844848633,29.049755096435547,83.93255615234375,78.77046966552734,21.21202850341797,157.16000366210938,36.377685546875
2012-06-20,106.00262451171875,32.59943771362305,28.95462417602539,84.34747314453125,78.61005401611328,20.865398406982422,155.97000122070312,36.36079406738281
2012-06-21,103.62405395507812,31.74612808227539,27.89423942565918,84.79588317871094,78.7778091430664,20.41731834411621,152.02000427246094,35.769142150878906
2012-06-22,104.42218780517578,32.01713180541992,27.983104705810547,83.66485595703125,78.43509674072266,20.620222091674805,152.63999938964844,35.77478790283203
2012-06-25,102.74775695800781,31.303293228149414,27.464759826660156,84.88284301757812,78.86526489257812,20.831581115722656,153.75999450683594,35.59242248535156
2012-06-26,103.26417541503906,31.508176803588867,27.70171356201172,84.54824829101562,78.69031524658203,20.975303649902344,152.6199951171875,35.71171569824219
2012-06-27,104.19522857666016,31.805618286132812,27.87943458557129,84.68206787109375,78.79965209960938,21.09366798400879,152.8300018310547,35.85375213623047
2012-06-28,103.89793395996094,31.87171745300293,27.746143341064453,84.88957977294922,79.05484008789062,20.865398406982422,151.0500030517578,36.24574661254883
2012-06-29,106.48773956298828,33.02179718017578,28.975357055664062,83.78533935546875,78.69031524658203,21.770017623901367,155.19000244140625,37.17177963256836
2012-07-02,106.80851745605469,33.23991012573242,28.975357055664062,84.64978790283203,79.05535125732422,21.72774887084961,155.08999633789062,37.58081817626953
2012-07-03,107.51274108886719,33.54397201538086,29.552940368652344,83.99929809570312,78.85826110839844,22.336462020874023,157.4600067138672,37.80238342285156
2012-07-05,107.02763366699219,32.988746643066406,29.241931915283203,84.4284896850586,79.06998443603516,22.421005249023438,155.67999267578125,37.56944274902344
2012-07-06,106.01044464111328,32.6781005859375,28.708786010742188,85.21314239501953,79.34745025634766,21.905288696289062,153.7100067138672,37.66035842895508
2012-07-09,105.87742614746094,32.60539245605469,28.60511016845703,85.96427917480469,79.56645965576172,22.294187545776367,154.0399932861328,37.700130462646484
2012-07-10,104.95420837402344,32.38726806640625,28.286706924438477,86.138671875,79.6030044555664,22.006742477416992,152.14999389648438,37.2967643737793
2012-07-11,104.9698486328125,32.486427307128906,28.43480110168457,86.24596405029297,79.53001403808594,22.25191879272461,152.99000549316406,37.3365364074707
2012-07-12,104.46127319335938,32.16254806518555,27.960893630981445,86.85624694824219,79.71249389648438,22.302642822265625,152.58999633789062,37.45015335083008
2012-07-13,106.21388244628906,32.618614196777344,28.50145149230957,86.62822723388672,79.64683532714844,22.573184967041016,154.13999938964844,37.91033172607422
2012-07-16,105.9635009765625,32.611995697021484,28.43480110168457,87.03063201904297,79.82202911376953,22.85218048095703,154.2100067138672,37.98417663574219
2012-07-17,106.69117736816406,32.70453643798828,28.812456130981445,86.34654998779297,79.61759185791016,22.877540588378906,153.47000122070312,38.347774505615234
2012-07-18,107.4814224243164,32.962318420410156,28.738405227661133,86.39351654052734,79.69790649414062,23.0804443359375,153.0500030517578,38.12053680419922
2012-07-19,107.76306915283203,33.266361236572266,29.004976272583008,86.17221069335938,79.58111572265625,23.359439849853516,153.3800048828125,37.72285461425781
2012-07-20,106.77725219726562,32.486427307128906,28.57550048828125,87.22511291503906,79.89505004882812,23.359439849853516,153.6699981689453,37.524009704589844
2012-07-23,105.69749450683594,31.8188419342041,27.827608108520508,87.71473693847656,80.0264663696289,22.86908721923828,153.02999877929688,37.251319885253906
2012-07-24,104.78985595703125,31.47513198852539,27.709121704101562,88.40548706054688,80.1798095703125,22.733816146850586,153.52000427246094,37.12632369995117
2012-07-25,104.8133544921875,31.640380859375,27.8424129486084,88.63349914550781,80.22364044189453,22.902904510498047,155.6699981689453,37.109283447265625
2012-07-26,106.54252624511719,32.60539245605469,28.471826553344727,87.82197570800781,79.97537994384766,22.945175170898438,156.77000427246094,37.43878936767578
2012-07-27,108.50640106201172,33.29279327392578,29.27155303955078,86.1655044555664,79.39857482910156,23.18189811706543,157.5399932861328,37.79669952392578
2012-07-30,108.50640106201172,33.253135681152344,29.101238250732422,86.80931854248047,79.65408325195312,23.317171096801758,157.42999267578125,37.972808837890625
2012-07-31,107.74749755859375,33.04823684692383,28.96795082092285,86.98371124267578,79.7928466796875,23.03817367553711,156.49000549316406,37.9160041809082
2012-08-01,107.65354919433594,33.05484390258789,29.01978874206543,86.54883575439453,79.50177764892578,23.071992874145508,155.13999938964844,37.73421859741211
2012-08-02,106.91026306152344,32.59217071533203,28.67916488647461,87.03949737548828,79.69190979003906,22.877540588378906,154.1300048828125,37.842159271240234
2012-08-03,109.03059387207031,33.70258712768555,29.567750930786133,85.63483428955078,79.27513122558594,23.26644515991211,155.5500030517578,38.13756561279297
2012-08-06,109.24185943603516,33.94053268432617,29.752870559692383,85.66841888427734,79.32633209228516,23.401714324951172,156.3000030517578,38.0977897644043
2012-08-07,109.78956604003906,34.224754333496094,29.834321975708008,84.56626892089844,78.90949249267578,23.579256057739258,156.27999877929688,37.64899444580078
2012-08-08,109.92259979248047,34.204925537109375,29.8935604095459,84.1159896850586,78.79981994628906,23.64689064025879,156.47999572753906,37.39335250854492
2012-08-09,110.01649475097656,34.224754333496094,30.019454956054688,84.05541229248047,78.7413330078125,23.841341018676758,156.99000549316406,37.2740364074707
2012-08-10,110.19641876220703,34.28424835205078,30.160144805908203,84.47888946533203,78.9679946899414,23.71452522277832,157.17999267578125,37.325164794921875
2012-08-13,110.14165496826172,34.11900329589844,29.8935604095459,84.33775329589844,78.91680908203125,23.528526306152344,155.99000549316406,37.2967643737793
2012-08-14,110.15727996826172,34.198307037353516,29.88616371154785,83.19523620605469,78.52920532226562,23.553892135620117,155.1300048828125,37.21724319458008
2012-08-15,110.28250885009766,34.099178314208984,29.84173011779785,82.02582550048828,78.13435363769531,23.756799697875977,155.6300048828125,37.387664794921875
2012-08-16,111.09622192382812,34.522186279296875,30.1157169342041,81.32686614990234,77.94419860839844,23.849794387817383,156.55999755859375,37.671722412109375
2012-08-17,111.24485778808594,34.56845474243164,29.967620849609375,81.7234878540039,78.03932189941406,23.883609771728516,156.72000122070312,37.683082580566406
2012-08-20,111.252685546875,34.52879333496094,29.952802658081055,81.89141082763672,78.08318328857422,23.993518829345703,157.25999450683594,37.575130462646484
2012-08-21,110.916259765625,34.72708511352539,29.90837860107422,82.25435638427734,78.14897918701172,24.21333122253418,158.8300018310547,37.654693603515625
2012-08-22,110.96324920654297,34.68743133544922,29.92318344116211,83.61188507080078,78.75592041015625,24.340150833129883,160.5399932861328,37.6319580078125
2012-08-23,110.05557250976562,34.4891357421875,29.649206161499023,83.96138763427734,78.89486694335938,24.221786499023438,161.88999938964844,37.51832962036133
2012-08-24,110.72062683105469,34.43626403808594,29.656606674194336,83.88072204589844,78.85829162597656,24.111881256103516,161.97000122070312,37.6433219909668
2012-08-27,110.74411010742188,34.45608901977539,29.353012084960938,84.37136840820312,79.06304168701172,24.001972198486328,161.36000061035156,37.75694274902344
2012-08-28,110.63456726074219,34.423038482666016,29.29377555847168,84.57300567626953,79.09233856201172,24.01888084411621,161.63999938964844,37.887596130371094
2012-08-29,110.72062683105469,34.31728744506836,29.153076171875,84.20336151123047,79.04105377197266,24.0611515045166,160.58999633789062,37.87623977661133
2012-08-30,109.92259979248047,33.808349609375,28.812456130981445,84.64016723632812,79.18736267089844,24.086517333984375,160.52000427246094,37.7910270690918
2012-08-31,110.44678497314453,34.105777740478516,29.08643341064453,85.83644104003906,79.6992416381836,24.340150833129883,164.22000122070312,37.91033172607422
2012-09-04,110.34512329101562,33.933929443359375,28.923524856567383,85.75028991699219,79.51690673828125,24.348602294921875,164.47999572753906,38.17734146118164
2012-09-05,110.25120544433594,33.84139633178711,28.775423049926758,85.34616088867188,79.48762512207031,24.230241775512695,164.30999755859375,38.109169006347656
2012-09-06,112.48897552490234,34.68082046508789,29.41225242614746,83.925048828125,78.94572448730469,24.221786499023438,164.88999938964844,38.450042724609375
2012-09-07,112.92707824707031,35.202980041503906,30.09349822998047,83.53443145751953,79.0482177734375,24.492324829101562,168.44000244140625,38.484127044677734
2012-09-10,112.2854995727539,34.925384521484375,29.708452224731445,83.73648071289062,79.0848617553711,24.526145935058594,167.2899932861328,38.183021545410156
2012-09-11,112.59846496582031,35.32194900512695,30.063875198364258,83.21111297607422,78.93841552734375,24.57686996459961,167.89999389648438,38.296661376953125
2012-09-12,112.97402954101562,35.553287506103516,30.19716453552246,82.17391967773438,78.5503158569336,24.70368766784668,167.9199981689453,38.376182556152344
2012-09-13,114.69536590576172,36.09528350830078,31.011709213256836,81.85070037841797,78.77732849121094,24.872774124145508,171.30999755859375,38.84770965576172
2012-09-14,115.20391082763672,36.45220947265625,31.37455177307129,79.67526245117188,78.0377426147461,25.13486099243164,171.8000030517578,39.06361389160156
2012-09-17,114.81275939941406,36.26052474975586,31.033926010131836,80.6316146850586,78.19883728027344,24.44160270690918,170.39999389648438,38.94997787475586
2012-09-18,114.71884155273438,36.10850524902344,31.048734664916992,81.0357666015625,78.39659881591797,24.26405906677246,171.72000122070312,38.58070755004883
2012-09-19,114.78141784667969,36.26052474975586,31.048734664916992,81.56779479980469,78.57958984375,23.908973693847656,171.74000549316406,38.36481857299805
2012-09-20,114.78924560546875,36.02918243408203,30.86360740661621,81.76984405517578,78.62352752685547,24.04424476623535,171.47000122070312,37.79669952392578
2012-09-21,114.74128723144531,36.049007415771484,30.93765640258789,81.8641128540039,78.79196166992188,24.204877853393555,171.9600067138672,37.80238342285156
2012-09-24,114.56822204589844,35.92343521118164,30.908044815063477,82.5040054321289,78.96768951416016,23.95124626159668,171.0500030517578,37.66209030151367
2012-09-25,113.34896087646484,35.67226791381836,30.448930740356445,83.31888580322266,79.2605972290039,23.976612091064453,170.77000427246094,37.10662841796875
2012-09-26,112.71182250976562,35.31534957885742,30.308246612548828,84.21469116210938,79.59011840820312,23.80752182006836,169.80999755859375,37.10091018676758
2012-09-27,113.77373504638672,35.73835372924805,30.789552688598633,83.6152114868164,79.42169952392578,24.103425979614258,172.33999633789062,37.261253356933594
2012-09-28,113.2467041015625,35.0311279296875,30.604427337646484,83.66240692138672,79.42169952392578,24.247150421142578,171.88999938964844,37.20398712158203
2012-10-01,113.54563903808594,35.31534957885742,30.908044815063477,83.972900390625,79.569091796875,24.280967712402344,172.2899932861328,36.92910385131836
2012-10-02,113.66358947753906,35.45414733886719,30.95246124267578,83.85812377929688,79.51777648925781,24.154151916503906,172.10000610351562,37.209720611572266
2012-10-03,114.12772369384766,35.30873107910156,30.7451229095459,83.88512420654297,79.5984115600586,23.739891052246094,172.41000366210938,37.28416061401367
2012-10-04,114.94576263427734,35.73835372924805,31.063539505004883,82.83903503417969,79.2831802368164,24.255603790283203,173.61000061035156,37.2726936340332
2012-10-05,114.95362854003906,35.78462219238281,31.063539505004883,81.76587677001953,78.92385864257812,24.128787994384766,172.6199951171875,37.318504333496094
2012-10-08,114.56035614013672,35.5731201171875,30.789552688598633,82.45429229736328,79.18047332763672,24.0611515045166,172.0500030517578,37.23834228515625
2012-10-09,113.42761993408203,35.05757141113281,30.560016632080078,82.30577850341797,79.01915740966797,24.23869514465332,170.99000549316406,37.10091018676758
2012-10-10,112.7039566040039,34.95841979980469,30.3748836517334,82.8862075805664,79.20978546142578,24.19642448425293,170.83999633789062,37.24980926513672
2012-10-11,112.76690673828125,35.18315124511719,30.656272888183594,83.4599609375,79.2831802368164,24.475418090820312,171.32000732421875,37.221153259277344
2012-10-12,112.39716339111328,35.143497467041016,30.560016632080078,83.66919708251953,79.2905044555664,24.13724136352539,170.05999755859375,37.0894660949707
2012-10-15,113.33329772949219,35.48720169067383,30.737720489501953,83.48021697998047,79.31250762939453,24.01888084411621,168.35000610351562,37.335689544677734
2012-10-16,114.48165130615234,36.075462341308594,31.056127548217773,82.32604217529297,78.93852233886719,24.035789489746094,169.4199981689453,37.56473922729492
2012-10-17,115.00086975097656,36.41254806518555,31.30050277709961,81.56340026855469,78.43997192382812,24.04424476623535,169.5399932861328,37.461673736572266
2012-10-18,114.70195770263672,36.27375030517578,31.211645126342773,81.06398010253906,78.30065155029297,24.035789489746094,168.7899932861328,37.84532928466797
2012-10-19,112.79052734375,35.78462219238281,30.730314254760742,82.16409301757812,78.63057708740234,23.67225456237793,166.97000122070312,37.5303840637207
2012-10-22,112.80619812011719,36.035797119140625,31.02651596069336,81.63766479492188,78.36660766601562,23.562349319458008,167.5800018310547,37.34141159057617
2012-10-23,111.2409439086914,35.26246643066406,30.389698028564453,82.80522918701172,78.74055480957031,23.2748966217041,165.42999267578125,36.963478088378906
2012-10-24,110.92625427246094,35.28230285644531,30.41931915283203,81.98861694335938,78.57194519042969,23.207263946533203,164.86000061035156,36.934844970703125
2012-10-25,111.24874877929688,35.493804931640625,30.752531051635742,81.5702133178711,78.28600311279297,23.26644515991211,166.02000427246094,36.8317756652832
2012-10-26,111.18583679199219,35.440914154052734,30.51556968688965,82.77146911621094,78.78450775146484,23.317171096801758,165.92999267578125,36.5110969543457
2012-10-31,111.18583679199219,35.414493560791016,30.47113800048828,83.25743865966797,79.10716247558594,23.300260543823242,166.8300018310547,36.866127014160156
2012-11-01,112.3499984741211,35.83089065551758,30.967273712158203,82.5757827758789,78.9493179321289,23.3425350189209,166.07000732421875,37.04365921020508
2012-11-02,111.3509750366211,35.48720169067383,30.804363250732422,82.51506805419922,79.01537322998047,22.945175170898438,162.60000610351562,37.28988265991211
2012-11-05,111.57914733886719,35.401268005371094,30.95246124267578,82.98072052001953,79.2062759399414,23.139629364013672,163.22999572753906,37.04365921020508
2012-11-06,112.4522933959961,35.73835372924805,31.196826934814453,82.19784545898438,78.84650421142578,23.553892135620117,166.3000030517578,37.20398712158203
2012-11-07,109.90369415283203,35.202980041503906,30.68588638305664,83.68941497802734,79.5073013305664,23.1142635345459,166.49000549316406,37.03791046142578
2012-11-08,108.5821762084961,34.8857307434082,30.300832748413086,84.93125915527344,79.85968017578125,23.148080825805664,167.99000549316406,36.59698486328125
2012-11-09,108.67655181884766,34.898929595947266,30.360074996948242,85.02576446533203,79.8670654296875,23.334075927734375,167.82000732421875,36.4996452331543
2012-11-12,108.76312255859375,34.872501373291016,30.47113800048828,85.16747283935547,79.9184341430664,23.224170684814453,167.4499969482422,36.413761138916016
2012-11-13,108.38553619384766,34.70064926147461,30.19716453552246,85.45088958740234,80.0139389038086,23.18189811706543,167.10000610351562,36.3851203918457
2012-11-14,106.92245483398438,34.337120056152344,29.73066520690918,85.53192138671875,80.03592681884766,23.249534606933594,167.13999938964844,35.70368957519531
2012-11-15,106.74156188964844,34.44948196411133,29.834321975708008,85.3631820678711,79.99919891357422,23.15653419494629,166.08999633789062,35.537620544433594
2012-11-16,107.2685775756836,34.42964553833008,29.92318344116211,85.28897094726562,80.05061340332031,23.257986068725586,165.8800048828125,35.75522994995117
2012-11-19,109.4395980834961,35.17654037475586,30.448930740356445,84.80974578857422,79.88912200927734,23.697616577148438,167.8699951171875,36.19615173339844
2012-11-20,109.48680877685547,35.22942352294922,30.389698028564453,83.95934295654297,79.55868530273438,23.536983489990234,167.38999938964844,36.465274810791016
2012-11-21,109.69129943847656,35.28890609741211,30.330453872680664,83.912109375,79.44119262695312,23.63843536376953,167.55999755859375,36.40230178833008
2012-11-23,111.18583679199219,36.049007415771484,30.82657814025879,83.83113861083984,79.3971939086914,23.722980499267578,169.61000061035156,36.67144012451172
2012-11-26,110.94987487792969,35.96308898925781,30.82657814025879,84.22932434082031,79.52935791015625,23.68916130065918,169.42999267578125,36.74586868286133
2012-11-27,110.38351440429688,35.78462219238281,30.567420959472656,84.56004333496094,79.71285247802734,23.655344009399414,168.7100067138672,36.53971862792969
2012-11-28,111.27236938476562,36.04240798950195,30.737720489501953,84.43856048583984,79.81568145751953,23.579256057739258,166.5500030517578,36.493919372558594
2012-11-29,111.79153442382812,36.353057861328125,30.959875106811523,84.45207977294922,79.89641571044922,23.739891052246094,167.17999267578125,36.69434356689453
2012-11-30,111.8150863647461,36.399322509765625,30.945056915283203,84.22260284423828,79.88179016113281,23.756799697875977,166.0500030517578,36.76877975463867
2012-12-03,111.26449584960938,36.445594787597656,30.93026351928711,84.30037689208984,79.85018157958984,23.815977096557617,166.1300048828125,36.91767120361328
2012-12-04,111.10716247558594,36.53812789916992,31.01911163330078,84.7872314453125,79.98986053466797,23.604618072509766,164.4199981689453,36.974937438964844
2012-12-05,111.30381774902344,36.591007232666016,31.35234260559082,84.74668884277344,80.05595397949219,23.579256057739258,164.1199951171875,36.860408782958984
2012-12-06,111.68140411376953,36.66371536254883,31.589284896850586,84.92921447753906,80.10005187988281,23.367895126342773,164.5,37.20398712158203
2012-12-07,112.01964569091797,36.67693328857422,31.685550689697266,84.14479064941406,79.8721923828125,23.3425350189209,165.16000366210938,37.34141159057617
2012-12-10,112.06680297851562,36.716590881347656,31.863271713256836,84.5167007446289,79.9457015991211,23.291805267333984,165.8000030517578,37.324241638183594
2012-12-11,112.829833984375,36.928104400634766,32.02617263793945,83.8743667602539,79.79131317138672,23.249534606933594,165.64999389648438,37.415855407714844
2012-12-12,112.88488006591797,37.04707717895508,32.122440338134766,82.90049743652344,79.45317840576172,23.359439849853516,165.77000427246094,37.31279373168945
2012-12-13,112.19268798828125,36.93470764160156,31.981746673583984,82.96138000488281,79.29876708984375,23.148080825805664,164.3699951171875,37.02647399902344
2012-12-14,111.7757568359375,37.06690979003906,32.122440338134766,83.58355712890625,79.47523498535156,23.291805267333984,164.1300048828125,37.0207405090332
2012-12-17,113.08941650390625,37.21892547607422,32.20389938354492,82.33245086669922,79.05619812011719,23.2748966217041,164.44000244140625,37.21544647216797
2012-12-18,114.34798431396484,37.60648727416992,32.42887878417969,81.49395751953125,78.74745178222656,23.334075927734375,162.0800018310547,37.599098205566406
2012-12-19,113.49842071533203,37.74011993408203,32.41397476196289,81.76447296142578,78.85772705078125,23.418621063232422,161.69000244140625,37.54757308959961
2012-12-20,114.15128326416016,37.99403381347656,32.607666015625,81.7779541015625,78.90918731689453,23.308713912963867,159.72999572753906,38.04003143310547
2012-12-21,113.11512756347656,37.76017761230469,32.23517608642578,82.67060852050781,79.122314453125,23.26644515991211,160.3300018310547,37.9770393371582
2012-12-24,112.76663970947266,37.65993881225586,32.16813278198242,82.52180480957031,79.04145812988281,23.19035530090332,160.6199951171875,38.027462005615234
2012-12-26,112.29125213623047,37.653255462646484,32.264984130859375,82.81864166259766,79.20421600341797,23.42707633972168,160.77999877929688,37.8477897644043
2012-12-27,112.1407241821289,37.82699203491211,32.44682312011719,83.09651184082031,79.36616516113281,23.42707633972168,161.16000366210938,37.98688507080078
2012-12-28,110.92874908447266,37.426082611083984,32.56604766845703,83.57100677490234,79.55020141601562,23.359439849853516,160.5399932861328,37.73768615722656
2012-12-31,112.81412506103516,37.99403381347656,33.05044174194336,82.1274185180664,79.13052368164062,23.486257553100586,162.02000427246094,38.13759231567383
2013-01-02,115.70561981201172,38.58205795288086,33.69878387451172,81.02947235107422,78.76981353759766,23.57080078125,163.1699981689453,38.61286163330078
2013-01-03,115.44415283203125,38.20786666870117,33.46030807495117,79.93154907226562,78.36492919921875,23.37635040283203,161.1999969482422,38.60704803466797
2013-01-04,115.95113372802734,38.401649475097656,33.52738571166992,80.24327850341797,78.40171813964844,23.2748966217041,160.44000244140625,38.786739349365234
2013-01-07,115.63427734375,38.234580993652344,33.274009704589844,80.27716064453125,78.44596099853516,23.317171096801758,159.42999267578125,38.873680114746094
2013-01-08,115.30156707763672,38.02077102661133,32.975921630859375,80.80579376220703,78.63732147216797,23.37635040283203,160.55999755859375,38.798336029052734
2013-01-09,115.59464263916016,38.21454620361328,33.11750030517578,80.7313003540039,78.68147277832031,23.3425350189209,160.49000549316406,38.9084587097168
2013-01-10,116.51356506347656,38.702335357666016,33.408145904541016,80.50760650634766,78.45327758789062,23.42707633972168,161.97999572753906,38.94902801513672
2013-01-11,116.50565338134766,38.78252410888672,33.13987731933594,81.22603607177734,78.7035903930664,23.325624465942383,161.05999755859375,38.92585372924805
2013-01-14,116.42645263671875,38.82929229736328,33.281455993652344,81.00234985351562,78.67411804199219,23.477802276611328,161.5399932861328,39.03596878051758
2013-01-15,116.50565338134766,38.76915740966797,33.13987731933594,81.3750991821289,78.86558532714844,23.37635040283203,162.55999755859375,39.221435546875
2013-01-16,116.4898681640625,38.58205795288086,33.11005783081055,81.54454803466797,78.96862030029297,23.401714324951172,162.64999389648438,39.17506408691406
2013-01-17,117.24243927001953,38.89611053466797,33.296356201171875,80.7313003540039,78.60792541503906,23.50316619873047,163.35000610351562,39.296791076660156
2013-01-18,117.50381469726562,38.85602569580078,33.37088394165039,81.35478210449219,78.8287353515625,23.655344009399414,163.08999633789062,39.4648551940918
2013-01-22,118.13758850097656,38.876068115234375,33.3187255859375,81.51068878173828,78.89498901367188,23.722980499267578,163.6699981689453,39.667728424072266
2013-01-23,118.3276596069336,38.83597946166992,33.13987731933594,81.3886489868164,78.93175506591797,23.748342514038086,163.2100067138672,39.65613555908203
2013-01-24,118.35938262939453,39.023075103759766,33.02062225341797,81.10404205322266,78.79932403564453,23.731433868408203,161.4199981689453,39.737281799316406
2013-01-25,119.02478790283203,39.44403839111328,32.90884780883789,79.9925308227539,78.27665710449219,23.680707931518555,160.64999389648438,39.96331024169922
2013-01-28,118.88224792480469,39.25025939941406,32.677825927734375,79.7011489868164,78.11465454101562,23.67225456237793,160.2899932861328,40.067649841308594
2013-01-29,119.34960174560547,39.517547607421875,33.0429801940918,79.2605972290039,77.99688720703125,23.80752182006836,160.99000549316406,40.183563232421875
2013-01-30,118.88224792480469,39.55763244628906,32.886497497558594,79.1250228881836,78.04097747802734,24.078060150146484,162.19000244140625,39.80104446411133
2013-01-31,118.589111328125,39.41063690185547,32.95357131958008,79.5113754272461,78.1072998046875,24.06960678100586,161.1999969482422,39.56340789794922
2013-02-01,119.8090591430664,39.72468185424805,33.169673919677734,78.47891235351562,77.8419189453125,24.1626033782959,161.4499969482422,39.79523849487305
2013-02-04,118.46234893798828,39.009700775146484,32.730003356933594,79.48417663574219,78.29154205322266,24.078060150146484,162.0,39.70250701904297
2013-02-05,119.65852355957031,39.19012451171875,32.76726150512695,78.77777099609375,78.01142883300781,24.171062469482422,161.9600067138672,39.609771728515625
2013-02-06,119.74566650390625,39.18344497680664,32.730003356933594,79.42308044433594,78.24735260009766,24.13724136352539,162.38999938964844,39.74887466430664
2013-02-07,119.58721160888672,38.86271286010742,32.43935775756836,79.24642944335938,78.2842025756836,24.04424476623535,161.83999633789062,39.58079528808594
2013-02-08,120.25267028808594,39.109947204589844,32.677825927734375,79.55208587646484,78.34320068359375,24.13724136352539,161.57000732421875,39.9459228515625
2013-02-11,120.22891235351562,39.069854736328125,32.66292190551758,79.4909896850586,78.26205444335938,24.052698135375977,159.6999969482422,40.0038948059082
2013-02-12,120.42694091796875,39.26362228393555,32.752349853515625,79.29397583007812,78.1810531616211,24.094972610473633,159.88999938964844,40.305274963378906
2013-02-13,120.52995300292969,39.357173919677734,32.91630554199219,78.64871978759766,77.90827941894531,24.103425979614258,159.0500030517578,40.282100677490234
2013-02-14,120.64083862304688,39.14334487915039,32.901397705078125,79.36195373535156,78.239990234375,24.06960678100586,158.35000610351562,40.114013671875
2013-02-15,120.49824523925781,39.043121337890625,32.78215789794922,79.13098907470703,78.166259765625,23.968154907226562,155.75999450683594,40.13140106201172
2013-02-19,121.40129852294922,39.504173278808594,32.8492317199707,78.73705291748047,78.04093933105469,23.87515640258789,155.3300018310547,40.450191497802734
2013-02-20,119.88826751708984,39.11663055419922,32.55859375,78.97474670410156,78.21051788330078,23.604618072509766,151.44000244140625,40.18937301635742
2013-02-21,119.15946960449219,38.52860641479492,32.11145782470703,79.4366226196289,78.36531829833984,23.334075927734375,152.6199951171875,39.887969970703125
2013-02-22,120.32398223876953,39.083213806152344,32.25305938720703,79.4909896850586,78.46116638183594,23.334075927734375,152.97000122070312,40.287899017333984
2013-02-25,118.0345458984375,38.14772033691406,31.820833206176758,81.05321502685547,79.06559753417969,23.224170684814453,154.33999633789062,39.52281951904297
2013-02-26,118.84259796142578,38.45510482788086,31.999677658081055,80.5845718383789,78.91817474365234,23.18189811706543,156.22000122070312,39.79523849487305
2013-02-27,120.33985137939453,38.9428825378418,32.34992980957031,80.34683227539062,78.88130950927734,23.03817367553711,154.57000732421875,40.085044860839844
2013-02-28,120.10224151611328,38.902793884277344,32.200889587402344,80.49624633789062,78.99185943603516,22.936721801757812,153.0,40.04446029663086
2013-03-01,120.49824523925781,38.822601318359375,32.275421142578125,80.93461608886719,79.18888854980469,22.776090621948242,152.44000244140625,40.17777633666992
2013-03-04,121.13996124267578,38.989662170410156,31.969873428344727,80.50578308105469,79.00435638427734,22.691545486450195,152.3000030517578,40.47916793823242
2013-03-05,122.22518157958984,39.377220153808594,32.357391357421875,80.27433013916016,78.92321014404297,22.902904510498047,152.3800048828125,40.797950744628906
2013-03-06,122.39156341552734,39.477455139160156,32.513885498046875,79.54598236083984,78.67230224609375,22.776090621948242,153.22999572753906,40.67623519897461
2013-03-07,122.61337280273438,39.59104919433594,32.60331344604492,78.93338012695312,78.3697280883789,22.928266525268555,152.69000244140625,40.48496627807617
2013-03-08,123.13619995117188,39.67790985107422,32.886497497558594,78.1097412109375,77.97119903564453,22.99590301513672,152.7100067138672,40.55450439453125
2013-03-11,123.60359191894531,39.79819107055664,32.70764923095703,78.18463897705078,78.00808715820312,23.012813568115234,152.99000549316406,40.58929443359375
2013-03-12,123.3262710571289,39.597740173339844,32.335025787353516,78.74958801269531,78.22213745117188,23.06353759765625,154.19000244140625,40.438594818115234
2013-03-13,123.50061798095703,39.537593841552734,32.02948760986328,78.66790008544922,78.1556625366211,22.945175170898438,153.66000366210938,40.47916793823242
2013-03-14,124.15816497802734,39.92514419555664,32.16362762451172,78.42964935302734,78.17784881591797,23.1142635345459,153.67999267578125,40.73418426513672
2013-03-15,123.99420166015625,40.00533676147461,31.873001098632812,78.79722595214844,78.4509048461914,23.164989471435547,154.0,40.8269157409668
2013-03-18,123.30990600585938,39.56432342529297,31.515291213989258,79.39622497558594,78.70918273925781,23.029720306396484,155.3800048828125,40.600887298583984
2013-03-19,123.0234603881836,39.44403839111328,31.29172706604004,79.93400573730469,78.95279693603516,22.860633850097656,156.0800018310547,40.403812408447266
2013-03-20,123.88280487060547,39.68458557128906,31.47058868408203,79.04231262207031,78.65013885498047,23.021265029907227,155.3699951171875,40.53133010864258
2013-03-21,122.82450866699219,39.323753356933594,31.150129318237305,79.80461883544922,78.85677337646484,22.91981315612793,156.25,40.40962219238281
2013-03-22,123.81120300292969,39.66455078125,31.26936149597168,79.86592102050781,78.8863525390625,22.962087631225586,155.5500030517578,40.62221908569336
2013-03-25,123.29399871826172,39.17008590698242,31.239566802978516,79.79102325439453,78.94536590576172,22.978992462158203,155.24000549316406,40.62805938720703
2013-03-26,124.28063201904297,39.41730880737305,31.686689376831055,79.88636016845703,79.02655029296875,23.19035530090332,154.72000122070312,40.97850799560547
2013-03-27,124.28063201904297,39.223533630371094,31.805931091308594,80.56704711914062,79.36604309082031,23.308713912963867,155.36000061035156,41.0544319152832
2013-03-28,124.66255187988281,39.41063690185547,31.873001098632812,80.15861511230469,79.21845245361328,23.08890151977539,154.4499969482422,41.194602966308594
2013-04-01,124.16922760009766,38.88275146484375,31.53019142150879,80.7623291015625,79.42903900146484,23.08890151977539,154.6699981689453,41.31726837158203
2013-04-02,124.7819595336914,39.29704284667969,31.545103073120117,80.43489837646484,79.27384185791016,22.978992462158203,152.42999267578125,41.44577407836914
2013-04-03,123.51676177978516,39.10325241088867,31.17249298095703,81.15798950195312,79.60640716552734,22.590091705322266,150.72999572753906,41.29972839355469
2013-04-04,124.01800537109375,39.450721740722656,31.083066940307617,82.12671661376953,79.9242172241211,22.564727783203125,150.2899932861328,41.97140884399414
2013-04-05,123.46104431152344,39.27031707763672,31.008544921875,83.78437042236328,80.17546081542969,22.547819137573242,152.80999755859375,42.19921112060547
2013-04-08,124.29654693603516,39.42399978637695,31.060710906982422,83.14313507080078,79.91677856445312,22.61545753479004,152.16000366210938,42.5379753112793
2013-04-09,124.7261962890625,39.56432342529297,31.366243362426758,82.93846130371094,79.9463119506836,22.759180068969727,153.33999633789062,42.54380416870117
2013-04-10,126.25398254394531,40.1523323059082,31.664321899414062,81.79922485351562,79.61382293701172,22.708452224731445,150.75,42.806663513183594
2013-04-11,126.6677017211914,40.46638870239258,31.69413948059082,81.9561538696289,79.70246887207031,22.61545753479004,151.0500030517578,43.057796478271484
2013-04-12,126.35739135742188,40.36615753173828,31.20975685119629,83.1772232055664,80.14586639404297,22.336462020874023,143.9499969482422,43.16292953491211
2013-04-15,123.42926788330078,39.57099533081055,30.449628829956055,83.90033721923828,80.32324981689453,21.66856575012207,131.30999755859375,42.26929473876953
2013-04-16,125.25142669677734,40.13228988647461,31.07561492919922,83.21134185791016,80.09417724609375,21.896833419799805,132.8000030517578,42.97016906738281
2013-04-17,123.42130279541016,39.29704284667969,30.58376693725586,83.76388549804688,80.2419662475586,21.5755672454834,132.8699951171875,42.514617919921875
2013-04-18,122.64945220947266,39.17676544189453,30.58376693725586,83.96854400634766,80.28631591796875,21.803836822509766,134.3000030517578,42.45036697387695
2013-04-19,123.7157211303711,39.49081039428711,31.030893325805664,83.79119110107422,80.2419662475586,21.753108978271484,135.47000122070312,43.104515075683594
2013-04-22,124.26473236083984,39.657859802246094,31.17994499206543,83.85260009765625,80.28631591796875,21.820743560791016,137.89999389648438,43.04612350463867
2013-04-23,125.54584503173828,40.219154357910156,31.328998565673828,83.55924224853516,80.23457336425781,21.685474395751953,136.8800048828125,43.285587310791016
2013-04-24,125.62537384033203,40.566627502441406,31.515291213989258,83.77074432373047,80.27153015136719,21.922197341918945,138.3699951171875,43.379032135009766
2013-04-25,126.13459777832031,40.78044128417969,31.798484802246094,83.40914916992188,80.18286895751953,22.209646224975586,141.6300048828125,43.23300552368164
2013-04-26,125.91188049316406,40.81386184692383,31.478025436401367,84.17317962646484,80.47111511230469,22.08283233642578,140.91000366210938,43.092830657958984
2013-04-29,126.75528717041016,41.335052490234375,31.805931091308594,83.8662109375,80.44152069091797,22.37873077392578,142.3000030517578,43.460811614990234
2013-04-30,127.05764770507812,41.38851547241211,32.26051330566406,83.9139633178711,80.42671203613281,22.209646224975586,142.77000427246094,43.96894836425781
2013-05-01,125.94366455078125,41.141265869140625,31.91026496887207,84.77606964111328,80.689453125,21.812292098999023,141.11000061035156,43.618507385253906
2013-05-02,127.11335754394531,41.268226623535156,32.16362762451172,84.66665649414062,80.689453125,22.091285705566406,141.9199981689453,43.904693603515625
2013-05-03,128.40245056152344,41.796119689941406,32.431915283203125,82.67047882080078,80.00127410888672,22.336462020874023,142.08999633789062,44.079925537109375
2013-05-06,128.7286376953125,41.74266052246094,32.476627349853516,82.46539306640625,79.89765167236328,22.361825942993164,142.14999389648438,44.30772018432617
2013-05-07,129.38111877441406,41.80948257446289,32.70764923095703,82.14407348632812,79.78669738769531,22.285736083984375,140.3800048828125,44.55302810668945
2013-05-08,129.9699249267578,42.2504997253418,32.96101760864258,82.27397155761719,79.88287353515625,22.38718605041504,142.4600067138672,44.57638931274414
2013-05-09,129.60389709472656,41.84288787841797,32.72254943847656,82.06204223632812,79.86807250976562,22.37873077392578,140.80999755859375,44.28435516357422
2013-05-10,130.02566528320312,41.88966369628906,32.46916580200195,81.18019104003906,79.41671752929688,22.277280807495117,139.60000610351562,44.44789505004883
2013-05-13,130.1290283203125,41.8696174621582,32.171077728271484,80.55809783935547,79.27615356445312,22.17582893371582,138.42999267578125,44.65815734863281
2013-05-14,131.4736785888672,41.949806213378906,32.320133209228516,79.68304443359375,78.95797729492188,22.0997371673584,137.80999755859375,44.82169723510742
2013-05-15,132.18197631835938,42.130218505859375,32.327579498291016,80.21625518798828,79.16517639160156,22.049013137817383,134.6300048828125,45.26558303833008
2013-05-16,131.56129455566406,41.84288787841797,32.215797424316406,81.05028533935547,79.54254150390625,22.023649215698242,134.08999633789062,45.031951904296875
2013-05-17,132.83444213867188,42.130218505859375,32.357391357421875,80.02487182617188,79.11334991455078,22.13355827331543,131.07000732421875,45.28310775756836
2013-05-20,132.82647705078125,42.36409378051758,32.43935775756836,79.92912292480469,79.05415344238281,22.277280807495117,135.1199951171875,45.388248443603516
2013-05-21,133.01747131347656,42.450950622558594,32.372291564941406,80.55809783935547,79.26129913330078,22.15046501159668,132.8800048828125,45.645233154296875
2013-05-22,132.03079223632812,42.0233039855957,32.014583587646484,79.36172485351562,78.63237762451172,22.049013137817383,131.94000244140625,44.535499572753906
2013-05-23,131.6488494873047,41.42192459106445,31.7761173248291,79.73771667480469,78.7137222290039,22.15046501159668,134.61000061035156,43.700279235839844
2013-05-24,131.5374755859375,41.06109619140625,31.50039291381836,79.84707641601562,78.74339294433594,22.0659236907959,133.75999450683594,43.58930206298828
2013-05-28,132.32518005371094,41.16801071166992,31.671777725219727,77.8235855102539,77.81848907470703,22.26882553100586,133.49000549316406,43.21549987792969
2013-05-29,131.4658660888672,40.77376937866211,31.26936149597168,78.6985855102539,78.13665008544922,22.125102996826172,134.8300018310547,42.298492431640625
2013-05-30,131.95120239257812,40.93413543701172,31.26936149597168,78.50715637207031,78.14405822753906,22.125102996826172,136.6999969482422,41.901336669921875
2013-05-31,130.05740356445312,40.13897705078125,30.703004837036133,78.24058532714844,77.92942810058594,21.863018035888672,133.9199981689453,41.34062576293945
2013-06-03,130.7735595703125,40.292659759521484,31.1575870513916,78.65520477294922,78.04205322265625,22.13355827331543,136.50999450683594,41.574249267578125
2013-06-04,130.14500427246094,40.439666748046875,30.777528762817383,77.9288101196289,77.842041015625,22.218103408813477,135.22999572753906,40.99603271484375
2013-06-05,128.3227996826172,39.537593841552734,30.226064682006836,79.00468444824219,78.21987915039062,22.116647720336914,135.52000427246094,40.65725326538086
2013-06-06,129.4844970703125,39.75810623168945,30.47943687438965,78.95671081542969,78.31624603271484,22.201190948486328,136.52999877929688,41.31142807006836
2013-06-07,131.13160705566406,40.292659759521484,30.322938919067383,77.5450210571289,77.70869445800781,22.25191879272461,133.27999877929688,41.31726837158203
2013-06-10,131.13160705566406,40.33274841308594,29.91307258605957,77.17498779296875,77.5159683227539,22.167375564575195,133.94000244140625,40.96098327636719
2013-06-11,129.77894592285156,39.838287353515625,29.346702575683594,78.09326171875,77.70869445800781,21.972923278808594,133.25,40.353546142578125
2013-06-12,128.70477294921875,39.791507720947266,29.14549446105957,76.9762954711914,77.36042785644531,21.998289108276367,134.25,39.804527282714844
2013-06-13,130.66217041015625,40.39957046508789,29.76403045654297,78.1823501586914,77.94574737548828,22.142013549804688,133.74000549316406,40.838321685791016
2013-06-14,129.84262084960938,39.95854949951172,29.294540405273438,77.99735260009766,78.04948425292969,22.235010147094727,134.42999267578125,40.99018859863281
2013-06-17,130.8451385498047,40.533206939697266,29.56281280517578,77.58616638183594,77.8642349243164,22.285736083984375,133.77000427246094,41.10699462890625
2013-06-18,131.8795928955078,40.82053756713867,29.68950843811035,77.62731170654297,77.81977844238281,22.328004837036133,132.1300048828125,41.31726837158203
2013-06-19,130.05740356445312,40.05878829956055,28.772891998291016,76.82551574707031,76.75287628173828,22.361825942993164,130.58999633789062,40.049827575683594
2013-06-20,126.83485412597656,38.588741302490234,27.483657836914062,75.56464385986328,76.4046401977539,21.634750366210938,123.5999984741211,38.38522720336914
2013-06-21,127.24208068847656,38.71569061279297,27.878623962402344,74.28314971923828,75.5970230102539,21.49947738647461,125.05000305175781,38.905052185058594
2013-06-24,125.63414001464844,38.10763168334961,27.31226348876953,74.59159088134766,75.41180419921875,21.406478881835938,123.93000030517578,38.72874450683594
2013-06-25,126.8420639038086,38.595420837402344,27.89352798461914,73.92682647705078,75.32286071777344,21.42338752746582,123.47000122070312,39.37736511230469
2013-06-26,128.097900390625,38.749107360839844,28.33321189880371,74.40648651123047,75.62663269042969,21.36421012878418,118.27999877929688,39.97290802001953
2013-06-27,128.84979248046875,39.139076232910156,28.901731491088867,75.16716003417969,76.03421020507812,21.355754852294922,115.94000244140625,40.77485275268555
2013-06-28,128.32191467285156,39.0640754699707,29.067842483520508,75.68109893798828,75.94525146484375,21.2458438873291,119.11000061035156,40.52128219604492
2013-07-01,129.07382202148438,39.432212829589844,29.158428192138672,75.8335952758789,75.97418975830078,21.381118774414062,121.12999725341797,40.43284606933594
2013-07-02,128.9538116455078,39.23451232910156,28.637481689453125,75.78548431396484,76.00385284423828,21.465660095214844,120.05000305175781,41.05198669433594
2013-07-03,129.0098419189453,39.248146057128906,28.373231887817383,75.5588607788086,75.85546875,21.660110473632812,120.73999786376953,40.7807502746582
2013-07-05,130.4016571044922,39.432212829589844,28.192020416259766,72.98323059082031,74.57938385009766,21.609384536743164,118.08999633789062,40.586158752441406
2013-07-08,131.14559936523438,39.677650451660156,28.229774475097656,73.69065856933594,75.01705169677734,21.71929168701172,119.51000213623047,40.627437591552734
2013-07-09,132.08949279785156,39.89580154418945,28.599729537963867,73.76620483398438,75.14319610595703,21.85456085205078,120.62000274658203,41.205299377441406
2013-07-10,132.137451171875,40.01170349121094,28.327924728393555,73.18927764892578,74.8760986328125,21.922197341918945,120.94999694824219,41.22300338745117
2013-07-11,133.93728637695312,41.04796600341797,29.717138290405273,74.0478286743164,75.62551879882812,22.0321044921875,124.23999786376953,42.219505310058594
2013-07-12,133.99327087402344,40.775264739990234,29.40003204345703,73.98603057861328,75.56612396240234,22.116647720336914,124.12999725341797,41.96006393432617
2013-07-15,134.50523376464844,41.02751541137695,29.702035903930664,74.37748718261719,75.80355834960938,22.05746841430664,124.18000030517578,42.1369514465332
2013-07-16,134.0012664794922,41.00022888183594,29.82283592224121,74.63167572021484,75.84062957763672,22.08283233642578,124.88999938964844,42.16644287109375
2013-07-17,134.34519958496094,41.122955322265625,30.094642639160156,74.76897430419922,76.17451477050781,22.0659236907959,123.31999969482422,42.31973648071289
2013-07-18,135.08114624023438,41.395652770996094,29.739789962768555,73.83494567871094,75.81837463378906,22.158920288085938,124.01000213623047,42.679439544677734
2013-07-19,135.32115173339844,41.36156463623047,29.656740188598633,75.00251007080078,76.23381805419922,22.17582893371582,125.11000061035156,42.649959564208984
2013-07-22,135.5851287841797,41.593360900878906,29.951187133789062,75.11241912841797,76.2264404296875,22.158920288085938,128.83999633789062,42.779693603515625
2013-07-23,135.29710388183594,41.681983947753906,30.27584457397461,74.79644012451172,76.13742065429688,22.192737579345703,129.7100067138672,42.732513427734375
2013-07-24,134.80120849609375,41.627445220947266,29.966299057006836,73.84866333007812,75.62551879882812,22.015195846557617,127.4800033569336,41.90110397338867
2013-07-25,135.12913513183594,41.70926284790039,30.13994598388672,73.82117462158203,75.73674774169922,21.98983383178711,128.6699981689453,41.96595001220703
2013-07-26,135.2731475830078,41.45018768310547,30.071998596191406,74.27449035644531,75.80355834960938,21.85456085205078,128.77999877929688,42.00133514404297
2013-07-29,134.85716247558594,41.05478286743164,29.69449234008789,73.7318344116211,75.64774322509766,21.846107482910156,128.47000122070312,41.688812255859375
2013-07-30,134.85716247558594,41.04796600341797,29.626543045043945,73.70441436767578,75.62551879882812,21.770017623901367,128.1199951171875,41.56498718261719
2013-07-31,134.95310974121094,41.143394470214844,29.452880859375,73.97225952148438,75.67737579345703,21.922197341918945,127.95999908447266,40.88687515258789
2013-08-01,136.51300048828125,41.70243835449219,29.98894691467285,72.54689025878906,75.00949096679688,21.972923278808594,126.61000061035156,40.72768020629883
2013-08-02,136.74502563476562,42.04330062866211,29.98139190673828,73.34566497802734,75.64842987060547,21.888381958007812,126.36000061035156,40.52719497680664
2013-08-05,136.54501342773438,41.95469284057617,29.792646408081055,72.78105163574219,75.4106674194336,21.778472900390625,125.69999694824219,40.497703552246094
2013-08-06,135.76907348632812,41.89332580566406,29.415143966674805,72.99449157714844,75.4329605102539,21.600929260253906,123.97000122070312,40.35618591308594
2013-08-07,135.32913208007812,41.70926284790039,29.098037719726562,73.53846740722656,75.7078628540039,21.45720672607422,124.1500015258789,40.25004577636719
2013-08-08,135.82510375976562,42.0842170715332,29.656740188598633,73.73814392089844,75.81929779052734,21.56711196899414,126.86000061035156,40.26774215698242
2013-08-09,135.43307495117188,42.159210205078125,29.717138290405273,73.8552017211914,75.8713150024414,21.71929168701172,126.86000061035156,40.62153625488281
2013-08-12,135.2731475830078,42.04330062866211,29.996492385864258,73.3525619506836,75.7227554321289,21.98137855529785,129.1300048828125,40.332618713378906
2013-08-13,135.673095703125,42.316001892089844,30.177692413330078,72.29219818115234,75.0391845703125,21.972923278808594,127.73999786376953,39.77833557128906
2013-08-14,134.9771270751953,42.336456298828125,30.27584457397461,72.40229797363281,75.1060791015625,22.15046501159668,129.0,39.62500762939453
2013-08-15,133.08941650390625,41.981964111328125,29.928543090820312,71.42459106445312,74.69003295898438,22.361825942993164,131.69000244140625,38.89973449707031
2013-08-16,132.6494598388672,42.056949615478516,29.671838760375977,71.17669677734375,74.40026092529297,22.370275497436523,132.5800018310547,37.944488525390625
2013-08-19,131.80149841308594,41.7569694519043,29.11313819885254,70.55696105957031,74.08082580566406,22.34491539001465,132.00999450683594,37.44327926635742
2013-08-20,132.44943237304688,41.70243835449219,29.060287475585938,71.10095977783203,74.48197174072266,22.302642822265625,132.4499969482422,38.29238510131836
2013-08-21,131.63356018066406,41.21158218383789,28.380773544311523,70.3228988647461,74.013916015625,22.277280807495117,132.07000732421875,38.20392608642578
2013-08-22,132.83343505859375,41.61380386352539,28.841325759887695,71.03893280029297,73.98419952392578,22.285736083984375,132.80999755859375,38.43390655517578
2013-08-23,133.2813262939453,41.975128173828125,29.18108367919922,71.81015014648438,74.40026092529297,22.46327781677246,134.89999389648438,38.834877014160156
2013-08-26,132.78538513183594,41.6683464050293,28.86398696899414,72.16825103759766,74.54883575439453,22.590091705322266,135.4499969482422,38.722835540771484
2013-08-27,130.64956665039062,40.95933532714844,28.19957160949707,73.07714080810547,74.97235107421875,22.809906005859375,136.75,38.53414535522461
2013-08-28,131.1136016845703,40.91161346435547,28.25996971130371,72.48495483398438,74.6677017211914,22.84372329711914,136.7100067138672,38.29828643798828
2013-08-29,131.321533203125,40.84344482421875,28.486467361450195,73.06336212158203,74.74201202392578,22.60700035095215,135.8699951171875,38.35725402832031
2013-08-30,130.9055633544922,40.33894348144531,28.70543098449707,72.98078155517578,74.6008529663086,22.539365768432617,134.6199951171875,38.03293228149414
2013-09-03,131.49754333496094,41.11613082885742,28.88663101196289,71.95137023925781,74.1775131225586,22.657726287841797,136.4199981689453,37.70273971557617
2013-09-04,132.58543395996094,41.48426818847656,29.40003204345703,71.79261016845703,73.93193817138672,22.46327781677246,134.66000366210938,38.02703857421875
2013-09-05,132.75338745117188,41.45018768310547,29.747346878051758,70.79156494140625,73.3664321899414,22.412551879882812,132.1999969482422,37.62606430053711
2013-09-06,132.81739807128906,41.675174713134766,30.185245513916016,71.1436767578125,73.8128890991211,22.539365768432617,134.14999389648438,38.209842681884766
2013-09-09,134.08926391601562,42.24783706665039,30.978004455566406,71.17813873291016,73.96163177490234,22.395641326904297,133.91000366210938,39.00586700439453
2013-09-10,135.08114624023438,42.72505569458008,31.212053298950195,70.68106842041016,73.6194076538086,22.192737579345703,131.74000549316406,38.97638702392578
2013-09-11,135.5050811767578,42.875030517578125,31.234697341918945,71.309326171875,73.9914321899414,22.2265567779541,131.6999969482422,39.28889846801758
2013-09-12,135.14515686035156,42.629608154296875,30.87228775024414,71.21263885498047,73.99893188476562,22.336462020874023,127.66999816894531,39.03535842895508
2013-09-13,135.44912719726562,42.83413314819336,31.076160430908203,71.48886108398438,74.09561157226562,22.26882553100586,127.81999969482422,39.14738082885742
2013-09-16,136.23306274414062,43.168190002441406,31.4234561920166,71.01246643066406,74.25933074951172,21.98983383178711,126.44999694824219,39.536563873291016
2013-09-17,136.84092712402344,43.195457458496094,31.355510711669922,71.59929656982422,74.40814971923828,21.761564254760742,126.5,39.51297378540039
2013-09-18,138.42478942871094,44.347618103027344,32.66922378540039,72.48300170898438,75.33079528808594,22.235010147094727,132.00999450683594,40.851505279541016
2013-09-19,138.19273376464844,44.136268615722656,32.49557113647461,72.0549087524414,75.07039642333984,22.15046501159668,131.75,40.816123962402344
2013-09-20,137.22662353515625,43.81584167480469,31.77076530456543,72.43467712402344,75.14476776123047,21.947559356689453,127.95999908447266,40.14979934692383
2013-09-23,136.59164428710938,43.802207946777344,31.884023666381836,72.96625518798828,75.42755126953125,21.786928176879883,127.55000305175781,39.8748893737793
2013-09-24,136.27012634277344,43.73404312133789,31.61220359802246,73.75330352783203,75.70286560058594,21.778472900390625,127.66000366210938,39.57141876220703
2013-09-25,135.8761749267578,43.78176498413086,31.370609283447266,73.90519714355469,75.9111328125,21.812292098999023,128.7899932861328,39.70232391357422
2013-09-26,136.3987579345703,43.96583557128906,31.498952865600586,73.38737487792969,75.74747467041016,21.98137855529785,127.79000091552734,39.9462890625
2013-09-27,135.77171325683594,43.80903244018555,31.12900733947754,73.5668716430664,75.85163879394531,21.87147331237793,128.97000122070312,39.77968978881836
2013-09-30,135.04832458496094,43.495426177978516,30.774147033691406,73.45637512207031,75.97816467285156,21.778472900390625,128.17999267578125,39.35718536376953
2013-10-01,136.11737060546875,43.72722244262695,31.385717391967773,73.23348999023438,75.80902099609375,21.634750366210938,124.58999633789062,39.92844772338867
2013-10-02,135.98875427246094,43.71358871459961,31.506505966186523,73.3442611694336,75.93571472167969,21.846107482910156,127.05999755859375,39.987945556640625
2013-10-03,134.7348175048828,43.427249908447266,31.385717391967773,73.22661590576172,76.03997802734375,21.812292098999023,127.18000030517578,39.29174041748047
2013-10-04,135.7556915283203,43.52951431274414,31.793399810791016,73.1712417602539,75.83136749267578,21.87992286682129,126.52999877929688,39.21439743041992
2013-10-07,134.58206176757812,43.079559326171875,31.52161407470703,73.46885681152344,75.89842987060547,22.0321044921875,127.63999938964844,39.39289474487305
2013-10-08,133.01470947265625,42.74550247192383,31.219606399536133,73.4896240234375,75.86115264892578,22.108196258544922,127.4000015258789,38.96445083618164
2013-10-09,133.11109924316406,42.92958068847656,31.45366096496582,72.90128326416016,75.7270278930664,21.947559356689453,126.11000061035156,38.97040939331055
2013-10-10,135.9807891845703,43.699947357177734,32.193565368652344,73.01890563964844,75.56307220458984,22.2265567779541,124.2699966430664,39.96415710449219
2013-10-11,136.85687255859375,43.931758880615234,32.337005615234375,72.9981689453125,75.67485809326172,22.108196258544922,122.5999984741211,40.36284255981445
2013-10-14,137.40347290039062,44.081729888916016,32.52577590942383,72.4097900390625,75.42147827148438,22.0997371673584,122.83000183105469,40.38664245605469
2013-10-15,136.40672302246094,43.870391845703125,32.208675384521484,72.36136627197266,75.43637084960938,22.023649215698242,123.7300033569336,40.237884521484375
2013-10-16,138.31182861328125,44.197628021240234,32.46538162231445,73.26811218261719,75.80152893066406,22.192737579345703,123.54000091552734,40.99360656738281
2013-10-17,139.23614501953125,44.78392791748047,32.66922378540039,73.93262481689453,76.23377990722656,22.07437515258789,127.41999816894531,41.61246871948242
2013-10-18,140.17657470703125,45.04982376098633,32.69942855834961,74.09185791015625,76.2411880493164,22.201190948486328,126.8499984741211,41.57081604003906
2013-10-21,140.18466186523438,45.11799240112305,32.64657211303711,73.85649871826172,76.18904113769531,22.15046501159668,126.9800033569336,41.32089614868164
2013-10-22,140.99649047851562,45.567935943603516,32.96367263793945,74.68016815185547,76.71813201904297,22.125102996826172,129.33999633789062,41.70172119140625
2013-10-23,140.32131958007812,45.12480163574219,32.193565368652344,74.97091674804688,76.85230255126953,21.786928176879883,128.69000244140625,41.77908706665039
2013-10-24,140.78753662109375,45.43841552734375,32.125614166259766,74.68016815185547,76.69580841064453,21.795381546020508,129.89999389648438,41.767181396484375
2013-10-25,141.43057250976562,45.30887985229492,32.276611328125,74.95707702636719,76.8299560546875,21.863018035888672,130.4600067138672,42.278926849365234
2013-10-28,141.65560913085938,45.233890533447266,32.46538162231445,74.70091247558594,76.7553482055664,21.947559356689453,130.55999755859375,41.975460052490234
2013-10-29,142.41122436523438,45.329322814941406,32.57107925415039,74.7978515625,76.85972595214844,21.888381958007812,129.77000427246094,41.731468200683594
2013-10-30,141.70384216308594,45.165714263916016,32.389869689941406,74.34795379638672,76.65852355957031,21.956012725830078,129.60000610351562,41.38039779663086
2013-10-31,141.30197143554688,44.9134521484375,32.05767059326172,74.50714874267578,76.56903076171875,21.770017623901367,127.73999786376953,41.136417388916016
2013-11-01,141.63963317871094,44.6953125,32.0727653503418,73.70066833496094,76.14440155029297,21.49947738647461,126.94999694824219,41.35064697265625
2013-11-04,142.137939453125,44.9134521484375,32.26906967163086,73.7700424194336,76.2936782836914,21.406478881835938,126.80999755859375,41.42799758911133
2013-11-05,141.68777465820312,44.52486801147461,31.619766235351562,72.8886489868164,75.95037841796875,21.347299575805664,126.55999755859375,40.74962615966797
2013-11-06,142.41122436523438,44.9134521484375,31.717912673950195,72.92337799072266,76.1817626953125,21.36421012878418,127.19999694824219,40.69011306762695
2013-11-07,140.6106719970703,44.20444869995117,31.14411163330078,73.5409927368164,76.38323974609375,21.21202850341797,126.16000366210938,40.18433380126953
2013-11-08,142.50767517089844,44.4635124206543,31.076160430908203,71.77122497558594,75.5249252319336,21.33038902282715,124.27999877929688,39.642818450927734
2013-11-11,142.5318145751953,44.558956146240234,30.917606353759766,71.50056457519531,75.48760986328125,21.42338752746582,123.87000274658203,39.68446731567383
2013-11-12,142.24241638183594,44.408966064453125,30.75150489807129,71.83367919921875,75.42036437988281,21.279664993286133,122.44999694824219,39.505950927734375
2013-11-13,143.38385009765625,44.55213928222656,30.804357528686523,72.09740447998047,75.73384857177734,21.372663497924805,122.8499984741211,39.7618408203125
2013-11-14,144.0992431640625,44.756656646728516,31.30265998840332,72.54164123535156,76.09962463378906,21.465660095214844,124.2699966430664,40.04151153564453
2013-11-15,144.72622680664062,45.11799240112305,31.89911460876465,72.68736267089844,76.03990936279297,21.43184471130371,124.31999969482422,40.190277099609375
2013-11-18,144.21981811523438,45.11799240112305,32.1860237121582,73.12462615966797,76.30863189697266,21.28812026977539,122.9000015258789,39.94034957885742
2013-11-19,143.9062957763672,45.00210189819336,31.989715576171875,72.5693588256836,76.02499389648438,21.254301071166992,122.94999694824219,39.660682678222656
2013-11-20,143.4561767578125,44.6884880065918,31.55181121826172,71.33393859863281,75.6070556640625,21.271209716796875,120.12000274658203,39.17867660522461
2013-11-21,144.6136474609375,44.967994689941406,31.52161407470703,71.45198822021484,75.6741943359375,21.541749954223633,119.94000244140625,39.48214340209961
2013-11-22,145.3371124267578,45.0975341796875,31.748111724853516,72.11825561523438,75.89061737060547,21.609384536743164,119.91999816894531,39.32744598388672
2013-11-25,145.1923828125,44.96118927001953,31.340394973754883,72.32644653320312,75.95037841796875,21.584022521972656,120.45999908447266,39.142967224121094
2013-11-26,145.23255920410156,44.96118927001953,31.44611358642578,72.59715270996094,76.11455535888672,21.5755672454834,119.81999969482422,39.006107330322266
2013-11-27,145.58628845214844,45.07025909423828,31.649967193603516,72.4721908569336,75.94290924072266,21.5755672454834,119.45999908447266,39.33934020996094
2013-11-29,145.48977661132812,45.15888595581055,31.97461700439453,72.4930191040039,75.89811706542969,21.56711196899414,120.69999694824219,38.976348876953125
2013-12-02,145.1120147705078,44.824832916259766,31.30265998840332,71.9291763305664,75.57215881347656,21.541749954223633,117.58000183105469,38.7502326965332
2013-12-03,144.48504638671875,44.5112419128418,31.196950912475586,72.1937026977539,75.70671081542969,21.66856575012207,117.95999908447266,38.67286682128906
2013-12-04,144.46896362304688,44.272621154785156,31.159210205078125,71.5045166015625,75.36283111572266,21.710838317871094,119.95999908447266,38.8156852722168
2013-12-05,143.83396911621094,44.02037811279297,30.978004455566406,71.30268096923828,75.17595672607422,21.685474395751953,118.30000305175781,38.95255661010742
2013-12-06,145.4416046142578,44.565773010253906,31.665054321289062,71.6438217163086,75.24325561523438,21.761564254760742,118.55000305175781,39.23224639892578
2013-12-09,145.8113555908203,44.5180549621582,31.710357666015625,71.81086730957031,75.3329086303711,21.685474395751953,119.72000122070312,39.422637939453125
2013-12-10,145.288818359375,44.44306182861328,31.725467681884766,72.32598114013672,75.64688873291016,21.753108978271484,121.81999969482422,39.321495056152344
2013-12-11,143.65708923339844,44.02719497680664,31.02330780029297,71.7690658569336,75.35536193847656,21.753108978271484,120.86000061035156,38.4170036315918
2013-12-12,143.18289184570312,43.706764221191406,30.842105865478516,71.49755096435547,75.13858795166016,21.550203323364258,118.29000091552734,38.20278549194336
2013-12-13,143.16676330566406,43.679500579833984,30.917606353759766,71.84561920166016,75.250732421875,21.465660095214844,119.37999725341797,38.29798889160156
2013-12-16,144.05902099609375,43.99310302734375,31.121458053588867,71.58108520507812,75.21331024169922,21.533296585083008,119.69000244140625,38.42889404296875
2013-12-17,143.60084533691406,43.802207946777344,30.849651336669922,71.90135192871094,75.45254516601562,21.43184471130371,118.6500015258789,38.607418060302734
2013-12-18,146.05247497558594,44.49125289916992,31.463687896728516,71.53938293457031,75.16849517822266,21.4741153717041,117.61000061035156,39.29174041748047
2013-12-19,145.8837432861328,44.49125289916992,30.88469696044922,71.4697036743164,74.85447692871094,21.524839401245117,114.81999969482422,38.7502326965332
2013-12-20,146.73231506347656,44.74568176269531,30.8389835357666,72.56958770751953,75.08625030517578,21.69392967224121,115.94000244140625,38.98825454711914
2013-12-23,147.5161895751953,45.20640182495117,31.067527770996094,72.15888977050781,74.84700012207031,21.69392967224121,115.56999969482422,39.06562042236328
2013-12-24,147.83946228027344,45.295806884765625,31.25037956237793,71.58108520507812,74.55548095703125,21.761564254760742,116.0999984741211,39.10066604614258
2013-12-26,148.5910186767578,45.543357849121094,30.983728408813477,71.30523681640625,74.49108123779297,21.795381546020508,116.73999786376953,39.13088607788086
2013-12-27,148.5830078125,45.777156829833984,31.463687896728516,71.10274505615234,74.4461441040039,21.85456085205078,117.12000274658203,39.21549987792969
2013-12-30,148.55873107910156,45.96971130371094,31.600818634033203,71.59156799316406,74.6483383178711,21.72774887084961,115.38999938964844,39.227577209472656
2013-12-31,149.26182556152344,46.14160919189453,31.844600677490234,71.13768768310547,74.31132507324219,21.69392967224121,116.12000274658203,39.016048431396484
2014-01-02,147.8313751220703,45.32331085205078,30.61805534362793,71.3541259765625,74.60335540771484,21.381118774414062,118.0,39.0220947265625
2014-01-03,147.80712890625,45.37144088745117,30.56473731994629,71.3541259765625,74.55846405029297,21.2458438873291,119.29000091552734,39.23965835571289
2014-01-06,147.37879943847656,45.316429138183594,30.27522850036621,71.6544418334961,74.76812744140625,21.271209716796875,119.5,39.4390869140625
2014-01-07,148.28392028808594,45.57086181640625,30.40473747253418,71.8360366821289,74.88789367675781,21.254301071166992,118.81999969482422,39.61435317993164
2014-01-08,148.31631469726562,45.55710983276367,30.305706024169922,71.64048767089844,74.52100372314453,21.051393508911133,118.12000274658203,39.42095947265625
2014-01-09,148.4132537841797,45.5227165222168,30.14573097229004,72.05953216552734,74.71573638916016,20.882308959960938,118.45999908447266,39.42095947265625
2014-01-10,148.81735229492188,45.942195892333984,30.67899513244629,72.91854858398438,75.3446273803711,21.017580032348633,120.26000213623047,39.958839416503906
2014-01-13,146.83731079101562,45.543357849121094,30.31332015991211,73.2817153930664,75.56188201904297,21.009124755859375,121.0199966430664,39.69292449951172
2014-01-14,148.43748474121094,45.907814025878906,30.640907287597656,72.94644165039062,75.27726745605469,21.009124755859375,119.88999938964844,39.983001708984375
2014-01-15,149.2375946044922,46.10035705566406,30.633285522460938,72.86965942382812,75.20990753173828,21.06830406188965,119.66000366210938,40.2851676940918
2014-01-16,149.0436248779297,46.07973098754883,30.465688705444336,73.3585205078125,75.41958618164062,21.034486770629883,119.79000091552734,40.35769271850586
2014-01-17,148.4132537841797,45.942195892333984,30.31332015991211,73.66584777832031,75.59925079345703,21.05984878540039,120.93000030517578,40.12199401855469
2014-01-21,148.84970092773438,46.16223907470703,30.267610549926758,73.72169494628906,75.51692199707031,21.110576629638672,119.69999694824219,40.484596252441406
2014-01-22,148.94662475585938,46.16223907470703,30.671384811401367,73.54010009765625,75.30731964111328,21.21202850341797,119.19000244140625,40.65985870361328
2014-01-23,147.726318359375,45.852806091308594,29.91716957092285,74.58074188232422,75.81643676757812,21.195119857788086,121.79000091552734,40.56315612792969
2014-01-24,144.57444763183594,44.594390869140625,29.132490158081055,75.06260681152344,76.12345886230469,21.203575134277344,122.29000091552734,40.05552673339844
2014-01-27,143.86326599121094,44.38809585571289,29.018207550048828,74.53880310058594,75.89130401611328,21.05984878540039,120.95999908447266,39.74730682373047
2014-01-28,144.7199249267578,44.77318572998047,29.201051712036133,74.72040557861328,76.00364685058594,21.161304473876953,120.94999694824219,40.07970428466797
2014-01-29,143.32984924316406,44.271202087402344,28.782028198242188,75.33494567871094,76.36310577392578,21.14439582824707,122.47000122070312,39.86213302612305
2014-01-30,144.84922790527344,44.49812698364258,29.04868507385254,75.11845397949219,76.28817749023438,21.05984878540039,119.7699966430664,40.46646499633789
2014-01-31,144.00062561035156,43.74169921875,29.094385147094727,75.62130737304688,76.58770751953125,21.034486770629883,120.08999633789062,40.68404006958008
2014-02-03,140.75990295410156,42.84775161743164,28.271610260009766,76.5427017211914,77.00401306152344,21.034486770629883,121.31999969482422,40.03738021850586
2014-02-04,141.74581909179688,43.342857360839844,28.842981338500977,75.73052215576172,76.77147674560547,21.195119857788086,120.98999786376953,40.5208625793457
2014-02-05,141.56802368164062,43.43225860595703,28.736326217651367,75.03035736083984,76.49394989013672,21.237394332885742,121.29000091552734,40.436256408691406
2014-02-06,143.4349365234375,44.20243453979492,29.338176727294922,74.70826721191406,76.35143280029297,21.321935653686523,121.23999786376953,40.732383728027344
2014-02-07,145.21282958984375,44.78005599975586,29.505779266357422,74.77131652832031,76.55397033691406,21.56711196899414,122.16999816894531,41.04058837890625
2014-02-10,145.4795684814453,44.62877655029297,29.178190231323242,74.9813232421875,76.59146881103516,21.448753356933594,122.91999816894531,41.427371978759766
2014-02-11,147.0717010498047,45.337059020996094,29.810503005981445,74.54730224609375,76.25390625,21.55866050720215,124.36000061035156,41.59054183959961
2014-02-12,147.14439392089844,45.41270065307617,29.81812858581543,74.16210174560547,76.0738754272461,21.600929260253906,124.43000030517578,41.61470413208008
2014-02-13,147.90403747558594,45.550228118896484,29.848604202270508,74.5822525024414,76.43394470214844,21.71929168701172,125.48999786376953,41.7718391418457
2014-02-14,148.72036743164062,45.72214126586914,30.214290618896484,74.62423706054688,76.3814468383789,21.795381546020508,127.1500015258789,41.93501663208008
2014-02-18,148.89817810058594,46.11410903930664,29.93240737915039,74.79226684570312,76.56892395019531,22.108196258544922,127.4000015258789,42.140499114990234
2014-02-19,147.91220092773438,45.804656982421875,29.726709365844727,74.47723388671875,76.41889953613281,22.167375564575195,126.2699966430664,42.11631393432617
2014-02-20,148.78509521484375,45.96281814575195,29.833362579345703,74.2951431274414,76.33647918701172,22.209646224975586,127.5999984741211,42.02566146850586
2014-02-21,148.61529541015625,46.052223205566406,30.039060592651367,74.68730163574219,76.43394470214844,22.15046501159668,127.58000183105469,42.12839889526367
2014-02-24,149.4396514892578,46.45106506347656,30.039060592651367,74.49821472167969,76.35893249511719,22.243465423583984,128.99000549316406,42.23112487792969
2014-02-25,149.3831024169922,46.34103775024414,29.696243286132812,75.16336059570312,76.6214599609375,22.142013549804688,129.2100067138672,42.37013244628906
2014-02-26,149.39120483398438,46.18286895751953,29.719091415405273,75.56245422363281,76.84651184082031,22.08283233642578,128.11000061035156,42.466819763183594
2014-02-27,150.17510986328125,46.34103775024414,30.282846450805664,75.97559356689453,76.9365234375,22.015195846557617,128.1999969482422,42.35200881958008
2014-02-28,150.5548553466797,46.423553466796875,30.077157974243164,76.01759338378906,76.86151123046875,22.091285705566406,127.62000274658203,42.74481964111328
2014-03-03,149.4961700439453,45.44021224975586,29.543869018554688,76.52503967285156,77.24163818359375,22.395641326904297,130.2899932861328,42.76900100708008
2014-03-04,151.5974884033203,46.34103775024414,30.046680450439453,75.37397003173828,76.64815521240234,22.31109619140625,128.67999267578125,43.38542175292969
2014-03-05,151.7348175048828,46.299766540527344,30.06954002380371,75.535400390625,76.73076629638672,22.125102996826172,128.88999938964844,43.33102798461914
2014-03-06,152.0823974609375,46.781131744384766,30.49616813659668,74.79144287109375,76.40019989013672,22.328004837036133,130.1699981689453,42.96843719482422
2014-03-07,152.14697265625,46.526702880859375,30.107620239257812,74.32115173339844,76.06958770751953,22.2265567779541,129.08999633789062,42.503089904785156
2014-03-10,152.0662384033203,46.237892150878906,29.90193748474121,74.42643737792969,76.15229034423828,22.040557861328125,129.1300048828125,42.27947998046875
2014-03-11,151.31463623046875,45.90093994140625,29.566728591918945,74.62300872802734,76.22740173339844,22.049013137817383,129.86000061035156,42.5453987121582
2014-03-12,151.35504150390625,45.729026794433594,29.627670288085938,75.14236450195312,76.52792358398438,21.98983383178711,131.75999450683594,42.67230224609375
2014-03-13,149.65786743164062,44.87633514404297,29.094385147094727,76.15302276611328,76.9787368774414,21.888381958007812,132.2100067138672,42.472877502441406
2014-03-14,149.2375946044922,44.78005599975586,29.254371643066406,76.16708374023438,76.98625183105469,22.006742477416992,133.10000610351562,42.58165740966797
2014-03-17,150.58721923828125,45.343936920166016,29.612438201904297,75.59862518310547,76.67816925048828,21.761564254760742,131.63999938964844,42.67230224609375
2014-03-18,151.66212463378906,45.62587356567383,30.023826599121094,75.8722915649414,76.86605072021484,21.87147331237793,130.6199951171875,42.79922103881836
2014-03-19,150.85398864746094,45.06887435913086,29.38388442993164,75.28272247314453,76.15229034423828,21.863018035888672,128.08999633789062,41.989410400390625
2014-03-20,151.7348175048828,44.89696502685547,29.513399124145508,75.14933013916016,76.16730499267578,21.761564254760742,127.86000061035156,42.06191635131836
2014-03-21,151.14637756347656,44.80757141113281,29.696243286132812,75.96355438232422,76.31002044677734,21.778472900390625,128.47000122070312,42.44868850708008
2014-03-24,150.5212860107422,44.924468994140625,29.985734939575195,76.50398254394531,76.340087890625,21.770017623901367,126.18000030517578,42.170692443847656
2014-03-25,151.2356719970703,45.41270065307617,30.328556060791016,76.21623229980469,76.29505157470703,21.91374397277832,126.41000366210938,42.55575942993164
2014-03-26,150.14791870117188,45.40583038330078,30.397127151489258,76.81277465820312,76.61807250976562,21.896833419799805,125.41000366210938,42.07520294189453
2014-03-27,149.8313446044922,45.632747650146484,30.79327392578125,77.19882202148438,76.69318389892578,22.091285705566406,124.58999633789062,42.34284591674805
2014-03-28,150.57005310058594,45.976585388183594,31.037076950073242,76.76368713378906,76.4227294921875,22.0997371673584,124.55999755859375,42.59832763671875
2014-03-31,151.80389404296875,46.210384368896484,31.242746353149414,76.57418060302734,76.43024444580078,22.08283233642578,123.61000061035156,42.95721435546875
2014-04-01,152.8104248046875,46.506072998046875,31.608442306518555,75.91973114013672,76.27218627929688,21.812292098999023,123.38999938964844,43.15187072753906
2014-04-02,153.3218536376953,46.5954704284668,31.669382095336914,75.48347473144531,75.94100189208984,21.761564254760742,124.31999969482422,43.188358306884766
2014-04-03,153.1188507080078,46.46480941772461,31.547483444213867,75.814208984375,75.9936752319336,21.939105987548828,123.91999816894531,43.097137451171875
2014-04-04,151.3087158203125,46.320404052734375,31.463687896728516,76.32086944580078,76.4603271484375,22.040557861328125,125.56999969482422,43.243106842041016
2014-04-07,149.63648986816406,46.10035705566406,31.600818634033203,76.77825927734375,76.64095306396484,21.98983383178711,124.91000366210938,43.38301086425781
2014-04-08,150.25344848632812,46.07285690307617,31.966493606567383,76.961181640625,76.74639892578125,22.243465423583984,126.08999633789062,43.650665283203125
2014-04-09,151.86878967285156,46.66423416137695,32.21028137207031,76.58116149902344,76.72380065917969,22.302642822265625,126.31999969482422,43.54118347167969
2014-04-10,148.6786651611328,45.839054107666016,31.86746597290039,77.29193878173828,77.04751586914062,22.31109619140625,127.01000213623047,43.12752151489258
2014-04-11,147.3392791748047,45.563987731933594,31.86746597290039,77.91820526123047,77.20552825927734,22.209646224975586,126.93000030517578,42.86597442626953
2014-04-14,148.50003051757812,45.82529067993164,31.79889488220215,77.71417999267578,77.0850830078125,22.412551879882812,127.8499984741211,43.12145233154297
2014-04-15,149.5229034423828,45.632747650146484,31.31893539428711,78.19966125488281,77.1754379272461,22.429458618164062,125.48999786376953,43.63242721557617
2014-04-16,151.08950805664062,46.196632385253906,31.715085983276367,78.29818725585938,77.05501556396484,22.471731185913086,125.54000091552734,43.9122428894043
2014-04-17,151.30052185058594,46.43730163574219,32.00458908081055,77.439697265625,76.61840057373047,22.522457122802734,124.75,43.656761169433594
2014-04-21,151.82818603515625,46.49919891357422,31.806509017944336,77.37635803222656,76.60338592529297,22.446365356445312,124.23999786376953,43.90613555908203
2014-04-22,152.5181884765625,46.691741943359375,31.72271156311035,77.63670349121094,76.57327270507812,22.437915802001953,123.77999877929688,44.003475189208984
2014-04-23,152.1610107421875,46.58171081542969,31.49416160583496,78.08004760742188,76.7689437866211,22.421005249023438,123.76000213623047,43.82707595825195
2014-04-24,152.46945190429688,46.57484436035156,31.524635314941406,78.22782135009766,76.74639892578125,22.5562744140625,124.55999755859375,44.009559631347656
2014-04-25,151.21932983398438,46.34791564941406,31.098003387451172,78.34037780761719,76.85173797607422,22.46327781677246,125.43000030517578,43.839229583740234
2014-04-28,151.69833374023438,46.49231719970703,31.25037956237793,77.96044921875,76.73886108398438,22.38718605041504,124.87999725341797,44.179893493652344
2014-04-29,152.40451049804688,46.794898986816406,31.547483444213867,77.8548812866211,76.80662536621094,22.446365356445312,124.86000061035156,44.21028518676758
2014-04-30,152.85911560058594,46.98055648803711,31.48653793334961,78.17860412597656,77.0098876953125,22.328004837036133,124.22000122070312,44.36845397949219
2014-05-01,152.87533569335938,47.11121368408203,31.524635314941406,79.01724243164062,77.2315444946289,22.158920288085938,123.80000305175781,44.55702590942383
2014-05-02,152.65615844726562,47.03556823730469,31.699859619140625,79.50395965576172,77.34465789794922,22.218103408813477,125.05999755859375,44.54484939575195
2014-05-05,152.94839477539062,47.00118637084961,31.524635314941406,79.02428436279297,77.2994613647461,22.167375564575195,126.22000122070312,44.6360969543457
2014-05-06,151.6171417236328,46.91865921020508,31.669382095336914,79.34173583984375,77.389892578125,22.184282302856445,125.9800033569336,44.477935791015625
2014-05-07,152.51010131835938,46.973670959472656,31.83698844909668,79.05960083007812,77.4502944946289,22.243465423583984,124.16999816894531,45.013248443603516
2014-05-08,152.3477020263672,46.98055648803711,31.760799407958984,78.72100830078125,77.53317260742188,22.17582893371582,124.16999816894531,45.116634368896484
2014-05-09,152.5750274658203,46.91178512573242,31.707477569580078,78.4670639038086,77.47289276123047,22.0659236907959,124.0999984741211,45.14704895019531
2014-05-12,154.0605010986328,47.22121810913086,32.24076843261719,78.149658203125,77.269287109375,22.116647720336914,124.94000244140625,45.286964416503906
2014-05-13,154.19851684570312,47.29000473022461,32.362648010253906,78.82682037353516,77.5709228515625,22.218103408813477,124.5999984741211,44.9949836730957
2014-05-14,153.4678955078125,47.20059585571289,32.591209411621094,79.68033599853516,77.92536163330078,22.319551467895508,125.80999755859375,45.013248443603516
2014-05-15,152.12039184570312,46.99429702758789,32.28648376464844,80.31519317626953,78.20435333251953,22.184282302856445,124.7699966430664,44.9888916015625
2014-05-16,152.64808654785156,47.097450256347656,32.713096618652344,80.08941650390625,78.0384750366211,22.209646224975586,124.5,45.40251159667969
2014-05-19,153.2081756591797,47.00118637084961,32.713096618652344,79.4969482421875,77.9404525756836,22.192737579345703,124.58000183105469,45.220035552978516
2014-05-20,152.2421875,46.70549392700195,32.44645690917969,79.67327880859375,78.16674041748047,22.235010147094727,124.69000244140625,45.080135345458984
2014-05-21,153.5247344970703,47.06993865966797,32.69784927368164,79.18656921386719,78.04601287841797,22.277280807495117,124.38999938964844,44.78209686279297
2014-05-22,153.89817810058594,47.131839752197266,32.926395416259766,79.07371520996094,77.96305847167969,22.294187545776367,124.66999816894531,44.70301055908203
2014-05-23,154.51507568359375,47.25560760498047,32.86546325683594,79.4969482421875,78.12147521972656,22.34491539001465,124.51000213623047,45.09838104248047
2014-05-27,155.46478271484375,47.59256362915039,32.583587646484375,79.96248626708984,78.14408111572266,22.158920288085938,121.8499984741211,45.4207878112793
2014-05-28,155.3511505126953,47.43440628051758,32.774044036865234,80.9500503540039,78.57391357421875,22.167375564575195,121.19999694824219,45.1348876953125
2014-05-29,156.15478515625,47.72322463989258,32.86546325683594,80.51974487304688,78.47589111328125,22.17582893371582,120.94000244140625,45.22611999511719
2014-05-30,156.4063720703125,47.730098724365234,32.415977478027344,80.48445892333984,78.41555786132812,22.006742477416992,120.43000030517578,45.432952880859375
2014-06-02,156.58505249023438,47.826377868652344,32.515010833740234,79.88613891601562,78.05671691894531,21.98137855529785,119.69999694824219,45.572837829589844
2014-06-03,156.50387573242188,47.70946502685547,32.69784927368164,78.90311431884766,77.66388702392578,21.964468002319336,120.01000213623047,45.54853820800781
2014-06-04,156.82041931152344,47.69572448730469,32.515010833740234,78.88199615478516,77.60350036621094,21.905288696289062,119.76000213623047,45.63975143432617
2014-06-05,157.8432159423828,48.02578353881836,32.85783767700195,78.91729736328125,77.71684265136719,21.93065071105957,120.66000366210938,46.47919464111328
2014-06-06,158.59814453125,48.28709030151367,33.18544006347656,78.91729736328125,77.65637969970703,22.023649215698242,120.61000061035156,46.28453826904297
2014-06-09,158.76048278808594,48.23896408081055,33.30732727050781,78.8041000366211,77.5430679321289,22.116647720336914,120.6500015258789,45.724918365478516
2014-06-10,158.77670288085938,48.13581466674805,33.482547760009766,78.51417541503906,77.4070816040039,22.05746841430664,121.38999938964844,45.38428497314453
2014-06-11,158.2247314453125,47.8951416015625,33.36827087402344,78.65557861328125,77.51287078857422,21.998289108276367,121.41000366210938,45.26263427734375
2014-06-12,157.1044921875,47.90888595581055,33.20828628540039,79.3557357788086,77.81497955322266,22.31109619140625,122.63999938964844,45.14704895019531
2014-06-13,157.58348083496094,47.943267822265625,33.22351837158203,79.31336212158203,77.66388702392578,22.31109619140625,122.95999908447266,45.26263427734375
2014-06-16,157.7133331298828,47.9570198059082,33.07115173339844,79.51138305664062,77.66388702392578,22.37873077392578,122.41999816894531,45.03145980834961
2014-06-17,158.15164184570312,47.922637939453125,33.07878112792969,78.88199615478516,77.33910369873047,22.404094696044922,122.27999877929688,45.14704895019531
2014-06-18,159.3124542236328,48.33523178100586,33.444461822509766,79.4901123046875,77.74700164794922,22.497095108032227,122.66999816894531,45.463382720947266
2014-06-19,159.4910430908203,48.596534729003906,33.253990173339844,78.47175598144531,77.55059814453125,22.716909408569336,126.94000244140625,45.84049606323242
2014-06-20,159.81483459472656,48.5140266418457,33.18544006347656,79.0657730102539,77.64125061035156,22.759180068969727,126.5,45.9986457824707
2014-06-23,159.76593017578125,48.38337326049805,33.11686706542969,78.81832122802734,77.58841705322266,22.67463493347168,126.8499984741211,45.81008529663086
2014-06-24,158.803466796875,48.08079528808594,33.10163116455078,79.61742401123047,77.9056396484375,22.708452224731445,126.9800033569336,45.8438606262207
2014-06-25,159.52120971679688,48.063899993896484,33.17150115966797,79.822509765625,77.98123931884766,22.742271423339844,126.98999786376953,45.75175476074219
2014-06-26,159.40708923339844,48.09912109375,33.209896087646484,80.20440673828125,78.18516540527344,22.649272918701172,126.7300033569336,45.70878982543945
2014-06-27,159.71702575683594,48.127296447753906,33.28667449951172,80.0842056274414,78.18516540527344,22.60700035095215,126.66000366210938,46.05875015258789
2014-06-30,159.6354522705078,48.16957473754883,33.19454574584961,80.28218841552734,78.24561309814453,22.471731185913086,128.0399932861328,45.948238372802734
2014-07-01,160.7039031982422,48.59230041503906,33.509361267089844,79.61002349853516,77.98983001708984,22.404094696044922,127.69999694824219,46.19380187988281
2014-07-02,160.86705017089844,48.66980743408203,33.70900344848633,78.75923156738281,77.67191314697266,22.361825942993164,127.69999694824219,46.08330154418945
2014-07-03,161.65818786621094,48.7684326171875,33.90864181518555,78.47563934326172,77.5129623413086,22.319551467895508,127.16000366210938,45.81930923461914
2014-07-07,161.09539794921875,48.38798522949219,33.885616302490234,79.0499267578125,77.70218658447266,22.142013549804688,127.0199966430664,45.9543571472168
2014-07-08,160.0595245361328,47.88070297241211,33.73204040527344,79.93621826171875,78.05789947509766,22.08283233642578,127.06999969482422,46.08943557739258
2014-07-09,160.7772674560547,48.03571319580078,33.924007415771484,80.00003051757812,78.07304382324219,21.93065071105957,127.83999633789062,46.1630859375
2014-07-10,160.14109802246094,47.50730895996094,33.73971176147461,80.02129364013672,78.23953247070312,21.964468002319336,128.5399932861328,46.37186050415039
2014-07-11,160.3613739013672,47.535484313964844,33.701316833496094,80.53177642822266,78.3681411743164,21.770017623901367,128.77999877929688,46.377986907958984
2014-07-14,161.16883850097656,47.88775634765625,33.96239471435547,80.1843032836914,78.19412994384766,21.85456085205078,125.72000122070312,46.60515594482422
2014-07-15,160.86705017089844,47.76799392700195,33.93937301635742,80.02129364013672,78.12602996826172,21.651657104492188,124.52999877929688,46.63584518432617
2014-07-16,161.46240234375,48.063899993896484,34.0238151550293,80.44666290283203,78.23953247070312,21.685474395751953,124.97000122070312,46.78319549560547
2014-07-17,159.6272430419922,47.45094680786133,33.386497497558594,81.4605941772461,78.69359588623047,21.7362003326416,127.08999633789062,46.543766021728516
2014-07-18,161.2584991455078,47.8243408203125,33.90864181518555,81.1982650756836,78.53466796875,21.592477798461914,126.12999725341797,47.00422286987305
2014-07-21,160.9567108154297,47.6482048034668,34.0238151550293,81.60240173339844,78.55742645263672,21.69392967224121,126.33999633789062,46.83231735229492
2014-07-22,161.65818786621094,47.85957336425781,34.33864974975586,81.7726058959961,78.65576934814453,21.600929260253906,125.73999786376953,46.97966384887695
2014-07-23,162.01707458496094,47.95820617675781,34.369361877441406,81.6662826538086,78.648193359375,21.660110473632812,125.62000274658203,47.06563186645508
2014-07-24,162.02517700195312,48.0709342956543,34.5229377746582,81.05648040771484,78.33036041259766,21.634750366210938,124.3499984741211,47.00422286987305
2014-07-25,161.2666473388672,47.873661041259766,34.38471984863281,82.0136489868164,78.633056640625,21.71929168701172,125.79000091552734,46.6788330078125
2014-07-28,161.33189392089844,47.88070297241211,34.62274932861328,81.90019226074219,78.54225158691406,21.677019119262695,125.58000183105469,47.00422286987305
2014-07-29,160.63868713378906,47.782066345214844,34.415435791015625,82.19801330566406,78.648193359375,21.609384536743164,125.19999694824219,46.77706527709961
2014-07-30,160.66311645507812,47.71162796020508,34.24649429321289,81.05648040771484,78.09578704833984,21.516387939453125,124.83000183105469,46.6788330078125
2014-07-31,157.4903106689453,46.915489196777344,33.64757537841797,80.81538391113281,78.07304382324219,21.406478881835938,123.38999938964844,45.98506546020508
2014-08-01,157.00909423828125,46.59140396118164,33.83185958862305,81.44098663330078,78.53255462646484,21.237394332885742,124.37999725341797,45.87454605102539
2014-08-04,158.142822265625,46.80980682373047,34.14668655395508,81.22772979736328,78.57804870605469,21.398025512695312,123.98999786376953,46.19380187988281
2014-08-05,156.6094512939453,46.21094512939453,33.62453842163086,81.4907455444336,78.61595153808594,21.296573638916016,123.87000274658203,45.7210578918457
2014-08-06,156.6583709716797,46.09821319580078,33.394187927246094,81.54051208496094,78.6842041015625,21.43184471130371,125.66999816894531,45.70265197753906
2014-08-07,155.81011962890625,45.724815368652344,33.26364517211914,82.30118560791016,79.04061889648438,21.4741153717041,126.18000030517578,45.72721481323242
2014-08-08,157.6127166748047,45.99253463745117,33.563106536865234,82.1234130859375,78.9723129272461,21.372663497924805,126.19000244140625,45.99733352661133
2014-08-11,158.0694122314453,46.168678283691406,33.99311447143555,82.11636352539062,78.93441009521484,21.406478881835938,125.95999908447266,46.28589630126953
2014-08-12,157.84918212890625,46.133445739746094,34.031497955322266,81.58319091796875,78.82068634033203,21.271209716796875,125.98999786376953,46.212223052978516
2014-08-13,158.9176483154297,46.39413070678711,34.21579360961914,82.11636352539062,79.07843780517578,21.254301071166992,126.19999694824219,46.88143539428711
2014-08-14,159.66802978515625,46.640716552734375,34.2695426940918,82.77751159667969,79.23771667480469,21.000669479370117,126.30999755859375,46.85073471069336
2014-08-15,159.6354522705078,46.59140396118164,34.17739486694336,83.68032836914062,79.55618286132812,21.085214614868164,125.4800033569336,46.8016242980957
2014-08-18,160.9730682373047,46.89435577392578,34.50757598876953,82.84857940673828,79.30597686767578,20.907672882080078,124.95999908447266,47.262088775634766
2014-08-19,161.81314086914062,47.00707244873047,34.668827056884766,82.59263610839844,79.22257995605469,20.949939727783203,124.68000030517578,47.360313415527344
2014-08-20,162.2454833984375,46.859127044677734,34.5997200012207,82.45757293701172,78.98751831054688,21.009124755859375,124.22000122070312,47.5751953125
2014-08-21,162.71849060058594,47.056396484375,34.45381546020508,82.91962432861328,79.15430450439453,21.05984878540039,122.87999725341797,47.501522064208984
2014-08-22,162.46568298339844,46.83094024658203,34.361690521240234,83.38175964355469,79.1618881225586,21.026033401489258,123.19000244140625,47.12086868286133
2014-08-25,163.2894744873047,47.13389205932617,34.615081787109375,83.694580078125,79.22257995605469,21.05984878540039,122.73999786376953,47.01649856567383
2014-08-26,163.3954315185547,47.14093780517578,34.82240295410156,83.42439270019531,79.2074203491211,21.06830406188965,123.3499984741211,47.10859298706055
2014-08-27,163.3302459716797,47.23253631591797,34.99900817871094,84.13528442382812,79.42727661132812,21.102121353149414,123.31999969482422,47.1392822265625
2014-08-28,163.2405242919922,47.02116775512695,34.653472900390625,84.57612609863281,79.53340911865234,21.11903190612793,124.0,47.133155822753906
2014-08-29,163.70542907714844,47.000038146972656,34.5997200012207,84.6329345703125,79.54100799560547,21.161304473876953,123.86000061035156,47.38486099243164
2014-09-02,163.6238555908203,47.09162139892578,34.54597473144531,83.1729736328125,79.03286743164062,20.856945037841797,121.6500015258789,47.39102554321289
2014-09-03,163.53411865234375,47.422752380371094,34.99900817871094,83.6361312866211,79.14684295654297,20.941490173339844,122.1500015258789,47.513790130615234
2014-09-04,163.2976531982422,47.197303771972656,34.906864166259766,82.61717224121094,78.86573791503906,20.856945037841797,121.4800033569336,47.335758209228516
2014-09-05,164.0316162109375,47.20435333251953,35.20633316040039,82.46048736572266,78.8885726928711,20.8231258392334,122.05999755859375,47.83919143676758
2014-09-08,163.60752868652344,46.704124450683594,34.791690826416016,82.49610900878906,78.80500030517578,20.721675872802734,120.7300033569336,47.79008865356445
2014-09-09,162.57167053222656,46.57025909423828,34.361690521240234,82.43197631835938,78.62271881103516,20.552589416503906,120.87000274658203,47.495391845703125
2014-09-10,163.18344116210938,46.83799362182617,34.21579360961914,81.91181182861328,78.42520904541016,20.408864974975586,120.26000213623047,46.746368408203125
2014-09-11,163.37100219726562,46.57730484008789,33.98543167114258,81.64103698730469,78.32653045654297,20.30741310119629,119.47000122070312,46.78319549560547
2014-09-12,162.4167022705078,46.513893127441406,33.62453842163086,80.78598022460938,78.03025817871094,20.146778106689453,118.37999725341797,45.34654998779297
2014-09-15,162.29441833496094,46.41526794433594,33.45561218261719,80.90718841552734,78.17457580566406,20.17214012145996,118.63999938964844,45.12554168701172
2014-09-16,163.517822265625,46.6125373840332,33.893287658691406,80.57938385009766,78.15177154541016,20.358137130737305,118.83000183105469,45.567569732666016
2014-09-17,163.73800659179688,46.28139877319336,33.57846450805664,80.37274932861328,77.95428466796875,20.27359390258789,117.54000091552734,45.5552978515625
2014-09-18,164.61082458496094,46.640716552734375,33.62453842163086,80.62924194335938,77.90110778808594,20.079143524169922,117.77999877929688,45.1562385559082
2014-09-19,164.46246337890625,46.478668212890625,33.37113571166992,81.65528869628906,78.19734191894531,20.01996421813965,117.08999633789062,45.211483001708984
2014-09-22,163.19232177734375,46.27435302734375,32.86435317993164,81.75501251220703,78.36444854736328,19.850873947143555,116.8499984741211,44.855384826660156
2014-09-23,162.25814819335938,45.8868522644043,32.680076599121094,82.26095581054688,78.53155517578125,19.850873947143555,117.5999984741211,44.52998733520508
2014-09-24,163.52830505371094,46.11935043334961,33.14847183227539,81.804931640625,78.31130981445312,19.9354190826416,117.05000305175781,44.411006927490234
2014-09-25,160.88963317871094,45.4429931640625,32.42668151855469,82.77397155761719,78.6910629272461,19.893146514892578,117.38999938964844,44.21271896362305
2014-09-26,162.16796875,45.63322067260742,32.57257843017578,82.65283966064453,78.52398681640625,19.859331130981445,117.05999755859375,44.80760192871094
2014-09-29,161.873046875,45.210487365722656,31.912212371826172,83.31546020507812,78.77457427978516,19.977689743041992,117.02999877929688,44.745643615722656
2014-09-30,161.4468994140625,45.175270080566406,31.912212371826172,82.84522247314453,78.70628356933594,19.631057739257812,116.20999908447266,44.52254867553711
2014-10-01,159.25900268554688,44.63981628417969,31.25953483581543,84.45169830322266,79.36753845214844,19.563425064086914,116.7699966430664,44.55974578857422
2014-10-02,159.2835693359375,44.16073226928711,31.428466796875,83.7159423828125,79.13163757324219,19.487335205078125,116.73999786376953,44.48537826538086
2014-10-03,161.0371856689453,44.16073226928711,31.69721221923828,84.0731201171875,79.10877990722656,19.30133819580078,114.61000061035156,44.764225006103516
2014-10-06,160.84869384765625,44.44255065917969,32.11185073852539,84.12310028076172,79.23814392089844,19.54651641845703,116.02999877929688,44.8819580078125
2014-10-07,158.3657684326172,43.68867874145508,31.82774543762207,85.25885772705078,79.70234680175781,19.470428466796875,116.36000061035156,44.528751373291016
2014-10-08,161.13551330566406,44.37913131713867,32.30381774902344,85.2802734375,79.98387908935547,19.394336700439453,117.47000122070312,45.49540710449219
2014-10-09,157.93972778320312,43.188453674316406,31.797033309936523,84.9088134765625,79.84695434570312,19.166072845458984,117.63999938964844,45.49540710449219
2014-10-10,156.13685607910156,42.540279388427734,31.105966567993164,85.75175476074219,80.15890502929688,19.09843635559082,117.58999633789062,45.53879928588867
2014-10-13,153.5720977783203,42.48391342163086,31.420791625976562,86.27311706542969,80.57743835449219,19.09843635559082,118.5199966430664,45.58217239379883
2014-10-14,153.8096923828125,42.589595794677734,31.60506820678711,86.83744812011719,80.73723602294922,18.81098747253418,118.58999633789062,46.319583892822266
2014-10-15,152.76904296875,42.335960388183594,31.205787658691406,87.52316284179688,81.19381713867188,18.574262619018555,118.98999786376953,46.139854431152344
2014-10-16,152.63787841796875,41.9414176940918,30.921672821044922,86.96601104736328,80.9731674194336,18.76026153564453,119.22000122070312,46.2142333984375
2014-10-17,154.440673828125,42.72346115112305,31.267215728759766,86.48030090332031,80.73723602294922,18.827896118164062,118.98999786376953,46.27001190185547
2014-10-20,155.9402313232422,42.9911994934082,31.359357833862305,86.79460144042969,80.85143280029297,18.692625045776367,119.80000305175781,46.976417541503906
2014-10-21,159.02952575683594,43.505496978759766,31.489885330200195,86.10169219970703,80.6307144165039,18.844802856445312,120.0199966430664,47.40398025512695
2014-10-22,157.8987274169922,43.188453674316406,31.282581329345703,86.19454193115234,80.60790252685547,18.633445739746094,119.33999633789062,47.41636276245117
2014-10-23,159.73428344726562,43.6041374206543,31.27489471435547,85.43025207519531,80.27307891845703,18.85325813293457,118.5199966430664,47.781959533691406
2014-10-24,160.96336364746094,43.84367370605469,31.497575759887695,85.51597595214844,80.34153747558594,18.73489761352539,118.3499984741211,47.744789123535156
2014-10-27,160.74217224121094,43.59709548950195,31.251859664916992,85.67311096191406,80.42524719238281,18.684171676635742,118.05999755859375,48.09798049926758
2014-10-28,162.58596801757812,44.259361267089844,31.881511688232422,85.13743591308594,80.22740936279297,18.83635139465332,118.0999984741211,48.308677673339844
2014-10-29,162.340087890625,43.921180725097656,31.927574157714844,85.33031463623047,79.96105194091797,19.056167602539062,116.41000366210938,48.03601837158203
2014-10-30,163.3806915283203,44.23822021484375,32.22703170776367,85.40169525146484,80.04476928710938,18.895532608032227,115.19000244140625,48.339664459228516
2014-10-31,165.24917602539062,45.05549240112305,32.36525344848633,85.18029022216797,79.9154281616211,18.870166778564453,112.66000366210938,48.946929931640625
2014-11-03,165.3392333984375,44.66799545288086,32.096492767333984,85.18024444580078,79.88567352294922,18.701082229614258,112.1500015258789,49.374488830566406
2014-11-04,164.76564025878906,44.41435623168945,32.12721252441406,85.44524383544922,79.87808227539062,18.430538177490234,112.22000122070312,49.45503234863281
2014-11-05,165.8063201904297,44.4989013671875,31.843103408813477,85.3235092163086,79.90092468261719,18.481266021728516,109.79000091552734,49.34970474243164
2014-11-06,166.4700927734375,44.259361267089844,31.45149803161621,84.77212524414062,79.6570053100586,18.4981746673584,109.87999725341797,48.971710205078125
2014-11-07,166.6257781982422,44.28049850463867,31.65114402770996,85.74589538574219,80.167724609375,18.582717895507812,112.97000122070312,48.909751892089844
2014-11-10,167.1502227783203,44.47776794433594,31.73560333251953,84.95829010009766,79.8399429321289,18.40517807006836,110.45999908447266,49.31251525878906
2014-11-11,167.3141326904297,44.74549865722656,31.704906463623047,85.01557922363281,79.84754943847656,18.4981746673584,112.04000091552734,49.120445251464844
2014-11-12,167.13385009765625,44.36504364013672,31.643468856811523,84.94396209716797,79.81700897216797,18.438993453979492,111.5,48.74863052368164
2014-11-13,167.3223419189453,44.57640075683594,31.559001922607422,85.14449310302734,79.9466781616211,18.100818634033203,111.66999816894531,49.01509475708008
2014-11-14,167.36328125,44.63981628417969,31.820066452026367,85.55975341796875,80.11437225341797,18.295269012451172,114.47000122070312,48.61231231689453
2014-11-17,167.4698028564453,44.46367645263672,31.482210159301758,85.34495544433594,80.0229263305664,18.21917724609375,114.05000305175781,48.829200744628906
2014-11-18,168.436767578125,44.94981002807617,31.65114402770996,85.58122253417969,80.11437225341797,18.126182556152344,115.05000305175781,49.03988265991211
2014-11-19,168.16632080078125,44.815948486328125,31.63578987121582,85.0370864868164,79.90092468261719,18.033184051513672,113.68000030517578,48.59992218017578
2014-11-20,168.4613037109375,44.5482292175293,31.58203887939453,85.48101043701172,80.04578399658203,18.18536376953125,114.86000061035156,48.76103973388672
2014-11-21,169.3627471923828,44.935726165771484,32.58793258666992,85.99652862548828,80.20585632324219,18.37981414794922,115.38999938964844,49.06465530395508
2014-11-24,169.83799743652344,45.19640350341797,32.319175720214844,86.06816864013672,80.29730987548828,18.21917724609375,115.11000061035156,49.2381706237793
2014-11-25,169.715087890625,45.273902893066406,32.11185073852539,86.7841567993164,80.49549102783203,18.13463592529297,115.37999725341797,49.32490921020508
2014-11-26,170.14939880371094,45.450035095214844,32.51882553100586,87.0204849243164,80.63269805908203,18.092363357543945,115.16000366210938,49.80207061767578
2014-11-28,169.78884887695312,45.08367919921875,31.866134643554688,87.70791625976562,80.94525146484375,17.263835906982422,112.11000061035156,49.925994873046875
2014-12-01,168.6088409423828,45.041412353515625,31.320966720581055,87.19620513916016,80.74673461914062,17.618921279907227,116.58000183105469,49.80207061767578
2014-12-02,169.69869995117188,45.16822052001953,31.313276290893555,86.34935760498047,80.38782501220703,17.24692726135254,115.13999938964844,50.111873626708984
2014-12-03,170.354248046875,45.11185836791992,31.397747039794922,86.6866683959961,80.41838073730469,17.145477294921875,116.33000183105469,50.062320709228516
2014-12-04,170.16580200195312,44.963905334472656,31.45149803161621,87.4115219116211,80.70089721679688,17.09474754333496,115.87999725341797,50.192440032958984
2014-12-05,170.4443817138672,45.06254196166992,31.390071868896484,86.90196228027344,80.25037384033203,17.05247688293457,114.43000030517578,49.93839645385742
2014-12-08,169.305419921875,44.66799545288086,30.929351806640625,87.96408081054688,80.51761627197266,16.756572723388672,115.77999877929688,50.25441360473633
2014-12-09,169.1906280517578,44.42845153808594,30.637571334838867,88.41624450683594,80.8154296875,16.87493324279785,118.19000244140625,50.48368835449219
2014-12-10,166.47833251953125,43.864810943603516,30.18453598022461,89.0621337890625,81.1819839477539,16.61284828186035,117.95999908447266,50.434112548828125
2014-12-11,167.3223419189453,43.80845260620117,29.931142807006836,89.42810821533203,81.04449462890625,16.460668563842773,117.69000244140625,50.52705001831055
2014-12-12,164.6181640625,42.963008880615234,29.439712524414062,90.64097595214844,81.70881652832031,16.325397491455078,117.41000366210938,50.08710479736328
2014-12-15,163.48731994628906,42.25141525268555,29.017393112182617,90.45440673828125,81.41104125976562,16.063316345214844,114.38999938964844,49.43645095825195
2014-12-16,162.17617797851562,42.55436325073242,28.9713134765625,91.5739517211914,81.82337188720703,15.970314979553223,114.94999694824219,49.368289947509766
2014-12-17,165.35565185546875,43.06304168701172,29.637285232543945,90.74867248535156,81.25833892822266,16.063316345214844,114.2699966430664,50.502262115478516
2014-12-18,169.4446563720703,43.83139419555664,30.042306900024414,89.1338882446289,80.80012512207031,16.012588500976562,115.1500015258789,50.8554801940918
2014-12-19,170.16567993164062,43.89542007446289,30.252609252929688,90.33238983154297,81.09798431396484,16.24930763244629,114.7699966430664,50.83068084716797
2014-12-22,170.9484405517578,44.10885238647461,30.673227310180664,90.45440673828125,81.09798431396484,15.953408241271973,112.55000305175781,51.680511474609375
2014-12-23,171.17913818359375,43.96656036376953,30.392812728881836,88.66024780273438,80.42597198486328,16.11404037475586,112.73999786376953,51.53606033325195
2014-12-24,171.1956329345703,44.165771484375,30.462915420532227,89.142822265625,80.4841079711914,15.902682304382324,112.7699966430664,51.32249069213867
2014-12-26,171.74765014648438,44.27959442138672,30.704376220703125,89.47359466552734,80.59121704101562,15.885773658752441,114.83000183105469,51.50464630126953
2014-12-29,171.97833251953125,43.95945358276367,30.51744270324707,90.14244079589844,80.86651611328125,15.73359489440918,113.66999816894531,51.78730392456055
2014-12-30,171.05555725097656,43.553932189941406,30.57974624633789,90.38694763183594,80.958251953125,15.716687202453613,115.19999694824219,51.74962615966797
2014-12-31,169.358154296875,43.283592224121094,30.60312271118164,90.55961608886719,81.05001068115234,15.5983247756958,113.58000183105469,50.87654495239258
2015-01-02,169.26754760742188,43.09861755371094,30.198087692260742,91.56645965576172,81.46296691894531,15.412328720092773,114.08000183105469,51.642845153808594
2015-01-05,166.21060180664062,42.08126449584961,29.660640716552734,93.00485229492188,81.96001434326172,15.192514419555664,115.80000305175781,51.925498962402344
2015-01-06,164.6450958251953,41.60459899902344,29.536020278930664,94.68048858642578,82.5105972290039,15.048789024353027,117.12000274658203,52.44053649902344
2015-01-07,166.69674682617188,42.06703567504883,30.174718856811523,94.4935073852539,82.4952621459961,14.955790519714355,116.43000030517578,53.24452209472656
2015-01-08,169.65476989746094,42.636192321777344,30.688796997070312,93.24213409423828,82.15885162353516,15.014970779418945,115.94000244140625,53.44548034667969
2015-01-09,168.29522705078125,42.42986297607422,30.587533950805664,94.26337432861328,82.56412506103516,14.989609718322754,117.26000213623047,53.47061538696289
2015-01-12,166.97691345214844,42.33026885986328,30.338293075561523,94.80278778076172,82.85470581054688,14.659889221191406,118.55999755859375,53.8788948059082
2015-01-13,166.50723266601562,42.543697357177734,30.60312271118164,94.80278778076172,82.9311294555664,14.60070514678955,118.16000366210938,53.79724884033203
2015-01-14,165.50198364257812,42.42275619506836,30.431764602661133,95.52196502685547,83.3134994506836,14.76133918762207,117.97000122070312,54.26205062866211
2015-01-15,163.9858856201172,42.693092346191406,30.501861572265625,97.0250473022461,84.02465057373047,14.558435440063477,120.94000244140625,54.38764190673828
2015-01-16,166.136474609375,43.24802017211914,30.758899688720703,95.7880630493164,83.40522003173828,14.83742904663086,122.5199966430664,54.858734130859375
2015-01-20,166.49075317382812,43.39741134643555,30.712162017822266,97.06105041503906,83.59644317626953,14.63452434539795,124.19999694824219,54.42534637451172
2015-01-21,167.33119201660156,43.7389030456543,31.389806747436523,95.93909454345703,83.19882202148438,14.727522850036621,124.2300033569336,54.38764190673828
2015-01-22,169.81964111328125,43.90253448486328,31.989566802978516,95.5938949584961,82.99229431152344,14.710612297058105,125.2300033569336,55.35494613647461
2015-01-23,168.88845825195312,43.653533935546875,31.74810028076172,96.92437744140625,83.53522491455078,14.617615699768066,124.2300033569336,55.197898864746094
2015-01-26,169.2839813232422,44.25113296508789,31.763675689697266,96.62953186035156,83.34406280517578,14.566889762878418,122.98999786376953,55.6627082824707
2015-01-27,167.05104064941406,44.315155029296875,31.592330932617188,96.78052520751953,83.45880889892578,14.642979621887207,124.4000015258789,55.68154525756836
2015-01-28,164.90869140625,43.653533935546875,31.249608993530273,98.36276245117188,84.10114288330078,14.431619644165039,123.41999816894531,55.31098175048828
2015-01-29,166.43313598632812,44.25113296508789,31.249608993530273,97.7154312133789,83.8028793334961,14.363984107971191,120.76000213623047,55.50568389892578
2015-01-30,164.34027099609375,43.553932189941406,30.392812728881836,99.4487075805664,84.53703308105469,14.710612297058105,123.44999694824219,54.36251449584961
2015-02-02,166.37542724609375,44.08039855957031,30.938053131103516,99.07323455810547,84.43135070800781,14.913518905639648,122.41999816894531,54.21806716918945
2015-02-03,168.78135681152344,44.78470993041992,31.522226333618164,96.9762191772461,83.7189712524414,15.327781677246094,121.05000305175781,54.689125061035156
2015-02-04,168.13868713378906,44.414772033691406,31.366439819335938,97.14192962646484,83.8569107055664,14.989609718322754,121.58000183105469,54.463043212890625
2015-02-05,169.83607482910156,45.026607513427734,31.55338478088379,96.07542419433594,83.55045318603516,15.192514419555664,121.79000091552734,55.11627197265625
2015-02-06,169.3664093017578,44.464569091796875,31.015933990478516,94.37471008300781,82.61599731445312,15.234783172607422,118.63999938964844,53.514583587646484
2015-02-09,168.60836791992188,44.25113296508789,30.969200134277344,94.22332763671875,82.57768249511719,15.386966705322266,119.16999816894531,53.137725830078125
2015-02-10,170.40455627441406,44.65665817260742,30.891315460205078,93.47389221191406,82.37094116210938,15.192514419555664,118.47000122070312,53.30731201171875
2015-02-11,170.5034637451172,44.414772033691406,30.665428161621094,93.64679718017578,82.34025573730469,15.074151992797852,117.06999969482422,53.15029525756836
2015-02-12,172.14324951171875,45.1048583984375,31.319705963134766,93.33694458007812,82.37094116210938,15.302420616149902,117.33999633789062,53.784664154052734
2015-02-13,172.8517303466797,45.40365982055664,31.67799949645996,92.3785171508789,82.09520721435547,15.471508026123047,117.9800033569336,53.42665100097656
2015-02-17,173.12371826171875,45.510372161865234,31.60790252685547,90.9876708984375,81.51300811767578,15.479960441589355,116.01000213623047,53.29475784301758
2015-02-18,173.1401824951172,45.78071212768555,31.600116729736328,91.5281753540039,81.90362548828125,15.293968200683594,116.33999633789062,53.790958404541016
2015-02-19,173.01657104492188,45.83763885498047,31.467700958251953,90.92285919189453,81.69685363769531,15.243241310119629,115.94000244140625,52.635257720947266
2015-02-20,174.05477905273438,46.264488220214844,31.67799949645996,91.18944549560547,81.65089416503906,15.18405818939209,115.27999877929688,53.1440315246582
2015-02-23,174.03005981445312,46.100860595703125,31.35865592956543,92.23436737060547,82.02616882324219,15.082606315612793,115.43000030517578,53.571109771728516
2015-02-24,174.5244140625,46.385433197021484,31.810420989990234,93.44507598876953,82.57003784179688,15.091060638427734,115.26000213623047,52.515892028808594
2015-02-25,174.37608337402344,46.42100524902344,31.74810028076172,93.8486099243164,82.64665222167969,15.319331169128418,115.69999694824219,52.528465270996094
2015-02-26,174.17010498046875,46.2929573059082,31.75589370727539,92.56591033935547,82.15644073486328,15.192514419555664,116.06999969482422,51.95690155029297
2015-02-27,173.57688903808594,46.31428909301758,31.732540130615234,93.34420013427734,82.44745635986328,15.361601829528809,116.16000366210938,52.36517333984375
2015-03-02,174.67269897460938,46.385433197021484,31.6857967376709,91.60546875,81.8337631225586,15.1417875289917,115.68000030517578,52.666656494140625
2015-03-03,173.9558563232422,46.100860595703125,31.44432830810547,91.27337646484375,81.65730285644531,15.234783172607422,115.47000122070312,52.566139221191406
2015-03-04,173.22256469726562,45.91590118408203,31.10161590576172,91.30223083496094,81.71868133544922,15.099516868591309,115.11000061035156,52.063663482666016
2015-03-05,173.41201782226562,46.02259826660156,31.05487632751465,91.18673706054688,81.76469421386719,15.04033374786377,115.0,52.21441650390625
2015-03-06,170.97312927246094,45.39654541015625,30.57974624633789,89.1722412109375,80.92848205566406,14.854339599609375,111.86000061035156,50.4808464050293
2015-03-09,171.6817626953125,45.46768569946289,30.462915420532227,89.99535369873047,81.30440521240234,14.812067985534668,111.97000122070312,50.882835388183594
2015-03-10,168.89669799804688,44.478797912597656,29.785280227661133,91.17949676513672,81.64962768554688,14.617615699768066,111.41999816894531,50.84514617919922
2015-03-11,168.50125122070312,44.592628479003906,30.01114273071289,91.84376525878906,81.79536437988281,14.693704605102539,110.75,50.889102935791016
2015-03-12,170.6436004638672,45.14753723144531,30.198087692260742,91.77877807617188,81.87213897705078,14.626069068908691,110.72000122070312,51.77472686767578
2015-03-13,169.59716796875,44.88431930541992,29.83200454711914,91.4971694946289,81.7493896484375,14.330168724060059,110.87999725341797,51.74334716796875
2015-03-16,171.86306762695312,45.38942337036133,30.190296173095703,92.37808227539062,82.03321838378906,14.313258171081543,110.80999755859375,52.2772216796875
2015-03-17,171.35214233398438,45.275596618652344,30.540807723999023,93.14346313476562,82.20201873779297,14.211806297302246,110.20999908447266,52.258365631103516
2015-03-18,173.41201782226562,46.24314880371094,31.28855323791504,94.9413833618164,83.14558410644531,14.60070514678955,112.37000274658203,53.3513069152832
2015-03-19,172.62107849121094,45.702457427978516,30.758899688720703,94.45752716064453,82.75434112548828,14.35552978515625,112.29000091552734,53.32617950439453
2015-03-20,174.14471435546875,46.712703704833984,31.21845817565918,94.95578002929688,83.0919189453125,14.549980163574219,113.56999969482422,54.664024353027344
2015-03-23,173.8053741455078,46.94746780395508,31.311920166015625,94.84024810791016,83.19930267333984,14.719069480895996,114.29000091552734,54.59495162963867
2015-03-24,172.82879638671875,46.84786605834961,31.436540603637695,95.7572021484375,83.45249938964844,14.60070514678955,114.56999969482422,54.130130767822266
2015-03-25,170.2961883544922,46.627315521240234,30.938053131103516,94.94857788085938,83.0919189453125,14.642979621887207,114.7300033569336,53.19624710083008
2015-03-26,169.8906707763672,46.22181701660156,30.649850845336914,93.4683837890625,82.62395477294922,14.820521354675293,115.4800033569336,52.918243408203125
2015-03-27,170.2796630859375,46.342750549316406,30.735523223876953,94.63082885742188,82.94611358642578,14.524619102478027,115.05999755859375,52.987735748291016
2015-03-30,172.3570098876953,46.37120819091797,31.32750129699707,94.16156005859375,82.9384765625,14.60070514678955,113.75,53.7459716796875
2015-03-31,170.85073852539062,45.65266036987305,31.257404327392578,94.36371612548828,83.15325927734375,14.431619644165039,113.66000366210938,53.27206039428711
2015-04-01,170.24655151367188,45.979915618896484,31.646848678588867,95.60316467285156,83.54901885986328,14.693704605102539,115.5999984741211,53.19624710083008
2015-04-02,170.85899353027344,46.37832260131836,32.12197494506836,94.59014892578125,83.3107681274414,14.617615699768066,115.27999877929688,53.60063171386719
2015-04-06,172.00942993164062,46.84786605834961,32.53479766845703,94.06194305419922,83.41840362548828,14.80361270904541,116.69000244140625,54.15666580200195
2015-04-07,171.55422973632812,46.78385543823242,32.3712272644043,94.85062408447266,83.48755645751953,14.879703521728516,116.11000061035156,53.20257568359375
2015-04-08,172.13357543945312,46.98304748535156,33.04887390136719,94.87962341308594,83.41069793701172,14.592254638671875,115.47000122070312,53.284698486328125
2015-04-09,172.89501953125,47.04706573486328,33.376014709472656,93.64955139160156,83.07264709472656,14.592254638671875,114.66999816894531,52.178951263427734
2015-04-10,173.83848571777344,47.139556884765625,33.39938735961914,93.78707122802734,83.04954528808594,14.74443244934082,115.97000122070312,52.14104080200195
2015-04-13,173.0522918701172,46.84075164794922,33.20465087890625,93.9172592163086,83.21861267089844,14.676796913146973,115.13999938964844,52.00202560424805
2015-04-14,173.38336181640625,47.18935775756836,33.35264587402344,94.58295440673828,83.4644546508789,14.74443244934082,114.44000244140625,52.18525695800781
2015-04-15,174.16131591796875,47.40278625488281,33.58632278442383,94.50334930419922,83.5105972290039,15.04033374786377,115.43000030517578,51.79352569580078
2015-04-16,174.1116943359375,47.53084182739258,33.85113525390625,94.03306579589844,83.5720443725586,15.200966835021973,115.02999877929688,51.926204681396484
2015-04-17,172.10874938964844,46.933231353759766,33.259185791015625,95.11111450195312,83.74110412597656,15.16715145111084,115.5999984741211,51.68611145019531
2015-04-20,173.68125915527344,46.98304748535156,33.22802734375,94.27181243896484,83.58740997314453,15.099516868591309,114.72000122070312,51.761924743652344
2015-04-21,173.47438049316406,47.40278625488281,33.422752380371094,93.8449478149414,83.41069793701172,14.989609718322754,115.37999725341797,51.85036849975586
2015-04-22,174.32684326171875,47.495269775390625,33.781044006347656,92.41226196289062,82.92656707763672,15.04033374786377,113.83000183105469,51.957794189453125
2015-04-23,174.7655029296875,47.673126220703125,34.030296325683594,92.81021881103516,83.18017578125,15.226330757141113,114.66000366210938,52.0968132019043
2015-04-24,175.1710205078125,47.95058822631836,34.1549186706543,93.38907623291016,83.47216796875,15.217875480651855,113.05000305175781,52.204219818115234
2015-04-27,174.44271850585938,48.185359954833984,34.28733444213867,93.38907623291016,83.34156036376953,15.217875480651855,115.33000183105469,52.13471603393555
2015-04-28,174.99716186523438,48.24227523803711,34.341854095458984,92.1010971069336,82.95734405517578,15.243241310119629,116.33000183105469,52.03361129760742
2015-04-29,174.27719116210938,47.822540283203125,33.91345977783203,90.97241973876953,82.64999389648438,15.344691276550293,115.51000213623047,50.984737396240234
2015-04-30,172.53091430664062,47.31741714477539,33.39938735961914,91.13157653808594,82.62694549560547,15.463056564331055,113.47000122070312,50.15700149536133
2015-05-01,174.40133666992188,47.8438720703125,33.601905822753906,89.90479278564453,82.17513275146484,15.446146011352539,113.08000183105469,50.53611373901367
2015-05-04,174.89791870117188,47.7940788269043,33.796627044677734,89.05653381347656,82.00592041015625,15.437691688537598,114.0999984741211,50.586669921875
2015-05-05,172.89501953125,47.082645416259766,33.430538177490234,88.93328094482422,81.86734008789062,15.564506530761719,114.41999816894531,49.48721694946289
2015-05-06,172.18324279785156,47.20358657836914,33.01772689819336,87.41065979003906,81.46717071533203,15.564506530761719,114.36000061035156,49.3924560546875
2015-05-07,172.87017822265625,47.04706573486328,32.97098922729492,88.58524322509766,81.81352233886719,15.319331169128418,113.41999816894531,50.15068435668945
2015-05-08,175.1461944580078,48.13555908203125,33.3916015625,88.8244857788086,82.1290512084961,15.4038724899292,113.97000122070312,50.85206985473633
2015-05-11,174.310302734375,47.71582794189453,33.07224655151367,86.66390228271484,81.32095336914062,15.336237907409668,113.52999877929688,50.087501525878906
2015-05-12,173.7888946533203,47.6873664855957,32.963199615478516,86.88862609863281,81.38252258300781,15.496870994567871,114.5,50.23915100097656
2015-05-13,173.82199096679688,48.04307556152344,33.02552032470703,86.19258117675781,81.27481079101562,15.513781547546387,116.55000305175781,49.7589225769043
2015-05-14,175.634521484375,48.61933898925781,33.35264587402344,86.42460632324219,81.55179595947266,15.60677719116211,117.18000030517578,50.7193489074707
2015-05-15,175.8249053955078,48.676246643066406,33.60968780517578,88.15745544433594,82.13672637939453,15.5983247756958,117.52999877929688,51.237491607666016
2015-05-18,176.37109375,48.51263427734375,33.26697540283203,86.67842864990234,81.58258819580078,15.556052207946777,117.5199966430664,51.10478973388672
2015-05-19,176.3131866455078,48.32764434814453,33.32149124145508,85.9098892211914,81.22089385986328,15.226330757141113,115.88999938964844,50.9278564453125
2015-05-20,176.1890869140625,48.42013168334961,33.29813003540039,86.05485534667969,81.39796447753906,15.192514419555664,116.08000183105469,50.883636474609375
2015-05-21,176.70217895507812,48.676246643066406,33.18128967285156,87.25840759277344,81.88272857666016,15.378510475158691,115.69000244140625,50.643531799316406
2015-05-22,176.2800750732422,48.363216400146484,33.290340423583984,87.2947006225586,81.69802856445312,15.209423065185547,115.5999984741211,50.580345153808594
2015-05-26,174.38478088378906,47.495269775390625,32.760677337646484,88.78829193115234,82.2059326171875,14.913518905639648,113.91000366210938,50.194923400878906
2015-05-27,176.0400390625,47.95769500732422,32.768463134765625,88.99127960205078,82.1598129272461,14.710612297058105,113.88999938964844,50.68777084350586
2015-05-28,175.8414306640625,47.8723258972168,32.340084075927734,88.77374267578125,82.23677062988281,14.786702156066895,114.0199966430664,50.586669921875
2015-05-29,174.74891662597656,47.40989685058594,32.028507232666016,88.96953582763672,82.2829360961914,14.972699165344238,114.0999984741211,50.00534439086914
2015-06-01,175.10482788085938,47.28184509277344,31.903884887695312,88.0133056640625,81.91986846923828,14.938884735107422,114.0,50.61825942993164
2015-06-02,174.93099975585938,47.502384185791016,32.028507232666016,86.78532409667969,81.3495101928711,15.116424560546875,114.45999908447266,50.15068435668945
2015-06-03,175.39451599121094,47.76560592651367,31.864944458007812,85.39027404785156,80.65574645996094,14.921974182128906,113.63999938964844,49.43035125732422
2015-06-04,173.91302490234375,47.253379821777344,31.382020950317383,86.50196838378906,81.04889678955078,14.786702156066895,112.83999633789062,49.335575103759766
2015-06-05,173.61505126953125,46.691349029541016,31.241823196411133,85.44843292236328,80.46305847167969,14.854339599609375,112.23999786376953,48.785865783691406
2015-06-08,172.5474090576172,46.627315521240234,31.23402976989746,85.3539047241211,80.57867431640625,14.86279296875,112.56999969482422,48.697391510009766
2015-06-09,172.52256774902344,46.37120819091797,31.047094345092773,84.67820739746094,80.31661987304688,15.099516868591309,112.81999969482422,48.34356689453125
2015-06-10,174.5916748046875,47.34587860107422,31.498859405517578,83.93708038330078,80.0083236694336,15.158696174621582,113.77999877929688,48.68478012084961
2015-06-11,175.15447998046875,47.473941802978516,31.343067169189453,85.70272827148438,80.64036560058594,15.02342700958252,113.26000213623047,48.98174285888672
2015-06-12,173.81375122070312,47.09687042236328,31.343067169189453,85.70272827148438,80.59408569335938,14.871246337890625,113.2300033569336,48.937503814697266
2015-06-15,173.06886291503906,46.812294006347656,30.99256706237793,85.84077453613281,80.78680419921875,14.80361270904541,113.7300033569336,48.672115325927734
2015-06-16,174.01235961914062,46.798072814941406,31.000370025634766,86.51648712158203,81.09516143798828,14.845884323120117,113.31999969482422,49.06388854980469
2015-06-17,174.29373168945312,46.691349029541016,31.187288284301758,85.8480453491211,81.14137268066406,14.888155937194824,113.8499984741211,49.480899810791016
2015-06-18,176.10633850097656,47.11109924316406,31.475488662719727,85.42656707763672,81.07970428466797,14.888155937194824,115.31999969482422,50.1633186340332
2015-06-19,175.32456970214844,46.99727249145508,31.202871322631836,86.52375030517578,81.51136779785156,14.752887725830078,115.12000274658203,49.77788543701172
2015-06-22,176.2227325439453,47.886558532714844,31.65464210510254,84.75814056396484,80.82538604736328,14.80361270904541,113.63999938964844,49.26606369018555
2015-06-23,176.34747314453125,48.014625549316406,31.966201782226562,84.24951171875,80.57867431640625,14.981152534484863,112.88999938964844,48.85536193847656
2015-06-24,175.06666564941406,47.60198974609375,31.740318298339844,84.97610473632812,80.81766510009766,14.879703521728516,112.58999633789062,48.59000015258789
2015-06-25,174.53443908691406,47.58099365234375,31.631248474121094,84.67820739746094,80.61724090576172,14.896611213684082,112.44000244140625,48.09714889526367
2015-06-26,174.50119018554688,47.559295654296875,31.333059310913086,83.72637176513672,80.23184967041016,14.96424674987793,112.55999755859375,48.443058013916016
2015-06-29,170.841796875,46.09794235229492,30.634668350219727,85.94251251220703,81.16446685791016,14.896611213684082,113.06999969482422,47.68994140625
2015-06-30,171.1993865966797,45.931549072265625,31.089799880981445,85.34669494628906,80.94100189208984,15.217875480651855,112.37000274658203,47.670780181884766
2015-07-01,172.5717010498047,46.22816467285156,31.066265106201172,84.19471740722656,80.51795196533203,15.031881332397461,111.9800033569336,48.45582580566406
2015-07-02,172.41363525390625,46.28603744506836,31.215354919433594,84.47138977050781,80.80358123779297,15.006516456604004,111.76000213623047,48.57709884643555
2015-07-06,171.92298889160156,45.3527946472168,30.344341278076172,86.03703308105469,81.37479400634766,14.516162872314453,112.05999755859375,48.88346481323242
2015-07-07,173.00413513183594,45.36726379394531,29.889219284057617,86.8453140258789,81.59098052978516,14.431619644165039,110.76000213623047,49.64936828613281
2015-07-08,170.10159301757812,44.31103515625,28.861255645751953,87.59536743164062,81.91517639160156,14.363984107971191,111.08999633789062,49.45787811279297
2015-07-09,170.4093017578125,45.04171371459961,29.41839027404785,85.86953735351562,81.34391021728516,14.533072471618652,111.36000061035156,49.22172164916992
2015-07-10,172.55506896972656,46.51754379272461,30.163854598999023,84.50782775878906,80.78038787841797,14.60070514678955,111.48999786376953,49.630218505859375
2015-07-13,174.45948791503906,46.6911735534668,30.367883682250977,84.24564361572266,80.56421661376953,14.609162330627441,110.98999786376953,49.700435638427734
2015-07-14,175.21640014648438,47.08182144165039,30.422805786132812,84.52239227294922,80.81900787353516,14.558435440063477,110.73999786376953,49.80253601074219
2015-07-15,175.1581573486328,46.90819549560547,30.07754135131836,85.41805267333984,81.12776947021484,14.389348983764648,110.16000366210938,49.885520935058594
2015-07-16,176.56365966796875,47.313331604003906,30.454198837280273,86.00788116455078,81.09689331054688,14.3217134475708,109.76000213623047,50.28760528564453
2015-07-17,176.71339416503906,47.23375701904297,30.41495704650879,86.45209503173828,81.10462188720703,14.245623588562012,108.6500015258789,50.108890533447266
2015-07-20,176.80490112304688,47.356727600097656,30.218786239624023,86.08800506591797,80.9425277709961,14.017354011535645,105.69999694824219,50.16635513305664
2015-07-21,176.10629272460938,47.21928787231445,30.226627349853516,86.55406188964844,81.16639709472656,14.076536178588867,105.37000274658203,50.02593231201172
2015-07-22,175.79029846191406,46.85755157470703,29.7950439453125,87.09288024902344,81.26671600341797,13.873629570007324,104.80000305175781,50.242923736572266
2015-07-23,174.80056762695312,46.73457336425781,29.50470733642578,88.17793273925781,81.59871673583984,13.755270004272461,104.33000183105469,49.617435455322266
2015-07-24,172.98753356933594,46.22093200683594,29.080965042114258,88.39640045166016,81.6759262084961,13.64536190032959,105.3499984741211,49.82807159423828
2015-07-27,171.98123168945312,45.88090133666992,28.531679153442383,88.8697280883789,81.9461441040039,13.38327693939209,104.86000061035156,49.91741943359375
2015-07-28,174.09365844726562,46.459659576416016,28.822021484375,88.22161865234375,81.7144775390625,13.493184089660645,105.0199966430664,49.9493293762207
2015-07-29,175.29124450683594,46.62604904174805,29.104511260986328,87.8939437866211,81.59871673583984,13.535454750061035,105.16999816894531,50.274837493896484
2015-07-30,175.33282470703125,46.58988952636719,28.814170837402344,88.5711898803711,81.69136047363281,13.484729766845703,104.2699966430664,50.02593231201172
2015-07-31,175.06666564941406,46.86478805541992,29.1280517578125,89.22647857666016,82.16999816894531,13.29873275756836,104.93000030517578,50.42165756225586
2015-08-03,174.4761962890625,46.74180221557617,28.64154052734375,90.16576385498047,82.42046356201172,13.078919410705566,104.0999984741211,50.7343635559082
2015-08-04,174.1352081298828,46.77798080444336,28.743553161621094,89.45059967041016,81.99522399902344,13.155010223388672,104.30999755859375,50.36420440673828
2015-08-05,174.70904541015625,47.023948669433594,28.751401901245117,88.7791748046875,81.67826843261719,13.104283332824707,103.93000030517578,50.03231430053711
2015-08-06,173.27862548828125,46.82862854003906,28.500289916992188,89.56735229492188,81.9642562866211,13.09582805633545,104.38999938964844,50.102508544921875
2015-08-07,172.94590759277344,46.74180221557617,28.48459243774414,90.74235534667969,82.28905487060547,13.0451021194458,104.6500015258789,50.28760528564453
2015-08-10,175.12489318847656,47.313331604003906,28.963260650634766,89.61843872070312,81.94882202148438,13.324097633361816,105.72000122070312,50.1280517578125
2015-08-11,173.54473876953125,46.58988952636719,28.327659606933594,91.04151153564453,82.49006652832031,13.146554946899414,106.26000213623047,50.459930419921875
2015-08-12,173.75271606445312,46.257102966308594,27.888229370117188,90.54531860351562,82.45909118652344,13.104283332824707,107.75,50.61948776245117
2015-08-13,173.53639221191406,46.22816467285156,27.84114646911621,90.25334930419922,82.24266052246094,13.0451021194458,106.86000061035156,50.676963806152344
2015-08-14,174.16847229003906,46.30051040649414,27.88037872314453,90.46504211425781,82.15760040283203,12.96055793762207,106.8499984741211,50.95138931274414
2015-08-17,175.14151000976562,46.21369171142578,27.5743465423584,90.87367248535156,82.30448150634766,12.909832954406738,107.12999725341797,51.38540267944336
2015-08-18,174.63421630859375,45.8664436340332,27.27616310119629,90.15850067138672,82.17306518554688,12.842196464538574,107.11000061035156,51.52580642700195
2015-08-19,173.25364685058594,45.4613037109375,26.938743591308594,91.04884338378906,82.67561340332031,12.698472023010254,108.55000305175781,51.21945571899414
2015-08-20,169.6358642578125,44.361671447753906,26.515003204345703,91.9683609008789,82.89986419677734,12.732290267944336,110.44000244140625,50.84288787841797
2015-08-21,164.52943420410156,43.34885025024414,25.698917388916016,92.24571228027344,83.23228454589844,12.520931243896484,111.12999725341797,49.89826583862305
2015-08-24,157.60162353515625,41.8513069152832,24.576791763305664,92.21646881103516,83.37146759033203,12.208118438720703,110.52999877929688,47.562278747558594
2015-08-25,155.74700927734375,42.249210357666016,24.890668869018555,90.73506927490234,82.91535186767578,12.258845329284668,109.16000366210938,46.253883361816406
2015-08-26,161.7266845703125,43.24757385253906,25.714611053466797,88.98348236083984,82.40499877929688,12.182756423950195,107.66999816894531,47.50484085083008
2015-08-27,165.7269744873047,43.77568054199219,26.852426528930664,89.03459167480469,82.3586196899414,12.622385025024414,107.7300033569336,48.42392349243164
2015-08-28,165.73538208007812,43.710575103759766,26.507156372070312,89.29732513427734,82.37409973144531,12.952103614807129,108.69999694824219,48.35371398925781
2015-08-31,164.39637756347656,43.38501739501953,26.55423355102539,88.61133575439453,82.23490142822266,13.26491641998291,108.81999969482422,47.24955368041992
2015-09-01,159.489501953125,41.93090057373047,25.526275634765625,89.24982452392578,82.6042709350586,12.825288772583008,109.19999694824219,46.349613189697266
2015-09-02,162.51681518554688,42.55305862426758,25.89509391784668,88.48184967041016,82.37972259521484,12.935195922851562,108.62000274658203,46.82830047607422
2015-09-03,162.63316345214844,42.65433883666992,25.997098922729492,88.91339111328125,82.58108520507812,13.019739151000977,107.83999633789062,46.955955505371094
2015-09-04,160.1714630126953,41.677696228027344,25.22024917602539,89.7252197265625,82.83662414550781,12.859105110168457,107.48999786376953,46.08154296875
2015-09-08,164.19671630859375,42.90031433105469,26.020641326904297,88.40141296386719,82.47264862060547,12.952103614807129,107.5199966430664,46.777244567871094
2015-09-09,162.00115966796875,42.726688385009766,25.887248992919922,88.82559967041016,82.50365447998047,12.783015251159668,106.12999725341797,46.241092681884766
2015-09-10,162.8826904296875,43.00883102416992,26.154041290283203,88.22589111328125,82.31775665283203,12.892923355102539,106.37999725341797,46.343231201171875
2015-09-11,163.62290954589844,43.00159454345703,26.256053924560547,88.78172302246094,82.5345687866211,12.87601375579834,106.16000366210938,47.23040008544922
2015-09-14,163.01580810546875,42.6760368347168,26.216815948486328,88.92068481445312,82.61202239990234,12.715381622314453,106.22000122070312,47.25592803955078
2015-09-15,165.05340576171875,42.96541976928711,26.467920303344727,87.21660614013672,81.96158599853516,12.75765323638916,105.9000015258789,47.72184753417969
2015-09-16,166.48382568359375,43.62376403808594,27.111371994018555,86.8874282836914,81.93831634521484,12.969013214111328,107.30999755859375,48.232444763183594
2015-09-17,166.109619140625,43.64547348022461,27.048593521118164,87.9479751586914,82.61975860595703,12.884469032287598,108.41000366210938,48.78131866455078
2015-09-18,163.3951416015625,42.55305862426758,26.546390533447266,89.30103302001953,83.00698852539062,12.690017700195312,109.20999908447266,48.69838333129883
2015-09-21,164.239501953125,42.53135681152344,26.499303817749023,87.84558868408203,82.5345687866211,12.833742141723633,108.52999877929688,49.11322784423828
2015-09-22,162.10775756835938,41.51852798461914,26.004941940307617,89.0670166015625,82.94499969482422,12.75765323638916,107.79000091552734,48.49412155151367
2015-09-23,161.84857177734375,41.32320785522461,25.58905601501465,89.05962371826172,82.85209655761719,12.656201362609863,108.22000122070312,48.79838943481445
2015-09-24,161.2633514404297,41.20744705200195,25.479202270507812,89.66670227050781,82.97598266601562,12.732290267944336,110.48999786376953,48.340702056884766
2015-09-25,161.22157287597656,41.56917190551758,25.424270629882812,88.89144134521484,82.75917053222656,12.808378219604492,109.80999755859375,48.53409957885742
2015-09-28,157.17532348632812,40.751678466796875,24.88282585144043,90.41270446777344,83.23153686523438,12.630837440490723,108.41999816894531,47.77988815307617
2015-09-29,157.26731872558594,40.693809509277344,25.000534057617188,90.66870880126953,83.51805877685547,12.715381622314453,107.9800033569336,48.28913116455078
2015-09-30,160.20164489746094,41.467899322509766,25.722455978393555,90.35420989990234,83.53359985351562,12.808378219604492,106.86000061035156,48.69524383544922
2015-10-01,160.61959838867188,41.59811019897461,25.863704681396484,90.7397232055664,83.59872436523438,12.723835945129395,106.7300033569336,48.93376159667969
2015-10-02,163.0189666748047,42.30708694458008,26.55423355102539,91.28936767578125,84.00202941894531,12.808378219604492,108.98999786376953,49.2883186340332
2015-10-05,165.91986083984375,43.14628219604492,27.127073287963867,90.05081176757812,83.53668212890625,12.977468490600586,108.7699966430664,50.11989974975586
2015-10-06,165.3513641357422,43.19691467285156,27.079986572265625,90.439208984375,83.70733642578125,13.231098175048828,109.86000061035156,50.00385665893555
2015-10-07,166.7056884765625,43.7395133972168,27.801912307739258,90.13871765136719,83.49787139892578,13.205735206604004,109.69999694824219,50.577571868896484
2015-10-08,168.21043395996094,44.086761474609375,28.100095748901367,89.38382720947266,83.28072357177734,13.26491641998291,109.13999938964844,51.003013610839844
2015-10-09,168.310791015625,44.166351318359375,28.202104568481445,89.61835479736328,83.32730102539062,13.324097633361816,110.87000274658203,50.91924285888672
2015-10-12,168.46961975097656,44.079524993896484,27.990238189697266,90.29995727539062,83.60646057128906,13.112737655639648,111.30999755859375,51.28022766113281
2015-10-13,167.4078826904297,43.5224723815918,27.535110473632812,90.45384979248047,83.68401336669922,13.028193473815918,111.86000061035156,50.880550384521484
2015-10-14,166.60536193847656,43.609291076660156,27.746984481811523,91.24541473388672,84.14163970947266,13.062010765075684,113.80999755859375,50.500205993652344
2015-10-15,169.1635284423828,44.35444259643555,28.42182159423828,90.79838562011719,83.85468292236328,13.028193473815918,113.29000091552734,51.18997573852539
2015-10-16,169.9326171875,44.318267822265625,28.445362091064453,90.82769012451172,83.78485107421875,13.03664779663086,112.48999786376953,51.57673263549805
2015-10-19,170.01620483398438,44.166351318359375,28.15502166748047,90.57847595214844,83.74609375,12.799925804138184,112.0199966430664,52.2987060546875
2015-10-20,169.79885864257812,43.98548889160156,28.147171020507812,90.02146911621094,83.45909881591797,12.825288772583008,112.7300033569336,52.2794075012207
2015-10-21,168.74551391601562,43.96377944946289,27.7391300201416,90.91563415527344,83.74609375,12.715381622314453,111.7300033569336,52.08600616455078
2015-10-22,171.59622192382812,44.455726623535156,28.311967849731445,91.06950378417969,83.83138275146484,12.75765323638916,111.69000244140625,52.5436897277832
2015-10-23,173.47720336914062,44.89702606201172,28.476749420166016,90.2926025390625,83.35828399658203,12.681563377380371,111.5,52.0344352722168
2015-10-26,173.0508270263672,44.73064041137695,28.21779441833496,90.89362335205078,83.57544708251953,12.647747993469238,111.43000030517578,52.021522521972656
2015-10-27,172.71646118164062,44.33997344970703,27.896074295043945,91.12083435058594,83.78485107421875,12.588566780090332,111.68000030517578,52.0022087097168
2015-10-28,174.68101501464844,44.62935256958008,27.5743465423584,90.75434112548828,83.35052490234375,12.799925804138184,110.77999877929688,52.047325134277344
2015-10-29,174.5807342529297,44.303802490234375,27.315401077270508,89.31058502197266,82.83865356445312,12.723835945129395,109.72000122070312,51.976402282714844
2015-10-30,173.8283233642578,44.209747314453125,27.36248207092285,89.98479461669922,83.00149536132812,12.850651741027832,109.30000305175781,51.499393463134766
2015-11-02,175.8848419189453,44.62935256958008,27.903921127319336,89.57131958007812,82.7630615234375,12.783015251159668,108.58999633789062,52.595252990722656
2015-11-03,176.3948516845703,44.61487579345703,28.272735595703125,88.83682250976562,82.54557037353516,13.011285781860352,106.9800033569336,52.06666946411133
2015-11-04,175.85984802246094,44.3689079284668,28.045169830322266,88.93962860107422,82.46015167236328,12.791470527648926,105.97000122070312,51.834598541259766
2015-11-05,175.68426513671875,44.289329528808594,28.092248916625977,88.70458984375,82.40576934814453,12.690017700195312,105.63999938964844,52.0408821105957
2015-11-06,175.59225463867188,44.086761474609375,27.69989776611328,87.40453338623047,81.84652709960938,12.613929748535156,104.0999984741211,50.42287063598633
2015-11-09,173.9537811279297,43.63099670410156,27.00936508178711,86.91243743896484,81.70672607421875,12.504021644592285,104.4000015258789,49.559051513671875
2015-11-10,174.35501098632812,43.6020622253418,26.89165496826172,87.16954040527344,81.8620376586914,12.478659629821777,104.18000030517578,50.1263427734375
2015-11-11,173.66944885253906,43.82632827758789,26.946590423583984,86.98591613769531,81.82318878173828,12.35184383392334,103.83000183105469,50.184326171875
2015-11-12,171.24508666992188,43.25480651855469,26.687633514404297,87.40453338623047,81.86978912353516,12.174301147460938,103.8499984741211,49.842689514160156
2015-11-13,169.3223419189453,42.89308166503906,26.318830490112305,87.90400695800781,82.18050384521484,12.08130168914795,103.55999755859375,49.275421142578125
2015-11-16,171.89715576171875,43.4356689453125,26.828880310058594,87.8232421875,82.28924560546875,12.140483856201172,103.70999908447266,49.842689514160156
2015-11-17,171.7718048095703,43.55141067504883,26.750417709350586,87.9701156616211,82.26596069335938,11.954486846923828,102.33999633789062,49.842689514160156
2015-11-18,174.4970703125,43.949310302734375,27.040748596191406,88.15373992919922,82.2270736694336,12.005213737487793,102.43000030517578,50.28103256225586
2015-11-19,174.34664916992188,44.17357635498047,27.284008026123047,88.74131774902344,82.40576934814453,12.005213737487793,103.55999755859375,50.435760498046875
2015-11-20,174.9819793701172,44.07229232788086,27.558650970458984,88.46959686279297,82.29700469970703,11.988306045532227,103.08999633789062,51.0674934387207
2015-11-23,174.78138732910156,43.79738998413086,27.299699783325195,88.74131774902344,82.40576934814453,12.08130168914795,102.26000213623047,51.17707061767578
2015-11-24,175.0154266357422,43.80461883544922,27.440950393676758,88.73400115966797,82.4834213256836,12.275754928588867,102.94000244140625,50.90633010864258
2015-11-25,174.9904022216797,43.90590286254883,27.229082107543945,88.93962860107422,82.53005981445312,12.258845329284668,102.45999908447266,51.11262893676758
2015-11-27,175.19097900390625,43.91313934326172,26.632701873779297,88.85151672363281,82.61547088623047,12.072848320007324,101.25,51.55740737915039
2015-11-30,174.4636993408203,43.87696075439453,26.67194366455078,89.20405578613281,82.64652252197266,11.996759414672852,101.91999816894531,51.17707061767578
2015-12-01,176.12738037109375,44.33997344970703,26.875961303710938,90.40896606445312,83.08609008789062,12.13202953338623,102.27999877929688,51.88616180419922
2015-12-02,174.32992553710938,43.8697395324707,26.55423355102539,90.43840026855469,82.8526840209961,11.878399848937988,100.69000244140625,50.828975677490234
2015-12-03,171.88880920410156,43.65992736816406,26.40514373779297,87.98001098632812,81.98140716552734,12.013668060302734,101.76000213623047,50.02962112426758
2015-12-04,175.24114990234375,44.01441955566406,26.585628509521484,88.75284576416016,82.28477478027344,11.996759414672852,104.0199966430664,50.98368835449219
2015-12-07,174.17945861816406,43.73228073120117,26.146194458007812,89.6140365600586,82.54933166503906,11.650130271911621,102.66999816894531,50.84187698364258
2015-12-08,173.0090789794922,43.088409423828125,25.855857849121094,89.658203125,82.59598541259766,11.590949058532715,102.83999633789062,50.79676818847656
2015-12-09,171.66310119628906,42.89308166503906,25.64398956298828,89.56251525878906,82.72050476074219,11.599403381347656,102.63999938964844,50.51311492919922
2015-12-10,172.10617065429688,42.90031433105469,25.471351623535156,89.68030548095703,82.54156494140625,11.55713176727295,102.55000305175781,50.15211486816406
2015-12-11,168.7705535888672,42.08282470703125,24.75727653503418,91.093505859375,83.20278930664062,11.438770294189453,103.11000061035156,50.061866760253906
2015-12-14,169.623291015625,42.14793014526367,25.157472610473633,89.91582489013672,82.58821105957031,11.362680435180664,101.79000091552734,50.293914794921875
2015-12-15,171.40396118164062,42.35773468017578,25.541967391967773,89.38587951660156,82.37815856933594,11.33731746673584,101.5199966430664,50.84187698364258
2015-12-16,173.91189575195312,43.211395263671875,26.0441837310791,89.19450378417969,82.16033172607422,11.286592483520508,102.75,51.834598541259766
2015-12-17,171.2618408203125,42.66157531738281,25.706762313842773,90.202880859375,82.50260925292969,11.168231010437012,100.5,51.57673263549805
2015-12-18,168.21080017089844,42.21303939819336,25.620450973510742,90.70341491699219,82.79825592041016,11.218957901000977,102.04000091552734,50.97724533081055
2015-12-21,169.59835815429688,42.40863037109375,25.820472717285156,90.68128967285156,82.83715057373047,11.168231010437012,103.1500015258789,51.17707061767578
2015-12-22,171.1373748779297,42.7297477722168,26.02767562866211,90.0262451171875,82.60375213623047,11.117505073547363,102.61000061035156,51.383338928222656
2015-12-23,173.2566375732422,43.44493865966797,26.394264221191406,89.34904479980469,82.41708374023438,11.320408821105957,102.30999755859375,51.91146469116211
2015-12-24,172.9706573486328,43.37196731567383,26.298629760742188,89.86092376708984,82.5682144165039,11.320408821105957,103.05000305175781,51.91146469116211
2015-12-28,172.57540893554688,43.2697868347168,26.115337371826172,90.12648010253906,82.5837631225586,11.159775733947754,102.2699966430664,52.19907760620117
2015-12-29,174.4171905517578,43.700374603271484,26.139245986938477,88.62920379638672,82.1474838256836,11.345772743225098,102.19999694824219,52.75466537475586
2015-12-30,173.18092346191406,43.43764877319336,25.732812881469727,88.5406494140625,82.17867279052734,11.235865592956543,101.41999816894531,52.5716667175293
2015-12-31,171.44851684570312,42.85380172729492,25.65311622619629,88.93894958496094,82.2721176147461,11.295045852661133,101.45999908447266,52.11414337158203
2016-01-04,169.05174255371094,42.19697570800781,24.95182228088379,89.58062744140625,82.62274932861328,11.210502624511719,102.88999938964844,51.48661804199219
2016-01-05,169.33767700195312,42.13130187988281,25.00760841369629,89.21924591064453,82.599365234375,11.100595474243164,103.18000030517578,52.48014831542969
2016-01-06,167.20164489746094,41.437984466552734,24.529449462890625,90.42153930664062,83.09806823730469,10.923053741455078,104.66999816894531,52.33634567260742
2016-01-07,163.19021606445312,40.57683563232422,23.772371292114258,90.58377838134766,83.27728271484375,10.872326850891113,106.1500015258789,51.316688537597656
2016-01-08,161.39892578125,40.08787155151367,23.517351150512695,90.98950958251953,83.48762512207031,10.821601867675781,105.68000030517578,50.63037109375
2016-01-11,161.55874633789062,40.255714416503906,23.509382247924805,89.99369812011719,83.22272491455078,10.525696754455566,104.73999786376953,50.91798400878906
2016-01-12,162.8622283935547,40.44546890258789,23.55719566345215,91.2918930053711,83.59675598144531,10.458062171936035,104.20999908447266,50.57807540893555
2016-01-13,158.8003387451172,39.817848205566406,23.310150146484375,92.19178009033203,83.92396545410156,10.398881912231445,104.72000122070312,49.852535247802734
2016-01-14,161.40733337402344,40.328697204589844,23.612979888916016,91.32876586914062,83.75257110595703,10.424245834350586,103.0199966430664,49.73490524291992
2016-01-15,157.94253540039062,38.86909866333008,22.680574417114258,92.75230407714844,84.14215087890625,10.204432487487793,104.08000183105469,49.395015716552734
2016-01-19,158.1527862548828,39.22670364379883,23.015283584594727,92.46466827392578,84.03302764892578,10.119888305664062,103.9800033569336,49.65644836425781
2016-01-20,156.12600708007812,38.33634567260742,22.51321792602539,93.4382553100586,84.44600677490234,10.043798446655273,105.37000274658203,48.32304763793945
2016-01-21,157.0006561279297,38.6209716796875,22.60088348388672,92.80396270751953,84.2356185913086,10.179068565368652,105.48999786376953,48.59103775024414
2016-01-22,160.2215576171875,39.75946044921875,23.373899459838867,92.44989013671875,84.04861450195312,10.48342514038086,105.0,49.94404983520508
2016-01-25,157.7996063232422,39.22670364379883,22.975440979003906,92.95145416259766,84.32916259765625,10.255158424377441,106.08000183105469,49.63030242919922
2016-01-26,159.9524688720703,39.927310943603516,23.310150146484375,92.99574279785156,84.39141845703125,10.458062171936035,107.29000091552734,50.66957473754883
2016-01-27,158.21168518066406,39.671878814697266,23.230453491210938,92.97364044189453,84.45378112792969,10.584877967834473,107.69000244140625,49.689144134521484
2016-01-28,159.03579711914062,39.78865051269531,23.597043991088867,93.10633087158203,84.56285095214844,10.703239440917969,106.54000091552734,49.31003189086914
2016-01-29,162.91262817382812,40.4892578125,24.36209487915039,93.89561462402344,85.0147933959961,10.804692268371582,106.94999694824219,50.323150634765625
2016-02-01,162.85379028320312,40.44546890258789,24.130985260009766,93.60807800292969,84.81898498535156,10.601787567138672,108.05000305175781,50.40814208984375
2016-02-02,159.9188232421875,39.5040283203125,23.34999656677246,95.34475708007812,85.41979217529297,10.415790557861328,108.08999633789062,49.95058059692383
2016-02-03,160.87754821777344,39.83243942260742,24.011445999145508,94.5540542602539,85.32616424560547,10.677877426147461,109.25,50.28394317626953
2016-02-04,161.12979125976562,39.883522033691406,24.194738388061523,95.01219940185547,85.52899169921875,10.660967826843262,110.56999969482422,50.310089111328125
2016-02-05,158.0602569580078,39.27049255371094,23.915813446044922,95.1230239868164,85.63824462890625,10.593332290649414,112.31999969482422,49.35578155517578
2016-02-08,155.93258666992188,38.54069900512695,23.58907699584961,97.1700668334961,86.27808380126953,10.542607307434082,113.83000183105469,47.943939208984375
2016-02-09,155.94102478027344,38.09552001953125,23.262332916259766,97.27349853515625,86.29371643066406,10.272067070007324,113.58000183105469,47.061546325683594
2016-02-10,155.80645751953125,38.05173110961914,23.35796546936035,98.13072967529297,86.55123138427734,10.288976669311523,114.45999908447266,47.38835906982422
2016-02-11,153.77975463867188,37.4970817565918,22.96746826171875,98.81800842285156,86.94915008544922,10.415790557861328,119.05999755859375,46.715118408203125
2016-02-12,156.95022583007812,38.15389633178711,23.36593246459961,97.17745971679688,86.28591918945312,10.56796932220459,118.36000061035156,47.25109100341797
2016-02-16,159.59922790527344,38.927486419677734,23.883935928344727,96.1502456665039,86.02839660644531,10.449607849121094,114.7699966430664,48.120426177978516
2016-02-17,162.20626831054688,39.59889602661133,24.3541259765625,95.55905151367188,85.81768798828125,10.66942310333252,115.4800033569336,48.53221130371094
2016-02-18,161.54193115234375,39.39456558227539,24.210678100585938,96.73401641845703,86.21565246582031,10.610240936279297,118.29000091552734,49.022438049316406
2016-02-19,161.4661865234375,39.35076904296875,24.099109649658203,96.81529998779297,86.21565246582031,10.517243385314941,117.58000183105469,49.30349349975586
2016-02-22,163.80404663085938,39.79594421386719,24.696802139282227,96.76360321044922,86.12987518310547,10.677877426147461,115.48999786376953,49.77410125732422
2016-02-23,161.7353057861328,39.14642333984375,24.17083168029785,97.1552505493164,86.30152893066406,10.534152030944824,117.22000122070312,49.64337158203125
2016-02-24,162.47537231445312,39.00776672363281,24.115049362182617,96.9631576538086,86.30152893066406,10.66942310333252,117.61000061035156,49.584556579589844
2016-02-25,164.44326782226562,39.474830627441406,24.194738388061523,97.31048583984375,86.55902862548828,10.660967826843262,117.91999816894531,50.59768295288086
2016-02-26,164.06484985351562,39.37266540527344,23.955663681030273,96.3719253540039,86.13761901855469,10.644060134887695,117.11000061035156,50.33623123168945
2016-02-29,162.7781219482422,39.139129638671875,24.16286849975586,96.79320526123047,86.27808380126953,10.779330253601074,118.63999938964844,50.14015579223633
2016-03-01,166.60458374023438,40.16084289550781,25.023544311523438,95.08878326416016,85.60372924804688,10.7877836227417,117.7699966430664,51.551998138427734
2016-03-02,167.35301208496094,40.43815994262695,25.358257293701172,95.48119354248047,85.45530700683594,10.846964836120605,118.68000030517578,51.924564361572266
2016-03-03,168.0089569091797,40.8322639465332,25.645156860351562,95.82919311523438,85.55687713623047,10.906146049499512,120.7300033569336,52.19907760620117
2016-03-04,168.55560302734375,41.13147735595703,26.15518569946289,95.21464538574219,85.26773834228516,11.117505073547363,120.54000091552734,52.205623626708984
2016-03-07,168.69017028808594,41.08039093017578,26.115337371826172,95.18504333496094,85.0958023071289,11.320408821105957,121.13999938964844,52.34288787841797
2016-03-08,166.84835815429688,40.679012298583984,25.669055938720703,96.23639678955078,85.588134765625,11.168231010437012,120.58000183105469,51.806907653808594
2016-03-09,167.6725616455078,40.8322639465332,25.828439712524414,95.65147399902344,85.25211334228516,11.33731746673584,119.58000183105469,52.09450912475586
2016-03-10,167.80715942382812,40.76658248901367,25.868289947509766,95.25906372070312,84.9473648071289,11.320408821105957,121.5,51.904972076416016
2016-03-11,170.51502990722656,41.83209228515625,26.410202026367188,94.29657745361328,84.70510864257812,11.362680435180664,119.41000366210938,53.06842041015625
2016-03-14,170.29637145996094,41.7445068359375,26.250810623168945,94.59271240234375,84.76764678955078,11.261228561401367,117.87000274658203,53.07494354248047
2016-03-15,170.01885986328125,41.35041809082031,25.876256942749023,94.68156433105469,84.75201416015625,11.168231010437012,117.95999908447266,53.101104736328125
2016-03-16,171.0028076171875,41.7153205871582,26.394264221191406,94.96292114257812,85.19745635986328,11.362680435180664,120.58999633789062,53.74167251586914
2016-03-17,172.08770751953125,42.03642654418945,26.97602081298828,95.35533905029297,85.29118347167969,11.489496231079102,120.12999725341797,54.499881744384766
2016-03-18,172.76394653320312,41.96345138549805,27.11946678161621,95.55525970458984,85.43965911865234,11.481043815612793,119.80000305175781,54.26456069946289
2016-03-21,173.0090789794922,41.89775848388672,27.175251007080078,94.82221221923828,85.19745635986328,11.514860153198242,118.95999908447266,53.774810791015625
2016-03-22,172.91604614257812,41.824790954589844,27.111499786376953,94.80004119873047,85.01770782470703,11.599403381347656,119.30999755859375,53.774810791015625
2016-03-23,171.77488708496094,41.40150451660156,26.649276733398438,95.87359619140625,85.40838623046875,11.354226112365723,116.61000061035156,53.48397445678711
2016-03-24,171.69876098632812,41.124176025390625,26.585525512695312,95.91061401367188,85.32244110107422,11.286592483520508,116.33000183105469,53.50381851196289
2016-03-28,171.80026245117188,41.372310638427734,26.673187255859375,96.0364990234375,85.44744873046875,11.320408821105957,116.5999984741211,53.98631286621094
2016-03-29,173.3894500732422,41.8174934387207,27.03976821899414,97.04344940185547,86.02568817138672,11.295045852661133,118.76000213623047,55.15616989135742
2016-03-30,174.15025329589844,42.13130187988281,27.318696975708008,96.02167510986328,85.90848541259766,11.252774238586426,117.0999984741211,55.05044174194336
2016-03-31,173.7276153564453,41.7153205871582,27.294784545898438,96.70284271240234,86.22105407714844,11.235865592956543,117.63999938964844,55.387508392333984
2016-04-01,174.91098022460938,41.270137786865234,27.21510124206543,96.95511627197266,86.1960220336914,11.04141616821289,116.93000030517578,55.31481170654297
2016-04-04,174.34458923339844,41.18257141113281,26.88835906982422,97.01445007324219,86.2977523803711,10.889236450195312,116.1500015258789,55.235496520996094
2016-04-05,172.60330200195312,40.37248611450195,26.362382888793945,98.07540130615234,86.6421127319336,10.863874435424805,117.66000366210938,54.871971130371094
2016-04-06,174.48834228515625,41.02930450439453,26.681161880493164,97.36311340332031,86.45430755615234,10.982234001159668,116.94000244140625,55.004154205322266
2016-04-07,172.4003448486328,40.430870056152344,26.147216796875,98.5650863647461,86.90033721923828,10.948416709899902,118.61000061035156,54.66046905517578
2016-04-08,172.8653564453125,41.20446014404297,26.601463317871094,97.94185638427734,86.76729583740234,11.210502624511719,118.43000030517578,54.96451187133789
2016-04-11,172.45962524414062,41.22635269165039,26.94414710998535,97.8157730102539,86.75167846679688,11.295045852661133,120.02999877929688,54.85215377807617
2016-04-12,174.06565856933594,41.83938217163086,27.358552932739258,97.14057159423828,86.4073257446289,11.54022216796875,120.05000305175781,55.248714447021484
2016-04-13,175.82391357421875,42.50350570678711,27.84467124938965,97.48182678222656,86.46986389160156,11.599403381347656,118.7699966430664,55.004154205322266
2016-04-14,175.83238220214844,42.64215850830078,27.709196090698242,97.01445007324219,86.2664566040039,11.506406784057617,117.11000061035156,54.70012664794922
2016-04-15,175.637939453125,42.547298431396484,27.549806594848633,97.84542083740234,86.52470397949219,11.464133262634277,117.91999816894531,55.109920501708984
2016-04-18,176.8721466064453,42.912193298339844,27.677316665649414,97.42254638671875,86.43864440917969,11.514860153198242,117.73999786376953,55.37429428100586
2016-04-19,177.43003845214844,43.65658187866211,28.099685668945312,97.11827087402344,86.2977523803711,11.760037422180176,119.58000183105469,55.400726318359375
2016-04-20,177.59909057617188,43.693077087402344,27.972179412841797,96.04991912841797,85.8594970703125,11.988306045532227,118.97000122070312,54.462188720703125
2016-04-21,176.64382934570312,43.43035125732422,27.69325828552246,95.4786605834961,85.7186508178711,11.937578201293945,119.41999816894531,53.49059295654297
2016-04-22,176.64382934570312,43.452232360839844,27.525901794433594,95.23382568359375,85.6247329711914,11.886853218078613,117.88999938964844,54.072227478027344
2016-04-25,176.33953857421875,43.23330307006836,27.350570678710938,94.84062957763672,85.53080749511719,11.878399848937988,118.2300033569336,54.52166748046875
2016-04-26,176.6016082763672,43.38655471801758,27.645435333251953,94.41026306152344,85.3508071899414,12.0305757522583,118.69999694824219,54.73317337036133
2016-04-27,176.96510314941406,43.41575622558594,27.812793731689453,95.35253143310547,85.82036590576172,12.140483856201172,119.04000091552734,54.70012664794922
2016-04-28,175.35899353027344,42.824615478515625,27.525901794433594,95.74578094482422,86.11775970458984,12.208118438720703,121.29000091552734,54.587764739990234
2016-04-29,174.4122772216797,42.64215850830078,27.406356811523438,95.9905776977539,86.08642578125,12.326478958129883,123.6500015258789,54.08545684814453
2016-05-02,175.7985382080078,43.04355239868164,27.334636688232422,95.02410888671875,85.83643341064453,12.157392501831055,123.23999786376953,54.924861907958984
2016-05-03,174.2685546875,42.33564376831055,26.561614990234375,96.22103881835938,86.3458480834961,11.971395492553711,122.95999908447266,55.010772705078125
2016-05-04,173.29641723632812,41.846683502197266,26.13127326965332,96.7488784790039,86.50261688232422,11.979849815368652,122.20999908447266,55.79730224609375
2016-05-05,173.26260375976562,41.759098052978516,26.123306274414062,97.39563751220703,86.73773956298828,11.861490249633789,122.06999969482422,55.955936431884766
2016-05-06,173.8966522216797,41.875877380371094,26.16315269470215,96.9793472290039,86.53397369384766,11.937578201293945,123.18000030517578,56.57060623168945
2016-05-09,174.0403289794922,41.788299560546875,25.828439712524414,97.28417205810547,86.69855499267578,11.675493240356445,120.6500015258789,57.1919059753418
2016-05-10,176.2042999267578,42.38673782348633,26.322540283203125,97.2915267944336,86.68289184570312,11.96294116973877,120.9800033569336,57.185302734375
2016-05-11,174.55596923828125,42.02183151245117,26.258787155151367,97.84172058105469,86.81610870361328,12.241935729980469,122.12000274658203,55.962554931640625
2016-05-12,174.60667419433594,42.00724411010742,26.18706512451172,97.39563751220703,86.58106231689453,12.258845329284668,121.16000366210938,56.286407470703125
2016-05-13,173.08511352539062,41.576656341552734,25.71687126159668,98.3398208618164,86.91016387939453,12.241935729980469,121.70999908447266,55.78409194946289
2016-05-16,174.79263305664062,42.07292175292969,26.02767562866211,97.4922866821289,86.59661102294922,12.377206802368164,121.80000305175781,56.312835693359375
2016-05-17,173.16122436523438,41.76640701293945,25.90813636779785,97.65585327148438,86.4791259765625,12.47020435333252,122.22000122070312,55.2685661315918
2016-05-18,173.21194458007812,41.7809944152832,25.65311622619629,96.26569366455078,85.78158569335938,12.377206802368164,120.0999984741211,54.402713775634766
2016-05-19,172.61172485351562,41.481781005859375,25.41404151916504,96.68199920654297,85.86781311035156,12.343388557434082,119.87000274658203,53.79462814331055
2016-05-20,173.7021942138672,41.824790954589844,25.669055938720703,96.75631713867188,85.92262268066406,12.39411449432373,119.70999908447266,54.224246978759766
2016-05-23,173.4654998779297,41.68612289428711,25.62124252319336,96.97190856933594,85.97750091552734,12.326478958129883,119.37000274658203,54.2308349609375
2016-05-24,175.7139892578125,42.2918586730957,25.88422966003418,96.5406723022461,85.83643341064453,12.326478958129883,117.30000305175781,54.905033111572266
2016-05-25,176.90589904785156,42.7370491027832,26.19503402709961,96.17646026611328,85.7972412109375,12.47020435333252,116.9800033569336,54.905033111572266
2016-05-26,176.95660400390625,42.85380172729492,26.37035369873047,96.67454528808594,86.06372833251953,12.461750030517578,116.58000183105469,55.010772705078125
2016-05-27,177.7174072265625,42.81001281738281,26.362382888793945,96.53331756591797,85.89913177490234,12.512476921081543,115.62000274658203,55.30818557739258
2016-05-31,177.3793182373047,42.60567855834961,26.394264221191406,96.76373291015625,86.00102996826172,12.436387062072754,116.05999755859375,55.301605224609375
2016-06-01,177.74270629882812,42.569183349609375,26.37831687927246,97.15634155273438,85.97201538085938,12.563202857971191,115.94000244140625,55.347862243652344
2016-06-02,178.28375244140625,42.569183349609375,26.59349822998047,97.85657501220703,86.23883056640625,12.588566780090332,115.66999816894531,55.6320915222168
2016-06-03,177.75120544433594,42.84650421142578,26.999929428100586,99.24964904785156,87.03947448730469,12.673110008239746,118.87999725341797,55.85677719116211
2016-06-06,178.6556854248047,43.08734130859375,27.286823272705078,98.51214599609375,86.81184387207031,12.825288772583008,118.91999816894531,55.427181243896484
2016-06-07,178.93463134765625,43.40115737915039,27.53386688232422,98.75048828125,86.9374771118164,12.952103614807129,118.81999969482422,55.764225006103516
2016-06-08,179.51791381835938,43.488731384277344,27.73309898376465,99.2794189453125,87.03947448730469,13.171916961669922,120.58000183105469,56.12116622924805
2016-06-09,179.27276611328125,42.955970764160156,27.414325714111328,99.92008209228516,87.17290496826172,13.146554946899414,121.25,56.24674987792969
2016-06-10,177.57366943359375,41.70802307128906,26.72100257873535,100.40432739257812,87.47900390625,12.985921859741211,121.73999786376953,55.98237609863281
2016-06-13,176.2042999267578,41.1022834777832,26.346446990966797,100.85123443603516,87.65170288085938,12.985921859741211,122.63999938964844,55.99557876586914
2016-06-14,175.8577117919922,40.44546890258789,26.258787155151367,100.7767562866211,87.62818145751953,12.90137767791748,122.7699966430664,55.85017395019531
2016-06-15,175.61257934570312,40.71548843383789,26.537704467773438,101.1641616821289,87.89502716064453,12.833742141723633,123.68000030517578,56.378944396972656
2016-06-16,176.13668823242188,40.803062438964844,26.442081451416016,101.65584564208984,87.98922729492188,12.613929748535156,122.37999725341797,56.696189880371094
2016-06-17,175.4806671142578,41.20446014404297,26.5137996673584,101.02261352539062,87.69097137451172,12.909832954406738,123.94999694824219,56.60365295410156
2016-06-20,176.61082458496094,42.22618103027344,26.983989715576172,99.94246673583984,87.31416320800781,13.028193473815918,123.20999908447266,56.6829719543457
2016-06-21,177.11216735839844,42.569183349609375,27.191190719604492,99.48053741455078,87.11795043945312,12.926740646362305,120.83999633789062,56.8990592956543
2016-06-22,176.8232879638672,42.54311752319336,27.260265350341797,99.64444732666016,87.29063415527344,12.850651741027832,120.9000015258789,56.81235122680664
2016-06-23,179.1259307861328,43.71989822387695,27.91887855529785,98.50469207763672,86.87464904785156,12.952103614807129,120.11000061035156,57.099124908447266
2016-06-24,172.6937255859375,39.966087341308594,26.224151611328125,101.14926147460938,88.07554626464844,12.690017700195312,126.0,56.59225845336914
2016-06-27,169.60081481933594,39.198951721191406,25.886812210083008,103.67466735839844,88.83694458007812,12.664655685424805,126.68000030517578,56.63228988647461
2016-06-28,172.65972900390625,40.226776123046875,26.64984130859375,103.89067077636719,88.82122802734375,12.867560386657715,125.31999969482422,57.82601547241211
2016-06-29,175.59967041015625,40.964134216308594,27.32451820373535,103.09359741210938,88.46017456054688,13.053555488586426,125.83999633789062,58.52626419067383
2016-06-30,177.99586486816406,41.57487487792969,27.59760856628418,103.4735107421875,88.6563949584961,12.977468490600586,126.47000122070312,59.13312911987305
2016-07-01,178.36964416503906,41.57487487792969,27.862651824951172,104.91014862060547,88.89064025878906,13.138100624084473,128.41000366210938,59.15313720703125
2016-07-05,177.08663940429688,40.77048873901367,27.268293380737305,106.2236557006836,89.37798309326172,12.766107559204102,129.47000122070312,59.80668640136719
2016-07-06,178.14881896972656,40.69599914550781,27.19601058959961,106.3953628540039,89.39369201660156,12.816832542419434,130.22999572753906,59.54660415649414
2016-07-07,178.0382843017578,40.53214645385742,27.123722076416016,106.38788604736328,89.2757797241211,12.45329475402832,129.74000549316406,58.93306350708008
2016-07-08,180.6894073486328,41.15032958984375,27.710054397583008,107.1715316772461,89.44869995117188,12.580111503601074,130.52000427246094,59.8867073059082
2016-07-11,181.32667541503906,41.753631591796875,27.975109100341797,106.23118591308594,88.97708892822266,12.529385566711426,129.2899932861328,60.28684997558594
2016-07-12,182.6437225341797,42.31967544555664,28.36867332458496,104.48477935791016,88.4504623413086,12.766107559204102,127.1500015258789,60.280174255371094
2016-07-13,182.6182098388672,42.27499008178711,28.32047462463379,105.71621704101562,88.67842864990234,12.605475425720215,128.32000732421875,60.6136360168457
2016-07-14,183.63784790039062,42.63993835449219,28.730104446411133,104.17876434326172,88.30896759033203,12.656201362609863,127.33000183105469,60.07345962524414
2016-07-15,183.39144897460938,42.4239387512207,28.665843963623047,103.28318786621094,87.97096252441406,12.622385025024414,126.83999633789062,60.09346008300781
2016-07-18,183.88426208496094,42.52821731567383,28.92285919189453,103.1861572265625,87.94740295410156,12.563202857971191,127.04000091552734,60.253501892089844
2016-07-19,183.6973114013672,42.193058013916016,28.625686645507812,103.76830291748047,88.18321228027344,12.487114906311035,127.20999908447266,60.54692459106445
2016-07-20,184.46205139160156,42.572906494140625,28.770265579223633,103.20112609863281,88.00245666503906,12.402569770812988,125.38999938964844,60.55360794067383
2016-07-21,183.76531982421875,42.40160369873047,28.68191146850586,103.41004180908203,88.19892120361328,12.33493423461914,127.30000305175781,60.67365264892578
2016-07-22,184.58953857421875,42.48352813720703,28.890735626220703,103.58920288085938,88.12818908691406,12.309572219848633,126.3499984741211,61.2071418762207
2016-07-25,184.0882110595703,42.431392669677734,28.601593017578125,103.51457977294922,88.0574722290039,12.174301147460938,125.47000122070312,61.09380340576172
2016-07-26,184.17318725585938,42.61014175415039,28.826478958129883,103.67870330810547,88.11248779296875,12.123575210571289,126.0,60.793704986572266
2016-07-27,183.97775268554688,42.76655197143555,28.92285919189453,104.96985626220703,88.48979187011719,12.005213737487793,128.02999877929688,60.320186614990234
2016-07-28,184.19017028808594,42.721866607666016,28.93090057373047,104.77587890625,88.53692626953125,11.971395492553711,127.66000366210938,60.88039016723633
2016-07-29,184.48756408691406,43.228336334228516,29.083507537841797,105.64904022216797,88.8748550415039,12.072848320007324,128.97999572753906,61.65397262573242
2016-08-01,184.33460998535156,42.94530487060547,29.027284622192383,104.50358581542969,88.56635284423828,11.861490249633789,129.22000122070312,61.787357330322266
2016-08-02,183.15353393554688,42.729312896728516,28.818452835083008,103.4269027709961,88.35386657714844,11.84458065032959,130.27000427246094,60.80034255981445
2016-08-03,183.68882751464844,42.58035659790039,28.914836883544922,103.4867172241211,88.40103912353516,12.039030075073242,129.64999389648438,60.44690704345703
2016-08-04,183.88426208496094,42.82613754272461,29.075469970703125,104.26433563232422,88.61360168457031,12.089756965637207,129.8699951171875,60.20016098022461
2016-08-05,185.3882598876953,43.01978302001953,29.412811279296875,103.18020629882812,88.06261444091797,12.140483856201172,127.55000305175781,60.24014663696289
2016-08-08,185.27781677246094,43.10916519165039,29.62164878845215,103.37455749511719,88.015380859375,12.208118438720703,127.44000244140625,60.34687042236328
2016-08-09,185.3882598876953,43.4517707824707,29.82243537902832,104.39143371582031,88.3302230834961,12.174301147460938,127.95999908447266,60.67365264892578
2016-08-10,184.92938232421875,43.60073471069336,29.83047103881836,104.79519653320312,88.56635284423828,12.0305757522583,128.55999755859375,60.60694885253906
2016-08-11,185.78762817382812,43.91354751586914,30.215999603271484,103.86055755615234,88.14134979248047,12.216571807861328,127.66999816894531,59.9200439453125
2016-08-12,185.62615966796875,43.80183792114258,30.10355567932129,104.73539733886719,88.45618438720703,12.309572219848633,127.4000015258789,60.1734733581543
2016-08-15,186.16151428222656,43.9731330871582,30.41680145263672,103.74838256835938,88.19635772705078,12.512476921081543,127.83999633789062,60.11344909667969
2016-08-16,185.2013397216797,43.90610122680664,30.280269622802734,103.4718017578125,88.04685974121094,12.613929748535156,128.47000122070312,59.39322280883789
2016-08-17,185.5496826171875,43.891204833984375,30.087495803833008,104.09243774414062,88.1885757446289,12.664655685424805,128.5,59.633277893066406
2016-08-18,185.966064453125,44.11465072631836,30.368606567382812,104.2568359375,88.34595489501953,12.825288772583008,129.11000061035156,59.41322326660156
2016-08-19,185.69412231445312,43.786930084228516,30.199935913085938,103.71104431152344,88.04685974121094,12.783015251159668,127.97000122070312,59.033103942871094
2016-08-22,185.68563842773438,43.831626892089844,29.79833984375,104.58578491210938,88.2436294555664,12.664655685424805,127.77999877929688,59.35321044921875
2016-08-23,186.05958557128906,44.017822265625,29.6778621673584,104.69800567626953,88.23574829101562,12.715381622314453,127.76000213623047,59.38654327392578
2016-08-24,185.1078338623047,43.91354751586914,29.758182525634766,104.45124053955078,88.20428466796875,12.563202857971191,126.33999633789062,59.126461029052734
2016-08-25,184.98043823242188,43.734798431396484,29.782278060913086,104.05500030517578,88.06261444091797,12.613929748535156,126.2300033569336,59.39322280883789
2016-08-26,184.6320343017578,43.4741096496582,29.525253295898438,103.4493637084961,87.72415161132812,12.571657180786133,126.05000305175781,58.80634307861328
2016-08-29,185.54119873046875,43.60818862915039,29.750160217285156,104.83258819580078,88.08619689941406,12.520931243896484,126.30000305175781,59.38654327392578
2016-08-30,185.23529052734375,43.5485954284668,29.669832229614258,104.42881774902344,88.07832336425781,12.402569770812988,125.02999877929688,59.2731819152832
2016-08-31,184.70851135253906,43.4592170715332,29.340524673461914,104.57835388183594,87.97604370117188,12.165847778320312,124.77999877929688,59.33320236206055
2016-09-01,184.71701049804688,43.75714111328125,29.565418243408203,104.69369506835938,88.11392211914062,12.0305757522583,125.29000091552734,59.18647003173828
2016-09-02,185.5496826171875,44.263614654541016,30.047334671020508,103.8398208618164,87.88536834716797,12.165847778320312,126.56999969482422,59.69999313354492
2016-09-06,186.11050415039062,44.561527252197266,30.68987464904785,104.5962905883789,88.29525756835938,12.250391006469727,128.7100067138672,60.160160064697266
2016-09-07,186.093505859375,44.58386993408203,30.593505859375,104.52140045166016,88.3425521850586,12.360299110412598,128.27000427246094,60.52027893066406
2016-09-08,185.6686248779297,44.45725631713867,30.51318359375,103.2105941772461,87.90904998779297,12.580111503601074,127.58999633789062,59.780006408691406
2016-09-09,181.2247314453125,43.59328842163086,29.48509979248047,101.51028442382812,87.49128723144531,12.385661125183105,126.75,57.412559509277344
2016-09-12,183.82484436035156,43.9507942199707,29.6859073638916,101.56270599365234,87.5700912475586,12.385661125183105,126.58999633789062,58.09278106689453
2016-09-13,181.18222045898438,43.06447219848633,28.938934326171875,100.4091567993164,87.24691009521484,12.225028991699219,125.75,56.63429641723633
2016-09-14,181.1142578125,43.00489807128906,29.027284622192383,100.55894470214844,87.4439697265625,12.13202953338623,126.18000030517578,56.81557846069336
2016-09-15,182.92410278320312,43.37730026245117,29.525253295898438,100.12448120117188,87.4676284790039,12.19120979309082,125.37000274658203,57.03047180175781
2016-09-16,182.2169952392578,42.81869888305664,29.324462890625,100.93352508544922,87.56221771240234,12.208118438720703,125.05999755859375,57.05731964111328
2016-09-19,182.25119018554688,43.04213333129883,29.557392120361328,100.60393524169922,87.41241455078125,12.199664115905762,125.31999969482422,57.574378967285156
2016-09-20,182.2596893310547,43.30281066894531,29.57345199584961,100.95600128173828,87.54644775390625,12.241935729980469,125.44000244140625,57.487091064453125
2016-09-21,184.30931091308594,44.06250762939453,30.400733947753906,101.77244567871094,87.68831634521484,12.39411449432373,127.2699966430664,58.22573471069336
2016-09-22,185.47067260742188,44.50939178466797,30.617603302001953,102.58135223388672,87.94841003417969,12.461750030517578,127.56999969482422,59.266563415527344
2016-09-23,184.45449829101562,44.13699722290039,30.22403907775879,102.4840316772461,87.98786926269531,12.318025588989258,127.6500015258789,59.44785690307617
2016-09-26,182.9599609375,43.72734451293945,29.782278060913086,103.1356430053711,88.24010467529297,12.402569770812988,127.55000305175781,59.58888244628906
2016-09-27,184.09580993652344,43.935890197753906,30.207971572875977,103.8922348022461,88.38980865478516,12.284208297729492,126.62000274658203,58.957679748535156
2016-09-28,185.00958251953125,44.24871063232422,30.481050491333008,103.66751098632812,88.35043334960938,12.571657180786133,126.22000122070312,59.441162109375
2016-09-29,183.33572387695312,43.69755935668945,29.950952529907227,103.9296875,88.4056396484375,12.647747993469238,126.06999969482422,58.64878845214844
2016-09-30,184.71925354003906,44.040164947509766,30.0794620513916,103.00084686279297,88.18487548828125,12.690017700195312,125.63999938964844,58.24588394165039
2016-10-03,184.2751007080078,43.92099380493164,30.288293838500977,102.66089630126953,87.97968292236328,12.799925804138184,125.31999969482422,57.1580696105957
2016-10-04,183.33572387695312,43.91354751586914,29.950952529907227,101.4603271484375,87.5771713256836,12.766107559204102,120.97000122070312,56.37913131713867
2016-10-05,184.14706420898438,44.092308044433594,30.38467788696289,100.98754119873047,87.37985229492188,12.842196464538574,120.77999877929688,55.23756408691406
2016-10-06,184.2751007080078,43.853965759277344,30.408769607543945,100.42474365234375,87.1983413696289,12.867560386657715,119.66000366210938,55.257713317871094
2016-10-07,183.6431884765625,43.63052749633789,30.272228240966797,100.4923095703125,87.32461547851562,12.833742141723633,119.73999786376953,55.16370391845703
2016-10-10,184.5996551513672,43.75714111328125,30.601526260375977,99.8995361328125,87.09571075439453,12.977468490600586,120.16000366210938,55.506187438964844
2016-10-11,182.26821899414062,43.13895797729492,29.894723892211914,99.67444610595703,87.07201385498047,12.90137767791748,119.55000305175781,54.968971252441406
2016-10-12,182.50735473632812,43.04213333129883,29.838502883911133,99.77194213867188,87.07201385498047,12.808378219604492,119.73999786376953,55.60016632080078
2016-10-13,181.90957641601562,42.87827682495117,29.57345199584961,100.14707946777344,87.25354766845703,12.892923355102539,120.02999877929688,56.03662872314453
2016-10-14,182.00347900390625,42.95275115966797,29.62164878845215,98.74390411376953,86.98521423339844,12.90137767791748,119.36000061035156,55.78818893432617
2016-10-17,181.3715362548828,42.82613754272461,29.589515686035156,99.37419128417969,87.17467498779297,12.918285369873047,119.68000030517578,55.9090576171875
2016-10-18,182.50735473632812,43.25067901611328,30.111587524414062,99.69689178466797,87.3482666015625,12.943649291992188,120.41999816894531,56.264957427978516
2016-10-19,182.99412536621094,43.36984634399414,30.296323776245117,99.7794418334961,87.38772583007812,13.028193473815918,121.11000061035156,56.38583755493164
2016-10-20,182.65252685546875,43.43687438964844,30.207971572875977,99.88447570800781,87.30882263183594,12.909832954406738,120.73999786376953,56.25825500488281
2016-10-21,182.73794555664062,43.340049743652344,30.199935913085938,100.03455352783203,87.403564453125,12.96055793762207,120.83000183105469,56.05007553100586
2016-10-24,183.51504516601562,43.332603454589844,30.328445434570312,99.59931182861328,87.28510284423828,12.969013214111328,120.55999755859375,56.17766571044922
2016-10-25,182.90020751953125,43.30281066894531,30.360578536987305,99.86198425292969,87.26936340332031,12.909832954406738,121.47000122070312,56.076961517333984
2016-10-26,182.53294372558594,43.10916519165039,30.039302825927734,99.18659210205078,87.07989501953125,12.825288772583008,120.79000091552734,55.34498977661133
2016-10-27,182.04620361328125,43.05703353881836,29.782278060913086,98.10611724853516,86.78002166748047,12.90137767791748,121.01000213623047,53.89455795288086
2016-10-28,181.50816345214844,43.04213333129883,29.661802291870117,97.8884506225586,86.79581451416016,12.816832542419434,121.58000183105469,54.02214431762695
2016-10-31,181.51675415039062,43.06447219848633,29.83047103881836,98.48877716064453,86.8667984008789,12.647747993469238,121.94000244140625,54.90181350708008
2016-11-01,180.20155334472656,42.87827682495117,29.589515686035156,98.49620819091797,86.86994934082031,12.706926345825195,122.7300033569336,53.706546783447266
2016-11-02,179.11703491210938,42.587806701660156,29.236112594604492,98.92481231689453,87.13082122802734,12.55474853515625,123.63999938964844,52.9208984375
2016-11-03,178.29718017578125,42.54311752319336,29.15579605102539,98.16549682617188,87.07545471191406,12.512476921081543,124.30000305175781,52.51127243041992
2016-11-04,178.1007843017578,42.133480072021484,28.858610153198242,99.04512023925781,87.34419250488281,12.427932739257812,124.38999938964844,52.92760467529297
2016-11-07,182.0291290283203,42.714412689208984,29.902755737304688,98.20306396484375,86.98062896728516,12.478659629821777,122.1500015258789,53.854270935058594
2016-11-08,182.84898376464844,42.833587646484375,30.095521926879883,97.80458068847656,86.67242431640625,12.461750030517578,121.63999938964844,54.13631057739258
2016-11-09,184.78749084472656,42.87083053588867,29.115631103515625,93.65455627441406,85.35244750976562,12.520931243896484,121.55999755859375,53.317081451416016
2016-11-10,185.24868774414062,42.75165557861328,28.288349151611328,92.27120208740234,84.83872985839844,12.419477462768555,119.75,52.42398452758789
2016-11-11,184.82171630859375,42.49098587036133,27.750211715698242,91.75241088867188,84.66485595703125,12.182756423950195,117.0999984741211,52.739593505859375
2016-11-14,184.9668426513672,42.26009750366211,27.54941177368164,91.2035903930664,84.17485046386719,12.157392501831055,116.11000061035156,53.98857498168945
2016-11-15,186.41012573242188,42.446292877197266,28.103618621826172,91.65469360351562,84.17485046386719,12.427932739257812,117.12000274658203,53.53868103027344
2016-11-16,186.05992126464844,41.99940872192383,27.870685577392578,92.4817123413086,84.25383758544922,12.275754928588867,116.7699966430664,53.384239196777344
2016-11-17,187.01644897460938,42.31967544555664,27.910850524902344,91.12088012695312,83.88235473632812,12.301116943359375,116.16999816894531,52.840301513671875
2016-11-18,186.5979461669922,41.85789489746094,27.782339096069336,90.85775756835938,83.51089477539062,12.402569770812988,115.1500015258789,52.994754791259766
2016-11-21,188.007080078125,42.21541213989258,28.055421829223633,91.08330535888672,83.58203887939453,12.749198913574219,115.58000183105469,52.83358383178711
2016-11-22,188.37435913085938,42.31967544555664,28.481107711791992,91.05323791503906,83.66106414794922,12.732290267944336,115.54000091552734,53.76027297973633
2016-11-23,188.4767608642578,42.17071533203125,28.175901412963867,90.69989013671875,83.36074829101562,12.783015251159668,113.25,53.53196334838867
2016-11-25,189.17706298828125,42.297325134277344,28.312442779541016,90.83523559570312,83.2895736694336,12.690017700195312,112.61000061035156,53.84083938598633
2016-11-28,188.2888946533203,42.07389450073242,28.42489242553711,91.50437927246094,83.6689224243164,12.732290267944336,113.80000305175781,54.08930587768555
2016-11-29,188.65606689453125,42.34201431274414,28.465049743652344,91.88774871826172,83.75590515136719,12.478659629821777,113.2699966430664,54.60634231567383
2016-11-30,188.2034912109375,42.297325134277344,28.513235092163086,90.39913177490234,83.19471740722656,12.859105110168457,111.75,53.98184585571289
2016-12-01,187.51177978515625,42.133480072021484,28.175901412963867,89.44465637207031,82.87737274169922,13.09582805633545,111.54000091552734,53.189476013183594
2016-12-02,187.60569763183594,42.237735748291016,28.20802116394043,90.10008239746094,83.2493667602539,13.188827514648438,112.13999938964844,53.719974517822266
2016-12-05,188.73300170898438,42.65483474731445,28.44095802307129,90.00213623046875,83.21771240234375,13.256462097167969,111.54000091552734,54.11616897583008
2016-12-06,189.33074951171875,42.94530487060547,28.59356689453125,89.93431854248047,83.2493667602539,13.197280883789062,111.43000030517578,54.46533203125
2016-12-07,191.80738830566406,43.58583068847656,29.075469970703125,90.70272827148438,83.52638244628906,13.09582805633545,111.83000183105469,55.55318069458008
2016-12-08,192.27706909179688,43.5485954284668,29.2039794921875,89.63306427001953,83.20980072021484,13.121191024780273,111.56999969482422,55.935935974121094
2016-12-09,193.43844604492188,43.734798431396484,29.051376342773438,88.51806640625,82.7823715209961,13.188827514648438,110.4000015258789,55.875492095947266
2016-12-12,193.21644592285156,43.54114532470703,28.858610153198242,88.68377685546875,82.79817962646484,13.273370742797852,110.81999969482422,56.24481201171875
2016-12-13,194.5060272216797,44.010379791259766,29.17988395690918,89.00018310546875,82.84571838378906,13.307188034057617,110.44999694824219,56.21794891357422
2016-12-14,192.90049743652344,43.362396240234375,28.312442779541016,88.00577545166016,82.15705108642578,13.180371284484863,108.83000183105469,54.98910903930664
2016-12-15,193.69467163085938,43.26557159423828,28.360637664794922,88.45025634765625,81.92755889892578,13.16346263885498,107.33999633789062,54.66680145263672
2016-12-16,193.3158721923828,43.29536437988281,28.23212432861328,88.24681091308594,82.03048706054688,13.222643852233887,108.05000305175781,55.48601150512695
2016-12-19,193.73678588867188,43.228336334228516,28.03936195373535,89.19605255126953,82.41039276123047,13.146554946899414,108.58999633789062,56.083656311035156
2016-12-20,194.48414611816406,43.37730026245117,28.135738372802734,88.75157928466797,82.23622131347656,13.205735206604004,107.79000091552734,56.21125793457031
2016-12-21,193.9429931640625,43.38933563232422,28.01876449584961,89.14329528808594,82.37076568603516,13.129646301269531,107.8499984741211,55.358436584472656
2016-12-22,193.60789489746094,43.29150390625,27.685686111450195,88.98396301269531,82.33507537841797,13.112737655639648,107.58999633789062,55.2658805847168
2016-12-23,193.89141845703125,43.404388427734375,27.84815788269043,89.16525268554688,82.4144058227539,13.138100624084473,107.93000030517578,55.40987014770508
2016-12-27,194.3724822998047,43.35171127319336,27.970022201538086,88.87821197509766,82.29545593261719,13.341005325317383,108.55999755859375,55.52640914916992
2016-12-28,192.76612854003906,43.186153411865234,28.181230545043945,89.52774047851562,82.59674835205078,13.34946060180664,108.86000061035156,55.19046401977539
2016-12-29,192.72312927246094,43.29150390625,28.644283294677734,89.84504699707031,82.85038757324219,13.36637020111084,110.29000091552734,55.876060485839844
2016-12-30,192.01870727539062,43.4420051574707,28.441190719604492,89.98096466064453,83.09622955322266,13.391732215881348,109.61000061035156,56.582210540771484
2017-01-03,193.4876708984375,43.71290969848633,28.782386779785156,90.36621856689453,83.0565185546875,13.231098175048828,110.47000122070312,56.7673225402832
2017-01-04,194.63877868652344,44.20956039428711,29.001731872558594,90.7136001586914,83.15165710449219,13.332551002502441,110.86000061035156,57.59689712524414
2017-01-05,194.48414611816406,44.5858039855957,29.318559646606445,92.13363647460938,83.69078063964844,13.400186538696289,112.58000183105469,57.78201675415039
2017-01-06,195.17996215820312,44.435306549072266,29.196699142456055,91.28771209716797,83.31024169921875,13.38327693939209,111.75,57.78887939453125
2017-01-09,194.5356903076172,44.367584228515625,29.172327041625977,92.02032470703125,83.62728881835938,13.180371284484863,112.66999816894531,57.26780700683594
2017-01-10,194.5356903076172,44.37511444091797,29.342926025390625,91.95986938476562,83.5876235961914,13.121191024780273,113.1500015258789,56.781044006347656
2017-01-11,195.08547973632812,44.60838317871094,29.69224739074707,92.26957702636719,83.68281555175781,13.26491641998291,113.5,56.431396484375
2017-01-12,194.5958251953125,44.676116943359375,29.822229385375977,92.06564331054688,83.73037719726562,13.459365844726562,113.91000366210938,56.71935272216797
2017-01-13,195.0425262451172,44.841670989990234,29.797855377197266,91.62757110595703,83.54802703857422,13.434003829956055,114.20999908447266,56.6370735168457
2017-01-17,194.3553009033203,44.676116943359375,29.781612396240234,92.58685302734375,83.96820068359375,13.42555046081543,115.8499984741211,57.075870513916016
2017-01-18,194.78480529785156,44.548194885253906,29.6191349029541,91.40093994140625,83.37359619140625,13.307188034057617,114.87000274658203,57.171836853027344
2017-01-19,194.063232421875,44.435306549072266,29.529773712158203,90.7740478515625,83.0565185546875,13.26491641998291,114.7699966430664,56.58909225463867
2017-01-20,194.7761993408203,44.691158294677734,29.586641311645508,90.5927734375,83.09622955322266,13.417095184326172,115.05000305175781,57.00044250488281
2017-01-23,194.2693634033203,44.80403518676758,30.025325775146484,91.4991455078125,83.53218078613281,13.417095184326172,115.79000091552734,57.480369567871094
2017-01-24,195.51495361328125,44.91691207885742,30.212169647216797,90.87228393554688,83.21507263183594,13.450911521911621,115.2699966430664,57.49406051635742
2017-01-25,197.20724487304688,45.38346862792969,30.545238494873047,89.731689453125,82.80282592773438,13.36637020111084,114.31999969482422,57.11698913574219
2017-01-26,197.0010986328125,45.20287322998047,30.415258407592773,90.03384399414062,82.913818359375,13.42555046081543,113.26000213623047,57.007286071777344
2017-01-27,196.6918182373047,45.12761306762695,30.439634323120117,90.35859680175781,83.01687622070312,13.315642356872559,113.48999786376953,56.45194625854492
2017-01-30,195.47206115722656,44.80403518676758,30.277164459228516,90.08670043945312,82.99314880371094,13.239553451538086,113.97000122070312,56.068016052246094
2017-01-31,195.45484924316406,44.871761322021484,30.334020614624023,90.7136001586914,83.27851867675781,13.315642356872559,115.55000305175781,56.472530364990234
2017-02-01,195.53213500976562,45.052364349365234,30.35027313232422,90.15274047851562,83.11893463134766,13.459365844726562,115.19999694824219,55.79378890991211
2017-02-02,195.6610107421875,45.0749397277832,30.480257034301758,90.1148910522461,83.15067291259766,13.459365844726562,115.83999633789062,56.45880126953125
2017-02-03,197.00970458984375,45.25553894042969,30.66709327697754,90.0770263671875,83.21422576904297,13.450911521911621,116.12999725341797,56.7673225402832
2017-02-06,196.6575164794922,44.93195724487305,30.5939884185791,90.6220703125,83.61115264892578,13.36637020111084,117.69999694824219,56.67137145996094
2017-02-07,196.66610717773438,44.88681411743164,30.439634323120117,91.28819274902344,83.76200866699219,13.307188034057617,117.45999908447266,56.472530364990234
2017-02-08,196.92381286621094,44.962066650390625,30.626480102539062,92.52957153320312,84.10343170166016,13.357913970947266,118.19000244140625,56.91816329956055
2017-02-09,198.09207153320312,45.15019226074219,30.76457977294922,91.46223449707031,83.60321044921875,13.42555046081543,117.29000091552734,57.055274963378906
2017-02-10,198.87379455566406,45.25553894042969,31.048912048339844,91.40926361083984,83.54764556884766,13.5692720413208,117.5999984741211,57.45979309082031
2017-02-13,199.95620727539062,45.43613815307617,31.14639663696289,91.1216049194336,83.42062377929688,13.417095184326172,116.80000305175781,57.480369567871094
2017-02-14,200.75506591796875,45.36841583251953,31.178895950317383,90.46308898925781,83.11893463134766,13.434003829956055,116.93000030517578,57.178688049316406
2017-02-15,201.80308532714844,45.54149627685547,31.430728912353516,90.04679107666016,82.96009063720703,13.450911521911621,117.44999694824219,56.98672103881836
2017-02-16,201.63124084472656,45.646846771240234,31.316991806030273,90.53880310058594,83.2935562133789,13.36637020111084,118.08000183105469,57.32265853881836
2017-02-17,201.94911193847656,45.52644348144531,31.1870174407959,91.07624053955078,83.51586151123047,13.341005325317383,117.68000030517578,57.43235397338867
2017-02-21,203.15176391601562,45.67694091796875,31.528215408325195,90.91729736328125,83.4762191772461,13.324097633361816,117.75,58.16594696044922
2017-02-22,202.97137451171875,45.67694091796875,31.62569808959961,91.06863403320312,83.61115264892578,13.256462097167969,117.91000366210938,57.97397232055664
2017-02-23,203.10882568359375,45.77477264404297,31.633825302124023,91.34117889404297,83.8334732055664,13.29873275756836,118.94000244140625,58.275638580322266
2017-02-24,203.3665313720703,45.443660736083984,31.26012420654297,92.35543060302734,84.2225341796875,13.273370742797852,119.69999694824219,58.549888610839844
2017-02-27,203.6843719482422,45.4737663269043,31.16265106201172,91.81045532226562,83.92078399658203,13.239553451538086,119.12000274658203,58.85839080810547
2017-02-28,203.1345672607422,45.406044006347656,30.862071990966797,92.15107727050781,83.88111114501953,13.290279388427734,119.2300033569336,58.453914642333984
2017-03-01,205.97793579101562,45.880123138427734,31.341373443603516,90.6069564819336,83.29674530029297,13.34946060180664,119.05999755859375,58.275638580322266
2017-03-02,204.68080139160156,45.57911682128906,30.788949966430664,90.28083801269531,83.05823516845703,13.138100624084473,117.58000183105469,57.96025085449219
2017-03-03,204.8096923828125,45.850013732910156,31.02454376220703,90.5159683227539,83.13775634765625,13.205735206604004,117.51000213623047,57.734031677246094
2017-03-06,204.19979858398438,45.70703887939453,31.040786743164062,90.08363342285156,83.12181091308594,13.188827514648438,116.72000122070312,57.47348403930664
2017-03-07,203.58984375,45.54901885986328,31.07328987121582,89.81063079833984,83.00257873535156,13.129646301269531,115.77999877929688,57.19926071166992
2017-03-08,203.2118377685547,45.38346862792969,30.780824661254883,89.32528686523438,82.72430419921875,12.833742141723633,115.05999755859375,56.143436431884766
2017-03-09,203.4696044921875,45.55655288696289,30.53712272644043,88.61233520507812,82.49378204345703,12.723835945129395,114.47000122070312,55.300140380859375
2017-03-10,204.1825408935547,45.94032669067383,30.87831687927246,88.92330932617188,82.668701171875,12.605475425720215,114.72000122070312,55.12876510620117
2017-03-13,204.28570556640625,46.181121826171875,31.30887794494629,88.36207580566406,82.46194458007812,12.588566780090332,114.73999786376953,55.2658805847168
2017-03-14,203.50396728515625,45.827449798583984,31.130144119262695,88.78678131103516,82.54940795898438,12.537840843200684,114.12000274658203,55.252174377441406
2017-03-15,205.26495361328125,46.482120513916016,31.94251823425293,89.8713150024414,83.27289581298828,12.647747993469238,116.25,56.369693756103516
2017-03-16,204.8612060546875,46.70787048339844,32.13748550415039,89.4162826538086,83.04232025146484,12.630837440490723,116.7300033569336,56.260005950927734
2017-03-17,204.50144958496094,46.828269958496094,32.080631256103516,89.97750854492188,83.26496124267578,12.673110008239746,116.98999786376953,56.5205192565918
2017-03-20,204.2771759033203,46.73045349121094,32.45431900024414,90.36427307128906,83.46371459960938,12.664655685424805,117.51000213623047,56.472530364990234
2017-03-21,201.65435791015625,46.51974105834961,32.09687423706055,91.11505126953125,83.74198913574219,12.597021102905273,118.54000091552734,56.22572708129883
2017-03-22,202.1288604736328,46.52726745605469,32.25122833251953,91.47913360595703,83.90099334716797,12.588566780090332,118.83000183105469,56.19462966918945
2017-03-23,201.9131317138672,46.632625579833984,32.259342193603516,91.35018920898438,83.81356811523438,12.563202857971191,118.66999816894531,56.6090087890625
2017-03-24,201.7665557861328,46.76054763793945,32.3405876159668,91.67633819580078,83.86124420166016,12.605475425720215,118.86000061035156,56.54684066772461
2017-03-27,201.55938720703125,46.88094711303711,32.25122833251953,92.09341430664062,84.06796264648438,12.588566780090332,119.52999877929688,56.035789489746094
2017-03-28,203.02610778808594,47.10670471191406,32.3405876159668,91.47913360595703,83.78168487548828,12.664655685424805,119.04000091552734,56.27750778198242
2017-03-29,203.2158966064453,47.10670471191406,32.39745330810547,92.02515411376953,84.02025604248047,12.783015251159668,119.33000183105469,56.59518051147461
2017-03-30,203.86297607421875,46.94114685058594,32.22685241699219,91.28195190429688,83.78168487548828,12.833742141723633,118.47000122070312,56.698760986328125
2017-03-31,203.38848876953125,46.873416900634766,31.999385833740234,91.54743194580078,83.94864654541016,12.859105110168457,118.72000122070312,57.03718185424805
2017-04-03,203.0347442626953,46.80569839477539,32.178104400634766,92.4708251953125,84.36190795898438,12.808378219604492,119.3499984741211,57.20292663574219
2017-04-04,203.16416931152344,46.790653228759766,32.194358825683594,91.96919250488281,84.24248504638672,12.935195922851562,119.62000274658203,57.20292663574219
2017-04-05,202.5601806640625,46.542320251464844,32.09687423706055,92.25037384033203,84.40174865722656,12.96055793762207,119.62000274658203,57.285797119140625
2017-04-06,203.12960815429688,46.54983901977539,32.04000473022461,92.11360168457031,84.34602355957031,12.994375228881836,119.18000030517578,57.58965301513672
2017-04-07,202.9225616455078,46.51974105834961,31.983144760131836,91.74119567871094,84.09121704101562,13.028193473815918,119.45999908447266,57.672542572021484
2017-04-10,203.0433349609375,46.467071533203125,31.85315704345703,92.16680908203125,84.24248504638672,13.129646301269531,119.45999908447266,58.03166198730469
2017-04-11,202.80177307128906,46.685302734375,31.780046463012695,93.04082489013672,84.6326904296875,13.155010223388672,121.19000244140625,58.432220458984375
2017-04-12,201.9131317138672,46.64767837524414,31.934404373168945,93.55001831054688,84.89539337158203,13.155010223388672,122.0199966430664,58.32861328125
2017-04-13,200.6017303466797,46.34666442871094,31.796295166015625,93.83880615234375,85.15022277832031,13.197280883789062,122.5999984741211,58.19739532470703
2017-04-17,202.37904357910156,46.632625579833984,32.129364013671875,93.55001831054688,85.01480865478516,13.121191024780273,122.23999786376953,58.901817321777344
2017-04-18,201.77508544921875,46.42192077636719,31.723186492919922,94.7736587524414,85.50054931640625,13.070465087890625,122.81999969482422,59.060638427734375
2017-04-19,201.40414428710938,46.233787536621094,31.528215408325195,94.25685119628906,85.2776107788086,12.842196464538574,121.7300033569336,58.977783203125
2017-04-20,203.0433349609375,46.60251998901367,31.918148040771484,93.89199829101562,85.08654022216797,12.791470527648926,121.95999908447266,58.98469543457031
2017-04-21,202.3963165283203,46.632625579833984,31.918148040771484,93.89199829101562,85.12631225585938,12.664655685424805,122.30999755859375,58.77060317993164
2017-04-24,204.62228393554688,47.814056396484375,32.37308120727539,93.42842864990234,84.95116424560547,12.622385025024414,121.4800033569336,58.121429443359375
2017-04-25,205.81283569335938,48.15267562866211,32.657405853271484,92.30355834960938,84.51322937011719,12.681563377380371,120.25,58.363121032714844
2017-04-26,205.68341064453125,48.017234802246094,32.53555679321289,92.81281280517578,84.73615264892578,12.613929748535156,120.83999633789062,57.92805099487305
2017-04-27,205.85598754882812,48.0623779296875,32.49494552612305,92.78238677978516,84.7918930053711,12.546294212341309,120.38999938964844,57.776126861572266
2017-04-28,205.40736389160156,48.00969314575195,32.54368209838867,92.98761749267578,84.87944030761719,12.512476921081543,120.7699966430664,57.17527770996094
2017-05-01,205.9250030517578,48.20534896850586,32.73052978515625,92.21459197998047,84.69611358642578,12.537840843200684,119.66999816894531,57.51369094848633
2017-05-02,206.00265502929688,48.45368576049805,32.96611785888672,92.68678283691406,84.87152099609375,12.402569770812988,119.6500015258789,57.41702651977539
2017-05-03,205.75244140625,48.355857849121094,32.74677276611328,92.74768829345703,84.69611358642578,12.35184383392334,117.9800033569336,56.65043640136719
2017-05-04,205.99403381347656,48.81488037109375,32.38121032714844,92.29073333740234,84.50471496582031,12.055940628051758,116.79000091552734,56.37419128417969
2017-05-05,206.80499267578125,49.356689453125,32.64928436279297,92.37456512451172,84.52062225341797,12.225028991699219,117.01000213623047,56.90595626831055
2017-05-08,206.7705078125,48.98796081542969,32.64116287231445,91.87185668945312,84.31332397460938,12.174301147460938,116.75,56.505409240722656
2017-05-09,206.58070373535156,48.867549896240234,33.055477142333984,91.8642349243164,84.2176513671875,12.115120887756348,116.05000305175781,56.2015495300293
2017-05-10,206.95167541503906,48.94281005859375,33.27481460571289,91.75762939453125,84.18573760986328,12.309572219848633,116.04000091552734,56.64353942871094
2017-05-11,206.52894592285156,48.82240676879883,33.347923278808594,91.75762939453125,84.24951171875,12.360299110412598,116.5,56.36037826538086
2017-05-12,206.18386840820312,49.09330368041992,33.48603820800781,92.45068359375,84.68013000488281,12.360299110412598,116.83000183105469,56.13247299194336
2017-05-15,207.3226776123047,49.34164047241211,33.82723617553711,92.19937896728516,84.62435150146484,12.427932739257812,117.13999938964844,56.2982177734375
2017-05-16,207.1328887939453,49.65767288208008,33.85972213745117,92.54206848144531,84.7359390258789,12.444841384887695,117.6500015258789,55.91838836669922
2017-05-17,203.45753479003906,49.09330368041992,33.28294372558594,93.89009857177734,85.41378021240234,12.529385566711426,119.79000091552734,56.146297454833984
2017-05-18,204.2771759033203,49.17608642578125,32.73052978515625,93.9967041015625,85.389892578125,12.49556827545166,118.80999755859375,56.45705795288086
2017-05-19,205.6057586669922,49.74797821044922,33.42916488647461,94.21760559082031,85.3659439086914,12.740743637084961,119.4000015258789,56.76093673706055
2017-05-22,206.6497039794922,49.80818557739258,33.46165466308594,93.95867156982422,85.270263671875,12.825288772583008,119.9000015258789,56.981937408447266
2017-05-23,207.10696411132812,49.815704345703125,33.49415588378906,93.32649230957031,85.0469970703125,12.783015251159668,119.13999938964844,57.0302734375
2017-05-24,207.59017944335938,49.845802307128906,33.62413024902344,93.85201263427734,85.2223892211914,12.75765323638916,119.61000061035156,57.49298095703125
2017-05-25,208.58233642578125,49.845802307128906,33.78660583496094,93.8824691772461,85.270263671875,12.478659629821777,119.4800033569336,57.4998779296875
2017-05-26,208.53916931152344,49.70283126831055,33.90846633911133,94.04246520996094,85.32608795166016,12.571657180786133,120.54000091552734,57.085514068603516
2017-05-30,208.35800170898438,49.6501579284668,33.72974395751953,94.50701141357422,85.54134368896484,12.47020435333252,120.13999938964844,56.726417541503906
2017-05-31,208.3062286376953,49.71036148071289,33.46977996826172,94.74309539794922,85.58124542236328,12.33493423461914,120.62000274658203,56.76093673706055
2017-06-01,209.9627685546875,50.0339241027832,33.75411605834961,94.75304412841797,85.5364990234375,12.250391006469727,120.72000122070312,57.05790328979492
2017-06-02,210.66156005859375,50.58326721191406,33.924705505371094,95.87495422363281,85.91187286376953,12.19120979309082,121.61000061035156,57.6449089050293
2017-06-05,210.50628662109375,50.304840087890625,33.88408660888672,95.27965545654297,85.76813507080078,12.123575210571289,121.7300033569336,57.396297454833984
2017-06-06,209.83338928222656,50.16185760498047,33.90034866333008,95.79862213134766,86.0396728515625,12.208118438720703,123.0999984741211,57.12002944946289
2017-06-07,210.22157287597656,50.17691421508789,33.85972213745117,95.34074401855469,85.87993621826172,12.039030075073242,122.44999694824219,57.520606994628906
2017-06-08,210.32510375976562,50.08661651611328,34.06282424926758,95.08883666992188,85.74417877197266,12.039030075073242,121.6500015258789,57.382469177246094
2017-06-09,210.0059051513672,49.89849090576172,33.802860260009766,94.94383239746094,85.66429901123047,12.10666561126709,120.54000091552734,57.78302001953125
2017-06-12,209.9627685546875,49.71036148071289,33.62413024902344,94.91329193115234,85.64828491210938,11.996759414672852,120.36000061035156,58.30099105834961
2017-06-13,210.9894561767578,50.09413528442383,33.78660583496094,94.92855834960938,85.68029022216797,12.047486305236816,120.4800033569336,58.432220458984375
2017-06-14,210.7220001220703,50.05650329589844,33.77848815917969,96.3939437866211,86.12751770019531,11.836127281188965,119.81999969482422,58.515071868896484
2017-06-15,210.31651306152344,49.537288665771484,33.42916488647461,96.24124908447266,85.97581481933594,11.886853218078613,119.31999969482422,58.81202697753906
2017-06-16,210.3624267578125,49.95868682861328,33.48603820800781,96.43208312988281,86.0237045288086,11.937578201293945,119.33999633789062,58.66010284423828
2017-06-19,212.1136932373047,50.16185760498047,33.81911087036133,96.2947006225586,85.78411865234375,11.861490249633789,118.43000030517578,58.66700744628906
2017-06-20,210.6832275390625,49.75811004638672,33.445316314697266,97.1571273803711,85.999755859375,11.743128776550293,118.18000030517578,58.52888107299805
2017-06-21,210.63121032714844,49.696937561035156,33.51876449584961,97.35558319091797,85.99177551269531,11.616312980651855,118.5199966430664,58.41147232055664
2017-06-22,210.53585815429688,49.68928527832031,33.69015884399414,97.56930541992188,86.07158660888672,11.633222579956055,118.91999816894531,58.466712951660156
2017-06-23,210.78726196289062,49.811641693115234,33.869720458984375,97.52349853515625,86.09562683105469,11.683947563171387,119.43000030517578,58.66962432861328
2017-06-26,210.92596435546875,49.89574432373047,34.19615936279297,97.88983154296875,86.1674575805664,11.709310531616211,118.36000061035156,59.08793258666992
2017-06-27,209.22669982910156,49.888099670410156,33.79624938964844,96.84422302246094,85.74417877197266,11.84458065032959,118.80999755859375,58.558048248291016
2017-06-28,211.09934997558594,50.323974609375,34.05741882324219,96.52369689941406,85.66429901123047,11.920670509338379,118.9000015258789,58.697505950927734
2017-06-29,209.24403381347656,49.82692337036133,33.62486267089844,95.71465301513672,85.3448486328125,11.971395492553711,118.31999969482422,58.028202056884766
2017-06-30,209.6342010498047,49.857513427734375,33.77992630004883,95.49337005615234,85.14519500732422,12.216571807861328,118.0199966430664,58.028202056884766
2017-07-03,209.98960876464844,49.79634475708008,33.975807189941406,95.1859130859375,84.83242797851562,12.343388557434082,116.08999633789062,58.767215728759766
2017-07-05,210.4751434326172,49.79634475708008,33.9105110168457,95.20884704589844,84.89644622802734,12.157392501831055,116.5199966430664,57.93756866455078
2017-07-06,208.55050659179688,49.5745849609375,33.502437591552734,94.42110443115234,84.7364501953125,12.165847778320312,116.47000122070312,56.84992218017578
2017-07-07,209.90292358398438,49.58222579956055,33.5677375793457,93.85518646240234,84.60043334960938,12.047486305236816,115.27999877929688,57.17063522338867
2017-07-10,210.1283721923828,49.7045783996582,33.88603591918945,93.99284362792969,84.71244812011719,12.098212242126465,115.47000122070312,56.64773178100586
2017-07-11,209.97235107421875,49.81929016113281,34.16351318359375,94.1534194946289,84.8244400024414,12.216571807861328,115.62000274658203,56.58498001098633
2017-07-12,211.55018615722656,50.21691131591797,34.8245849609375,94.80351257324219,85.07238006591797,12.157392501831055,116.02999877929688,57.282188415527344
2017-07-13,211.90562438964844,50.362220764160156,34.99597930908203,94.20696258544922,84.98436737060547,12.148937225341797,115.81999969482422,57.3728141784668
2017-07-14,212.89404296875,50.713966369628906,35.43669128417969,94.32166290283203,85.10438537597656,12.284208297729492,116.7699966430664,57.92360305786133
2017-07-17,212.8679962158203,50.61455535888672,35.273468017578125,94.58172607421875,85.20838928222656,12.241935729980469,117.29000091552734,58.3907356262207
2017-07-18,212.980712890625,50.66044616699219,35.37956237792969,95.4076919555664,85.5202865600586,12.292662620544434,118.11000061035156,58.26524353027344
2017-07-19,214.13375854492188,50.8822021484375,35.67337417602539,95.4459228515625,85.5202865600586,12.402569770812988,118.08000183105469,58.704463958740234
2017-07-20,214.22914123535156,51.08865737915039,35.632564544677734,95.72126770019531,85.54425811767578,12.385661125183105,118.23999786376953,58.432579040527344
2017-07-21,214.03839111328125,50.88984298706055,35.60808563232422,96.12659454345703,85.69628143310547,12.216571807861328,119.26000213623047,58.3907356262207
2017-07-24,213.98635864257812,50.75220489501953,35.71417236328125,95.75184631347656,85.64029693603516,12.241935729980469,119.30999755859375,58.27919006347656
2017-07-25,214.50653076171875,50.82102584838867,35.62440872192383,94.50521087646484,85.16036224365234,12.377206802368164,118.91999816894531,58.355865478515625
2017-07-26,214.51522827148438,51.134552001953125,35.918212890625,94.65818786621094,85.43231964111328,12.49556827545166,119.87999725341797,58.76025390625
2017-07-27,214.3158721923828,51.01984786987305,35.72234344482422,94.19164276123047,85.29634094238281,12.571657180786133,119.79000091552734,58.829986572265625
2017-07-28,214.06442260742188,51.073368072509766,35.706016540527344,94.74998474121094,85.4403305053711,12.639291763305664,120.69000244140625,58.66962432861328
2017-07-31,213.94308471679688,51.18042755126953,35.746822357177734,94.86468505859375,85.46430969238281,12.715381622314453,120.75,58.74631118774414
2017-08-01,214.41989135742188,51.463356018066406,35.8529167175293,95.53071594238281,85.67658233642578,12.571657180786133,120.6500015258789,59.011253356933594
2017-08-02,214.52389526367188,51.48628616333008,35.885562896728516,95.58440399169922,85.59648895263672,12.597021102905273,120.4000015258789,58.474403381347656
2017-08-03,214.10777282714844,51.51689147949219,35.73866271972656,96.5730972290039,85.89288330078125,12.504021644592285,120.58999633789062,58.355865478515625
2017-08-04,214.49789428710938,51.58570861816406,35.86924743652344,95.75302124023438,85.66058349609375,12.529385566711426,119.6500015258789,58.551090240478516
2017-08-07,214.89674377441406,51.608642578125,36.11408996582031,95.86029052734375,85.70866394042969,12.55474853515625,119.51000213623047,58.48835754394531
2017-08-08,214.36785888671875,51.33335876464844,36.122249603271484,95.5154037475586,85.63655853271484,12.563202857971191,119.86000061035156,58.20945739746094
2017-08-09,214.35916137695312,51.24925231933594,35.7957878112793,96.0365982055664,85.74072265625,12.647747993469238,121.30999755859375,58.014244079589844
2017-08-10,211.3334503173828,50.522796630859375,34.94701385498047,96.8567123413086,86.06116485595703,12.45329475402832,122.20999908447266,57.59591293334961
2017-08-11,211.64556884765625,50.43103790283203,35.02861785888672,96.90267944335938,86.15728759765625,12.49556827545166,122.79000091552734,57.24033737182617
2017-08-14,213.74363708496094,50.79808044433594,35.38772201538086,96.40446472167969,85.94902801513672,12.385661125183105,121.91999816894531,58.19551467895508
2017-08-15,213.71759033203125,50.75984191894531,35.428531646728516,95.99828338623047,85.692626953125,12.326478958129883,120.9800033569336,58.02122116088867
2017-08-16,214.0904541015625,51.0504264831543,35.7957878112793,96.35088348388672,85.85282897949219,12.292662620544434,121.87000274658203,58.25128936767578
2017-08-17,210.75257873535156,50.47691345214844,35.3387565612793,97.0713119506836,86.15728759765625,12.326478958129883,122.48999786376953,57.88874435424805
2017-08-18,210.42312622070312,50.61455535888672,35.64072799682617,97.0483169555664,86.17327117919922,12.546294212341309,122.30000305175781,57.303104400634766
2017-08-21,210.58786010742188,50.59925842285156,35.77131652832031,97.28592681884766,86.22932434082031,12.39411449432373,122.76000213623047,57.916622161865234
2017-08-22,212.7899627685547,50.84395980834961,36.17121505737305,96.91034698486328,86.06116485595703,12.427932739257812,122.20999908447266,57.74931716918945
2017-08-23,212.02696228027344,50.85160827636719,36.34260177612305,97.56951141357422,86.35757446289062,12.537840843200684,122.66999816894531,58.3419303894043
2017-08-24,211.53282165527344,50.73690414428711,36.45686340332031,97.20927429199219,86.2213363647461,12.529385566711426,122.29000091552734,58.1606559753418
2017-08-25,212.02696228027344,51.04277801513672,36.66905975341797,97.58484649658203,86.36557006835938,12.504021644592285,122.73999786376953,58.439544677734375
2017-08-28,212.03573608398438,51.04277801513672,36.538475036621094,97.52349853515625,86.44563293457031,12.512476921081543,124.69000244140625,57.99331283569336
2017-08-29,212.2784423828125,50.83631896972656,36.47318649291992,97.83778381347656,86.64594268798828,12.512476921081543,124.41999816894531,57.930572509765625
2017-08-30,213.28416442871094,50.76749038696289,36.53031921386719,97.80709838867188,86.57379913330078,12.419477462768555,124.36000061035156,58.25828170776367
2017-08-31,214.5672607421875,51.15747833251953,36.58744812011719,98.09832763671875,86.71000671386719,12.766107559204102,125.81999969482422,58.592918395996094
2017-09-01,214.87063598632812,51.22631072998047,36.856773376464844,97.3479995727539,86.45487976074219,12.783015251159668,126.05999755859375,58.79512405395508
2017-09-05,213.32748413085938,50.8822021484375,36.375247955322266,98.89173126220703,87.05662536621094,12.808378219604492,127.45999908447266,58.63475799560547
2017-09-06,214.0557098388672,51.195709228515625,36.611934661865234,98.28498077392578,86.84803771972656,12.935195922851562,126.80999755859375,58.78813552856445
2017-09-07,214.02976989746094,51.61629104614258,36.881248474121094,99.2911376953125,87.22509002685547,12.926740646362305,128.1300048828125,59.164642333984375
2017-09-08,213.77833557128906,51.623939514160156,36.636409759521484,99.07608032226562,87.1609115600586,12.783015251159668,127.97000122070312,59.21342849731445
2017-09-11,216.05845642089844,52.029232025146484,37.126102447509766,97.8932876586914,86.66349029541016,12.808378219604492,126.19000244140625,59.75724411010742
2017-09-12,216.7866973876953,52.18981170654297,37.085289001464844,97.37873840332031,86.45487976074219,12.842196464538574,126.55999755859375,59.05307388305664
2017-09-13,216.89076232910156,51.9068717956543,36.8894157409668,96.99466705322266,86.27840423583984,12.90137767791748,125.61000061035156,58.89969253540039
2017-09-14,216.8214111328125,51.99863815307617,36.987361907958984,97.3940658569336,86.29442596435547,12.909832954406738,126.16000366210938,59.38772964477539
2017-09-15,217.11326599121094,52.04451370239258,37.20771026611328,97.43248748779297,86.3987808227539,12.969013214111328,125.52999877929688,59.49929428100586
2017-09-18,217.57504272460938,52.11334228515625,37.338294982910156,96.8718032836914,86.06172943115234,12.952103614807129,124.36000061035156,59.17857360839844
2017-09-19,217.7928466796875,52.35803985595703,37.41990661621094,96.63371276855469,85.96549224853516,12.926740646362305,124.62000274658203,58.78813552856445
2017-09-20,217.87132263183594,52.24333953857422,37.24851608276367,96.70280456542969,85.79701232910156,13.03664779663086,123.62000274658203,58.627777099609375
2017-09-21,217.2875213623047,52.13629150390625,37.24851608276367,96.64908599853516,85.68467712402344,12.985921859741211,122.68000030517578,58.516239166259766
2017-09-22,217.3311004638672,52.2968635559082,37.03632354736328,96.92556762695312,85.83712005615234,13.03664779663086,123.23999786376953,58.10346603393555
2017-09-25,216.8867645263672,51.99863815307617,36.40789794921875,97.5323257446289,86.09386444091797,13.256462097167969,124.52999877929688,58.44157028198242
2017-09-26,217.01742553710938,51.883934020996094,36.30995559692383,97.355712890625,86.02164459228516,13.138100624084473,123.13999938964844,58.54018783569336
2017-09-27,217.86251831054688,51.92217254638672,36.179378509521484,95.88873291015625,85.58041381835938,13.087373733520508,121.9800033569336,58.01190948486328
2017-09-28,218.1239776611328,52.059814453125,36.15489196777344,95.60453796386719,85.5643081665039,13.087373733520508,122.20999908447266,58.406368255615234
2017-09-29,218.89068603515625,52.36569595336914,36.571128845214844,95.81958770751953,85.46003723144531,13.019739151000977,121.58000183105469,58.526092529296875
2017-10-02,219.8403778076172,52.31979751586914,36.57927703857422,95.64412689208984,85.3628158569336,12.909832954406738,120.7699966430664,58.44157028198242
2017-10-03,220.31080627441406,52.495689392089844,37.15874099731445,95.73645782470703,85.48335266113281,12.918285369873047,120.83000183105469,58.35704040527344
2017-10-04,220.57223510742188,52.396278381347656,37.150577545166016,95.74417114257812,85.45923614501953,12.935195922851562,121.16999816894531,58.65287780761719
2017-10-05,221.87913513183594,52.36569595336914,37.42806625366211,95.38250732421875,85.370849609375,13.078919410705566,120.5199966430664,58.864192962646484
2017-10-06,221.62649536132812,52.32745361328125,37.24036407470703,95.1131362915039,85.26641082763672,12.87601375579834,121.08999633789062,58.67403793334961
2017-10-09,221.2605743408203,52.34273910522461,37.21586990356445,95.41329193115234,85.3628158569336,12.884469032287598,122.08000183105469,58.81489562988281
2017-10-10,221.8442840576172,52.83978271484375,37.58313751220703,95.5671615600586,85.39494323730469,13.03664779663086,122.4000015258789,58.990970611572266
2017-10-11,222.1928253173828,52.96978759765625,37.7545280456543,95.75187683105469,85.49139404296875,13.062010765075684,122.79000091552734,59.18821716308594
2017-10-12,221.8617401123047,52.92390441894531,37.73820495605469,96.15974426269531,85.57172393798828,13.0451021194458,122.88999938964844,59.568572998046875
2017-10-13,222.13182067871094,53.199195861816406,38.08098220825195,96.85237884521484,85.86100006103516,13.171916961669922,123.81999969482422,59.72351837158203
2017-10-16,222.42803955078125,53.160953521728516,38.05649185180664,96.78312683105469,85.71636962890625,13.205735206604004,122.97000122070312,59.427677154541016
2017-10-17,222.58486938476562,53.02330780029297,37.86061477661133,96.90628814697266,85.68421173095703,13.188827514648438,122.12999725341797,59.498130798339844
2017-10-18,222.80270385742188,53.17625427246094,37.95038986206055,96.26747131347656,85.46730041503906,13.180371284484863,121.66999816894531,59.43474197387695
2017-10-19,222.8636474609375,53.092140197753906,37.61577606201172,96.436767578125,85.55564880371094,13.121191024780273,122.38999938964844,59.25863265991211
2017-10-20,224.0137481689453,53.02330780029297,37.7545280456543,95.41329193115234,85.20209503173828,13.188827514648438,121.61000061035156,58.9205322265625
2017-10-23,223.1425018310547,52.90862274169922,37.45254898071289,95.58258056640625,85.28247833251953,13.188827514648438,121.80000305175781,58.69513702392578
2017-10-24,223.53457641601562,52.992733001708984,37.45254898071289,94.989990234375,85.02532196044922,13.324097633361816,121.33000183105469,58.34297180175781
2017-10-25,222.42803955078125,52.78626251220703,37.370948791503906,94.53595733642578,84.88875579833984,13.341005325317383,121.3499984741211,58.173912048339844
2017-10-26,222.71559143066406,52.77861404418945,37.11793518066406,94.22039794921875,84.77629852294922,13.400186538696289,120.33000183105469,57.694942474365234
2017-10-27,224.53651428222656,52.900970458984375,37.65658950805664,94.84378051757812,85.0494384765625,13.46782112121582,120.9000015258789,57.955535888671875
2017-10-30,223.7001190185547,53.02330780029297,37.41990661621094,95.75187683105469,85.35478210449219,13.501639366149902,121.12999725341797,57.90625
2017-10-31,224.0486602783203,53.24507141113281,37.77084732055664,95.78266906738281,85.29856872558594,13.535454750061035,120.66999816894531,57.89921188354492
2017-11-01,224.34487915039062,53.29860305786133,37.96670913696289,96.20914459228516,85.35004425048828,13.543910026550293,121.11000061035156,58.180965423583984
2017-11-02,224.43202209472656,53.459190368652344,38.015689849853516,96.63330841064453,85.46269989013672,13.62845516204834,121.19000244140625,58.67403793334961
2017-11-03,225.1813201904297,53.37507629394531,37.8198127746582,96.89551544189453,85.59954071044922,13.712996482849121,120.62000274658203,58.526092529296875
2017-11-06,225.52981567382812,53.4515495300293,38.244197845458984,97.25798797607422,85.70410919189453,13.97508430480957,121.6500015258789,58.9205322265625
2017-11-07,225.3729705810547,53.252723693847656,37.9993782043457,97.666748046875,85.736328125,13.890539169311523,121.20999908447266,59.39950942993164
2017-11-08,225.75633239746094,53.42860412597656,38.17892074584961,97.4507827758789,85.63172149658203,13.865177154541016,121.62999725341797,59.69535446166992
2017-11-09,224.93736267089844,53.12274169921875,37.942230224609375,97.17316436767578,85.59954071044922,13.890539169311523,122.12999725341797,59.75874328613281
2017-11-10,224.8676300048828,52.9774284362793,37.77900695800781,95.70785522460938,85.16500091552734,13.865177154541016,121.12999725341797,59.82212448120117
2017-11-13,225.0767364501953,52.75567626953125,37.6973991394043,95.90837097167969,85.12467956542969,13.822904586791992,121.30999755859375,60.125003814697266
2017-11-14,224.553955078125,52.71744155883789,37.44438552856445,96.55618286132812,85.24546813964844,13.636907577514648,121.55999755859375,59.998226165771484
2017-11-15,223.43003845214844,52.465091705322266,37.24851608276367,97.60508728027344,85.55123901367188,13.619998931884766,121.41000366210938,59.392478942871094
2017-11-16,225.3294219970703,52.88566970825195,38.023841857910156,96.75670623779297,85.33395385742188,13.577726364135742,121.4000015258789,59.88551330566406
2017-11-17,224.6672821044922,52.69450759887695,38.2115592956543,97.47392272949219,85.44660186767578,13.797541618347168,122.86000061035156,59.624908447265625
2017-11-20,225.0506134033203,52.8092041015625,38.407432556152344,97.43539428710938,85.30982208251953,13.687636375427246,121.30999755859375,59.44881820678711
2017-11-21,226.52305603027344,53.20684051513672,38.921600341796875,97.74386596679688,85.32591247558594,13.780632019042969,121.51000213623047,59.892578125
2017-11-22,226.32269287109375,53.35212326049805,39.019535064697266,98.06002807617188,85.59954071044922,13.856721878051758,122.62999725341797,59.75874328613281
2017-11-24,226.845458984375,53.78800582885742,38.93791198730469,97.79013061523438,85.5270767211914,13.898994445800781,122.31999969482422,59.83623123168945
2017-11-27,226.73214721679688,53.466827392578125,38.36662673950195,97.65130615234375,85.58340454101562,13.873629570007324,122.83000183105469,59.55447006225586
2017-11-28,229.0323486328125,53.772705078125,38.65226745605469,97.78241729736328,85.59954071044922,13.814452171325684,122.80999755859375,59.32909393310547
2017-11-29,228.8929443359375,53.55859375,38.04017639160156,96.81842041015625,85.32591247558594,13.721451759338379,122.04000091552734,59.350196838378906
2017-11-30,230.8968505859375,53.61213302612305,37.62393569946289,96.49446868896484,85.06033325195312,13.662271499633789,121.0999984741211,59.441776275634766
2017-12-01,230.41761779785156,53.39802932739258,37.411746978759766,97.79666900634766,85.37470245361328,13.780632019042969,121.58999633789062,59.58263397216797
2017-12-04,230.1388702392578,53.20684051513672,37.485191345214844,97.84300994873047,85.33438873291016,13.61154556274414,121.18000030517578,59.28681945800781
2017-12-05,229.3111114501953,53.092140197753906,37.46071243286133,98.32987976074219,85.39883422851562,13.61154556274414,120.31999969482422,58.79374694824219
2017-12-06,229.35472106933594,52.985076904296875,36.9547119140625,98.6698989868164,85.5761489868164,13.38327693939209,120.06999969482422,58.7374267578125
2017-12-07,230.0778350830078,53.12274169921875,37.06079864501953,97.89713287353516,85.42301940917969,13.42555046081543,118.48999786376953,58.88532257080078
2017-12-08,231.33248901367188,53.40565872192383,37.49335861206055,97.90484619140625,85.35855102539062,13.493184089660645,118.4800033569336,59.18821716308594
2017-12-11,232.02951049804688,53.543304443359375,37.68107223510742,97.70387268066406,85.30209350585938,13.52700138092041,118.01000213623047,59.18115997314453
2017-12-12,232.43905639648438,53.61213302612305,37.42806625366211,97.6652603149414,85.22957611083984,13.408639907836914,118.1500015258789,59.46996307373047
2017-12-13,232.41282653808594,53.81857681274414,37.87693786621094,98.3994140625,85.5761489868164,13.34946060180664,119.16999816894531,59.568572998046875
2017-12-14,231.46316528320312,53.52037048339844,37.59945297241211,98.81673431396484,85.54390716552734,13.391732215881348,118.93000030517578,59.55447006225586
2017-12-15,233.3906707763672,53.505069732666016,37.68107223510742,99.18765258789062,85.52778625488281,13.391732215881348,119.18000030517578,59.927772521972656
2017-12-18,234.87059020996094,54.13976287841797,38.105464935302734,98.28352355957031,85.33438873291016,13.450911521911621,119.7300033569336,60.322242736816406
2017-12-19,233.9687042236328,53.94115447998047,37.90412902832031,97.0083999633789,84.94750213623047,13.55236530303955,119.81999969482422,59.04027557373047
2017-12-20,233.84603881835938,53.848419189453125,37.95384216308594,95.9342041015625,84.69767761230469,13.62845516204834,120.13999938964844,58.35704040527344
2017-12-21,234.3276824951172,54.041603088378906,38.20240020751953,96.49336242675781,84.75736999511719,13.636907577514648,120.30999755859375,58.13100051879883
2017-12-22,234.26641845703125,54.18071746826172,38.5255126953125,96.62500762939453,84.78970336914062,13.696088790893555,120.94000244140625,58.53157043457031
2017-12-26,233.9861602783203,54.16524887084961,38.492366790771484,96.91159057617188,84.82198333740234,13.898994445800781,121.7699966430664,58.82485580444336
2017-12-27,234.10000610351562,54.26572036743164,38.591800689697266,98.17384338378906,85.18521881103516,13.93281078338623,122.2300033569336,59.017967224121094
2017-12-28,234.58168029785156,54.296627044677734,38.85691452026367,98.08869171142578,85.08026885986328,14.000446319580078,122.8499984741211,59.33269500732422
2017-12-29,233.6971435546875,54.33527374267578,39.0391845703125,98.24359130859375,85.21749114990234,14.042719841003418,123.6500015258789,59.354148864746094
2018-01-02,235.36972045898438,54.73712921142578,39.77656173706055,97.18260955810547,84.93498992919922,14.110353469848633,125.1500015258789,59.13241958618164
2018-01-03,236.8585968017578,54.9998664855957,40.15766906738281,97.64720916748047,85.02381134033203,14.19489860534668,124.81999969482422,58.96074676513672
2018-01-04,237.8568572998047,55.60266876220703,40.35651397705078,97.63178253173828,84.9834213256836,14.177989959716797,125.45999908447266,57.945045471191406
2018-01-05,239.44204711914062,55.911773681640625,40.70447540283203,97.35298919677734,84.8785171508789,14.1272611618042,125.33000183105469,57.97365188598633
2018-01-08,239.87977600097656,55.89632034301758,40.70447540283203,97.291015625,84.83811950683594,14.118809700012207,125.30999755859375,58.27408218383789
2018-01-09,240.42276000976562,55.95815658569336,40.63819885253906,95.9899673461914,84.4344711303711,14.211806297302246,124.7300033569336,57.52302551269531
2018-01-10,240.05499267578125,55.849952697753906,40.38136672973633,95.87379455566406,84.41029357910156,14.262532234191895,125.02999877929688,56.879276275634766
2018-01-11,241.80636596679688,56.23634338378906,40.629913330078125,96.268798828125,84.46676635742188,14.254077911376953,125.44000244140625,56.68614959716797
2018-01-12,243.3827667236328,56.80048751831055,41.01931381225586,96.43138885498047,84.41029357910156,14.347073554992676,126.95999908447266,56.22835922241211
2018-01-16,242.55081176757812,56.746402740478516,40.861900329589844,96.8341064453125,84.45067596435547,14.279439926147461,127.16999816894531,56.33563995361328
2018-01-17,244.86276245117188,57.04005813598633,41.40042495727539,96.70243835449219,84.26499938964844,14.29634952545166,126.13999938964844,56.72907638549805
2018-01-18,244.4511260986328,56.970516204833984,41.45013427734375,95.80413055419922,83.99858093261719,14.29634952545166,125.86000061035156,55.999481201171875
2018-01-19,245.56324768066406,57.28734588623047,41.78982925415039,95.30071258544922,83.78067779541016,14.270986557006836,126.41999816894531,56.29988479614258
2018-01-22,247.56004333496094,57.58101272583008,42.03009033203125,95.39366912841797,83.74836730957031,14.304804801940918,126.6500015258789,56.814903259277344
2018-01-23,248.08546447753906,57.76648712158203,42.22893524169922,95.80413055419922,83.99055480957031,14.406258583068848,127.27999877929688,57.6016960144043
2018-01-24,247.98899841308594,57.86695098876953,42.58519744873047,95.28524017333984,83.82913208007812,14.558435440063477,128.8300018310547,57.301292419433594
2018-01-25,248.09414672851562,57.64282989501953,42.56033706665039,96.06739807128906,84.01478576660156,14.473892211914062,127.97000122070312,57.20116424560547
2018-01-26,250.96653747558594,58.15288162231445,43.14857482910156,95.71118927001953,83.76451873779297,14.583799362182617,128.07000732421875,57.000877380371094
2018-01-29,249.30270385742188,57.61965560913086,42.49405288696289,95.04521179199219,83.5546646118164,14.54152774810791,127.3499984741211,56.235530853271484
2018-01-30,246.74557495117188,57.14052200317383,41.91409683227539,94.48764038085938,83.36092376708984,14.440073013305664,126.80000305175781,55.827796936035156
2018-01-31,246.8682098388672,57.0632438659668,42.27863693237305,95.04521179199219,83.3851318359375,14.456982612609863,127.6500015258789,56.82919692993164
2018-02-01,246.5879364013672,57.225528717041016,41.70697784423828,93.66773986816406,82.95503234863281,14.60070514678955,128.07000732421875,55.606075286865234
2018-02-02,241.21975708007812,56.06634521484375,40.63819885253906,92.79856872558594,82.64779663085938,14.363984107971191,126.38999938964844,55.13397216796875
2018-02-05,231.1313018798828,53.7170295715332,39.213172912597656,93.67547607421875,83.32688903808594,14.228714942932129,126.70999908447266,53.496002197265625
2018-02-06,235.6851348876953,54.77576446533203,40.48906707763672,93.09346771240234,82.9631118774414,14.144170761108398,125.37999725341797,53.503143310546875
2018-02-07,234.4065704345703,54.1961669921875,39.213172912597656,92.20874786376953,82.72052764892578,13.983538627624512,124.79000091552734,53.27425003051758
2018-02-08,225.61419677734375,52.781951904296875,37.85442352294922,92.10789489746094,82.79328918457031,13.839813232421875,124.9800033569336,51.7435417175293
2018-02-09,229.0032958984375,53.00606155395508,38.459224700927734,91.52587890625,82.64779663085938,13.636907577514648,124.7699966430664,53.0382194519043
2018-02-12,232.36607360839844,53.8175048828125,39.06404113769531,91.92938232421875,82.62347412109375,13.721451759338379,125.37000274658203,53.05965805053711
2018-02-13,232.94407653808594,53.65521240234375,39.3623046875,92.34066772460938,82.76095581054688,13.746814727783203,126.08000183105469,53.431602478027344
2018-02-14,236.08798217773438,54.60575866699219,40.348228454589844,91.3163070678711,82.25965118408203,13.958174705505371,128.22999572753906,53.04534912109375
2018-02-15,239.1004180908203,54.94579315185547,41.17673110961914,91.62674713134766,82.2839126586914,13.983538627624512,128.3800048828125,53.560367584228516
2018-02-16,239.1704864501953,55.193077087402344,41.04417037963867,92.12338256835938,82.47796630859375,14.00890064239502,127.95999908447266,53.8536262512207
2018-02-20,237.67300415039062,54.67531204223633,40.48078536987305,91.71985626220703,82.3890151977539,14.05117416381836,126.23999786376953,53.21701431274414
2018-02-21,236.4907989501953,54.412559509277344,40.4476432800293,90.59461212158203,82.14644622802734,14.034266471862793,125.66000366210938,52.165557861328125
2018-02-22,236.79727172851562,54.69849395751953,40.472496032714844,90.86624145507812,82.25965118408203,14.161081314086914,126.30000305175781,52.759239196777344
2018-02-23,240.57167053222656,55.13125991821289,41.193302154541016,91.67332458496094,82.57500457763672,14.254077911376953,126.13999938964844,53.603275299072266
2018-02-26,243.36520385742188,55.649017333984375,41.57441711425781,91.70433044433594,82.6719970703125,14.330168724060059,126.44999694824219,53.75349044799805
2018-02-27,240.32638549804688,54.822147369384766,40.36479187011719,91.57242584228516,82.41329193115234,14.186443328857422,125.12999725341797,52.50174331665039
2018-02-28,237.8918914794922,54.30436325073242,39.78484344482422,92.15445709228516,82.60734558105469,14.034266471862793,125.0,52.465972900390625
2018-03-01,234.43284606933594,53.392459869384766,39.71027374267578,92.7835464477539,82.96282196044922,14.059625625610352,124.72000122070312,52.51604461669922
2018-03-02,235.6413116455078,53.64748764038086,39.87596893310547,92.02928924560547,82.65509033203125,14.059625625610352,125.38999938964844,52.494590759277344
2018-03-05,238.36483764648438,53.93342590332031,39.93397521972656,91.7804183959961,82.5498046875,14.144170761108398,125.18000030517578,53.0882682800293
2018-03-06,238.96905517578125,54.25027084350586,40.306800842285156,91.86595153808594,82.54174041748047,14.19489860534668,126.52999877929688,53.338623046875
2018-03-07,238.88145446777344,54.23481750488281,40.348228454589844,91.7648696899414,82.54174041748047,14.042719841003418,125.72000122070312,53.66764450073242
2018-03-08,240.0374298095703,54.35073471069336,40.35651397705078,92.29366302490234,82.71178436279297,13.958174705505371,125.41999816894531,53.767799377441406
2018-03-09,244.21466064453125,54.69849395751953,41.21815872192383,91.68712615966797,82.5336685180664,14.09344482421875,125.54000091552734,54.0610466003418
2018-03-12,243.908203125,54.76031494140625,41.31758117675781,92.21586608886719,82.7280044555664,14.068081855773926,125.54000091552734,54.2971076965332
2018-03-13,242.33181762695312,54.39710235595703,40.94474792480469,92.68248748779297,82.86566162109375,14.025811195373535,125.77999877929688,54.34717559814453
2018-03-14,241.08827209472656,54.52846908569336,41.01103591918945,93.4989242553711,83.02760314941406,14.025811195373535,125.69999694824219,54.397254943847656
2018-03-15,240.82562255859375,54.49756622314453,40.861900329589844,93.4989242553711,82.9952392578125,14.017354011535645,124.9000015258789,54.3829345703125
2018-03-16,241.08676147460938,54.45892333984375,40.77075958251953,93.16453552246094,82.89803314208984,14.068081855773926,124.5999984741211,54.76203536987305
2018-03-19,237.8247833251953,54.018436431884766,40.3316535949707,92.86906433105469,82.81706237792969,13.97508430480957,124.87000274658203,54.28994369506836
2018-03-20,238.229248046875,54.010704040527344,40.779052734375,92.49581146240234,82.65509033203125,14.068081855773926,124.30999755859375,54.103973388671875
2018-03-21,237.77203369140625,54.09571075439453,41.01931381225586,92.59688568115234,82.71178436279297,14.3217134475708,126.4800033569336,53.70341110229492
2018-03-22,231.828369140625,53.09107971191406,39.65227508544922,93.51449584960938,83.05191040039062,14.211806297302246,125.9800033569336,53.38868713378906
2018-03-23,226.88705444335938,52.503753662109375,38.848628997802734,93.44450378417969,83.16525268554688,14.338621139526367,127.61000061035156,52.43736267089844
2018-03-26,233.094482421875,53.446563720703125,40.10795974731445,93.08679962158203,82.93854522705078,14.347073554992676,128.27999877929688,53.033931732177734
2018-03-27,229.12913513183594,53.05243682861328,39.37887191772461,94.08218383789062,83.408203125,14.287895202636719,127.48999786376953,53.23616027832031
2018-03-28,228.4521026611328,53.36155700683594,39.180023193359375,94.33098602294922,83.39201354980469,14.228714942932129,125.7300033569336,54.57229995727539
2018-03-29,231.3711700439453,53.848419189453125,40.00025177001953,94.78975677490234,83.56208038330078,14.35552978515625,125.79000091552734,54.507286071777344
2018-04-02,226.3771209716797,53.10652542114258,39.279449462890625,94.97676086425781,83.64720916748047,14.161081314086914,127.26000213623047,53.77060317993164
2018-04-03,229.27865600585938,53.446563720703125,39.66884231567383,94.24424743652344,83.37960815429688,14.237167358398438,126.30000305175781,54.225616455078125
2018-04-04,231.73171997070312,53.63203048706055,39.6854248046875,94.0494384765625,83.33085632324219,14.177989959716797,126.44999694824219,54.796207427978516
2018-04-05,233.5605010986328,53.98752212524414,39.78484344482422,93.34811401367188,83.11997985839844,14.245623588562012,125.80000305175781,54.774532318115234
2018-04-06,228.3553924560547,53.63203048706055,39.00604248046875,94.36892700195312,83.4850082397461,14.144170761108398,126.38999938964844,54.362857818603516
2018-04-09,229.48080444335938,54.07252883911133,39.04746627807617,94.52481079101562,83.50125122070312,14.3217134475708,126.81999969482422,54.18950653076172
2018-04-10,233.12973022460938,54.6521110534668,39.809696197509766,94.35334014892578,83.35523223876953,14.566889762878418,127.12000274658203,54.131736755371094
2018-04-11,231.9075469970703,54.4434700012207,39.82625961303711,94.68843841552734,83.43631744384766,14.676796913146973,128.11000061035156,54.24729537963867
2018-04-12,233.8154754638672,54.6521110534668,39.809696197509766,93.99492645263672,83.13621520996094,14.617615699768066,126.62000274658203,53.64060592651367
2018-04-13,233.12973022460938,54.70621871948242,39.412017822265625,94.21309661865234,83.209228515625,14.626069068908691,127.44999694824219,53.92228317260742
2018-04-16,235.04638671875,54.79122543334961,39.461727142333984,94.24424743652344,83.16864776611328,14.57534408569336,127.62999725341797,54.254520416259766
2018-04-17,237.56103515625,55.03852462768555,39.54457473754883,94.50139617919922,83.21732330322266,14.583799362182617,127.75,54.89008331298828
2018-04-18,237.73690795898438,55.3244514465332,39.8842658996582,93.74555206298828,82.89286804199219,14.854339599609375,127.8499984741211,54.774532318115234
2018-04-19,236.41793823242188,55.11580276489258,39.65227508544922,92.98186492919922,82.66570281982422,14.795157432556152,127.5999984741211,53.98005676269531
2018-04-20,234.41334533691406,54.90713882446289,39.15517044067383,92.31168365478516,82.389892578125,14.769796371459961,126.62999725341797,53.48171615600586
2018-04-23,234.378173828125,54.83758544921875,38.84034729003906,92.33502960205078,82.30879211425781,14.76133918762207,125.62000274658203,53.43838882446289
2018-04-24,231.22171020507812,54.61348342895508,38.65807342529297,91.91427612304688,82.21146392822266,14.685251235961914,126.2300033569336,53.64060592651367
2018-04-25,231.793212890625,54.520751953125,38.35981750488281,91.29861450195312,82.03300476074219,14.710612297058105,125.41000366210938,53.53948211669922
2018-04-26,234.14952087402344,54.79122543334961,38.914920806884766,91.93762969970703,82.26824188232422,14.786702156066895,124.97000122070312,54.24006652832031
2018-04-27,234.36940002441406,54.845314025878906,39.15517044067383,92.64678955078125,82.40616607666016,14.778249740600586,125.5,55.1717529296875
2018-04-30,232.5669708251953,54.667572021484375,38.87348175048828,92.81048583984375,82.4953842163086,14.845884323120117,124.58999633789062,54.95509338378906
2018-05-01,232.98020935058594,54.4743766784668,38.682926177978516,92.47616577148438,82.36617279052734,14.76133918762207,123.70999908447266,55.45343780517578
2018-05-02,231.41519165039062,54.45119857788086,38.376373291015625,92.37461853027344,82.38240814208984,14.76133918762207,123.6500015258789,55.25120544433594
2018-05-03,230.9051971435547,54.62120056152344,38.29353713989258,92.78852844238281,82.59373474121094,14.854339599609375,124.27999877929688,55.215087890625
2018-05-04,233.89459228515625,54.81441879272461,38.4675178527832,92.9291000366211,82.60185241699219,14.955790519714355,124.54000091552734,55.82179641723633
2018-05-07,234.6859130859375,54.822147369384766,38.24382019042969,92.78075408935547,82.56118774414062,14.947338104248047,124.56999969482422,56.19734573364258
2018-05-08,234.6859130859375,54.829856872558594,38.459224700927734,92.69483947753906,82.42306518554688,14.989609718322754,124.58999633789062,55.915653228759766
2018-05-09,236.95428466796875,54.96125030517578,38.53378677368164,92.14031982421875,82.23611450195312,15.124876976013184,124.33000183105469,56.29122543334961
2018-05-10,239.16995239257812,55.316734313964844,39.33744430541992,92.88224029541016,82.40681457519531,15.200966835021973,125.18000030517578,56.73179626464844
2018-05-11,239.89971923828125,55.46355438232422,39.271175384521484,93.1165542602539,82.4149398803711,15.107970237731934,125.0,56.53678512573242
2018-05-14,240.0140838623047,55.564022064208984,39.32087326049805,92.62450408935547,82.23611450195312,15.217875480651855,124.48999786376953,56.05288314819336
2018-05-15,238.3611602783203,55.16216278076172,38.50893783569336,91.57019805908203,81.78102111816406,15.234783172607422,122.4800033569336,55.14284896850586
2018-05-16,239.36343383789062,55.23945236206055,39.08889389038086,91.2187728881836,81.6103744506836,15.319331169128418,122.29000091552734,54.97676086425781
2018-05-17,239.16123962402344,55.3244514465332,38.492366790771484,90.7579574584961,81.56159210205078,15.336237907409668,122.36000061035156,54.70229721069336
2018-05-18,238.56332397460938,55.12352752685547,38.169254302978516,91.53900146484375,81.8785629272461,15.344691276550293,122.41000366210938,54.774532318115234
2018-05-21,240.35696411132812,55.47127914428711,38.40122604370117,91.58586120605469,81.93548583984375,15.463056564331055,122.4800033569336,55.424522399902344
2018-05-22,239.68878173828125,55.4017333984375,38.53378677368164,91.44524383544922,81.90292358398438,15.479960441589355,122.41000366210938,55.50397491455078
2018-05-23,240.3481903076172,54.79122543334961,38.5172233581543,92.10902404785156,82.27680206298828,15.564506530761719,122.54000091552734,56.06010437011719
2018-05-24,239.85580444335938,54.62120056152344,38.31010437011719,92.84320831298828,82.48809814453125,15.463056564331055,123.58999633789062,55.94454574584961
2018-05-25,239.28431701660156,54.26572036743164,38.4675178527832,93.4211654663086,82.81311798095703,15.234783172607422,123.20999908447266,56.139556884765625
2018-05-29,236.53233337402344,53.160621643066406,37.57272720336914,95.46731567382812,83.70709991455078,15.091060638427734,123.19000244140625,56.40678787231445
2018-05-30,239.68878173828125,53.9720573425293,37.87099075317383,94.8269271850586,83.34953308105469,15.28551197052002,123.37000274658203,57.172367095947266
2018-05-31,238.22044372558594,53.63203048706055,37.85442352294922,94.67070007324219,83.30892944335938,15.243241310119629,123.0999984741211,56.97736358642578
2018-06-01,240.55921936035156,54.09571075439453,38.384666442871094,94.17051696777344,83.0010757446289,15.1417875289917,122.48999786376953,57.23013687133789
2018-06-04,241.70225524902344,54.257991790771484,38.77406311035156,93.48944854736328,82.7078857421875,14.96424674987793,122.37000274658203,57.72847366333008
2018-06-05,241.87808227539062,54.17299270629883,38.47580337524414,93.70865631103516,82.91967010498047,14.989609718322754,122.8499984741211,57.57682418823242
2018-06-06,243.90029907226562,54.659854888916016,39.055747985839844,92.9493408203125,82.58576202392578,15.04033374786377,122.91999816894531,57.714054107666016
2018-06-07,243.87393188476562,54.35073471069336,38.459224700927734,93.84957885742188,82.93592071533203,15.099516868591309,122.86000061035156,57.714054107666016
2018-06-08,244.5948944091797,54.412559509277344,38.384666442871094,93.5677719116211,82.82195281982422,15.091060638427734,123.01000213623047,57.92348098754883
2018-06-11,244.92025756835938,54.76031494140625,38.384666442871094,93.39553833007812,82.74053955078125,15.082606315612793,123.2300033569336,57.836822509765625
2018-06-12,245.23680114746094,54.412559509277344,38.28525161743164,93.41903686523438,82.6916732788086,15.074151992797852,122.81999969482422,58.183494567871094
2018-06-13,244.45419311523438,54.48983383178711,38.02840805053711,93.37203979492188,82.59391784667969,15.133331298828125,123.19000244140625,57.049583435058594
2018-06-14,245.0697479248047,54.37391662597656,37.77157211303711,94.14704895019531,82.8544921875,14.96424674987793,123.37999725341797,57.59126663208008
2018-06-15,244.7570037841797,54.09571075439453,37.47330856323242,94.23311614990234,82.91967010498047,14.60070514678955,121.33999633789062,57.555152893066406
2018-06-18,244.2536163330078,53.709312438964844,37.017635345458984,94.14704895019531,82.9603500366211,14.727522850036621,121.11000061035156,57.57118225097656
2018-06-19,243.31747436523438,53.21593475341797,36.609012603759766,94.69499206542969,83.18026733398438,14.57534408569336,120.80000305175781,57.51286315917969
2018-06-20,243.7326202392578,53.255332946777344,36.767459869384766,93.86520385742188,82.91148376464844,14.558435440063477,120.26000213623047,58.15431594848633
2018-06-21,242.2046661376953,52.87701416015625,36.250431060791016,94.3583755493164,83.13142395019531,14.448529243469238,120.05000305175781,58.431312561035156
2018-06-22,242.6463165283203,53.43660354614258,36.62568664550781,94.35057067871094,83.14766693115234,14.735977172851562,120.33999633789062,58.890541076660156
2018-06-25,239.34312438964844,52.69574737548828,36.13368225097656,94.56187438964844,83.26166534423828,14.566889762878418,119.88999938964844,58.73748016357422
2018-06-26,239.87306213378906,52.79032516479492,35.99191665649414,94.69499206542969,83.3023681640625,14.710612297058105,119.26000213623047,58.9269905090332
2018-06-27,237.88587951660156,52.29378890991211,35.299766540527344,95.58734130859375,83.61996459960938,14.786702156066895,118.58000183105469,58.701026916503906
2018-06-28,239.2460174560547,52.490821838378906,35.59996032714844,95.61083984375,83.53854370117188,14.778249740600586,118.22000122070312,59.225860595703125
2018-06-29,239.59046936035156,52.78245162963867,36.13368225097656,95.2820816040039,83.47339630126953,14.947338104248047,118.6500015258789,59.37165451049805
2018-07-02,240.10269165039062,52.30167007446289,35.77509307861328,95.20753479003906,83.41625213623047,14.63452434539795,117.45999908447266,59.04362106323242
2018-07-03,239.2547607421875,52.45930862426758,35.800113677978516,95.71747589111328,83.62840270996094,14.617615699768066,118.6500015258789,59.488285064697266
2018-07-05,241.2066192626953,52.979488372802734,35.7083854675293,95.99208068847656,83.6365737915039,14.70215892791748,119.05000305175781,60.19533920288086
2018-07-06,243.2467803955078,53.263214111328125,36.20039367675781,96.30594635009766,83.70995330810547,14.769796371459961,118.86000061035156,60.51606369018555
2018-07-09,245.4370574951172,53.775516510009766,36.85084533691406,95.68614196777344,83.49785614013672,14.845884323120117,119.1500015258789,60.03498077392578
2018-07-10,246.3202667236328,53.75186538696289,36.767459869384766,95.67830657958984,83.43257904052734,14.812067985534668,118.93000030517578,60.158905029296875
2018-07-11,244.51856994628906,52.85337829589844,36.0502815246582,96.0470199584961,83.60391235351562,14.29634952545166,117.63999938964844,59.962093353271484
2018-07-12,246.73541259765625,53.263214111328125,36.54229736328125,96.0391845703125,83.57127380371094,14.372438430786133,118.12999725341797,60.14432144165039
2018-07-13,246.9296417236328,53.42872619628906,36.56731033325195,96.28238677978516,83.70995330810547,14.397804260253906,117.61000061035156,59.962093353271484
2018-07-16,246.70895385742188,53.40509033203125,36.36717224121094,95.88229370117188,83.57127380371094,14.09344482421875,117.55000305175781,59.641357421875
2018-07-17,247.70697021484375,53.499656677246094,36.63402557373047,95.70182037353516,83.52230834960938,14.110353469848633,116.27999877929688,59.24773025512695
2018-07-18,248.2279510498047,53.50755310058594,36.59232711791992,95.31739807128906,83.4570541381836,14.237167358398438,116.30999755859375,58.98531723022461
2018-07-19,247.29188537597656,53.39720153808594,36.14201354980469,95.92150115966797,83.68553161621094,14.220259666442871,115.80999755859375,59.67780685424805
2018-07-20,247.00917053222656,53.649410247802734,36.65904235839844,94.74462890625,83.39177703857422,14.3217134475708,116.55999755859375,59.1019401550293
2018-07-23,247.46839904785156,53.649410247802734,36.417213439941406,93.57561492919922,82.98390197753906,14.372438430786133,116.0,58.97802734375
2018-07-24,248.7136688232422,53.96467590332031,36.95092010498047,93.8973159790039,83.04100799560547,14.448529243469238,116.04000091552734,58.679168701171875
2018-07-25,250.83340454101562,54.366634368896484,37.55133819580078,93.7482681274414,82.98390197753906,14.642979621887207,116.68000030517578,59.14569854736328
2018-07-26,250.24169921875,54.12229537963867,37.13438034057617,93.56778717041016,82.89418029785156,14.642979621887207,115.7699966430664,59.342491149902344
2018-07-27,248.5459442138672,54.22476577758789,37.2678108215332,93.72471618652344,83.02466583251953,14.583799362182617,115.83000183105469,58.70831298828125
2018-07-30,247.2476043701172,54.216880798339844,37.20943069458008,93.40303802490234,82.91864776611328,14.668344497680664,115.6500015258789,58.744747161865234
2018-07-31,248.46636962890625,54.28780746459961,37.409576416015625,93.91300201416016,83.03282928466797,14.583799362182617,115.98999786376953,59.728816986083984
2018-08-01,248.05137634277344,54.011959075927734,37.076011657714844,93.14793395996094,82.8366470336914,14.372438430786133,115.13999938964844,60.15158462524414
2018-08-02,249.402587890625,53.65730285644531,36.5839958190918,93.28158569335938,82.93474578857422,14.456982612609863,114.5199966430664,59.911048889160156
2018-08-03,250.4712677001953,53.68881607055664,36.867530822753906,93.74551391601562,83.14725494384766,14.507709503173828,114.91999816894531,60.559810638427734
2018-08-06,251.3896942138672,53.46025848388672,36.5839958190918,93.800537109375,83.18814086914062,14.533072471618652,114.33000183105469,60.479618072509766
2018-08-07,252.219970703125,53.87797927856445,36.959259033203125,93.31304168701172,83.01651763916016,14.642979621887207,114.58999633789062,60.37027359008789
2018-08-08,252.11399841308594,53.83069610595703,36.90922546386719,93.40738677978516,83.09002685546875,14.465437889099121,114.91000366210938,60.02040100097656
2018-08-09,251.76956176757812,53.67304611206055,36.800811767578125,94.1937026977539,83.31892395019531,14.406258583068848,114.73999786376953,60.04955291748047
2018-08-10,250.0826873779297,52.601173400878906,36.016937255859375,94.8778305053711,83.6786117553711,14.406258583068848,114.69000244140625,59.59032440185547
2018-08-13,249.14651489257812,52.412017822265625,35.424842834472656,94.68126678466797,83.65406036376953,14.330168724060059,112.95999908447266,59.47368621826172
2018-08-14,250.7362060546875,52.40412902832031,35.641666412353516,94.46892547607422,83.57233428955078,14.35552978515625,113.06999969482422,59.7652702331543
2018-08-15,248.86383056640625,51.64751052856445,34.615943908691406,95.01934051513672,83.77668762207031,14.042719841003418,111.19000244140625,60.224491119384766
2018-08-16,250.8775177001953,52.01005172729492,34.832767486572266,95.01148986816406,83.7521743774414,14.152626037597656,111.0999984741211,60.71290588378906
2018-08-17,251.7607421875,52.31743621826172,35.199684143066406,95.12945556640625,83.78489685058594,14.211806297302246,112.12999725341797,61.27414321899414
2018-08-20,252.2994842529297,52.601173400878906,35.35813522338867,95.76632690429688,84.04642486572266,14.237167358398438,112.69000244140625,61.31789779663086
2018-08-21,252.89120483398438,52.92431640625,35.80844497680664,95.44395446777344,83.93199920654297,14.262532234191895,113.0199966430664,60.94615173339844
2018-08-22,252.7411346435547,53.12923049926758,36.091983795166016,95.8214111328125,84.08731842041016,14.465437889099121,113.2699966430664,60.603538513183594
2018-08-23,252.4054412841797,52.75092315673828,35.50824737548828,95.97084045410156,84.07913970947266,14.440073013305664,112.19999694824219,60.45045471191406
2018-08-24,253.92454528808594,53.05829620361328,36.16702651977539,96.1595230102539,84.10364532470703,14.549980163574219,114.16000366210938,60.80764389038086
2018-08-27,255.92935180664062,53.767635345458984,36.68406295776367,95.60909271240234,83.91568756103516,14.60070514678955,114.58999633789062,60.58897018432617
2018-08-28,256.0530090332031,53.72035217285156,36.55064392089844,95.03507995605469,83.7276611328125,14.54152774810791,113.68000030517578,61.405364990234375
2018-08-29,257.4308166503906,54.011959075927734,36.77579879760742,95.16089630126953,83.703125,14.70215892791748,114.19999694824219,61.41995620727539
2018-08-30,256.3885803222656,53.499656677246094,35.81679153442383,95.36534881591797,83.85844421386719,14.676796913146973,113.63999938964844,61.02632141113281
2018-08-31,256.39752197265625,53.074066162109375,36.0002555847168,95.14517211914062,83.87478637695312,14.693704605102539,113.51000213623047,61.26686096191406
2018-09-04,255.9558868408203,52.62480926513672,35.299766540527344,94.59512329101562,83.68314361572266,14.609162330627441,112.93000030517578,60.5379638671875
2018-09-05,255.26683044433594,52.144046783447266,34.79106903076172,94.34292602539062,83.67491912841797,14.549980163574219,113.31999969482422,60.8878288269043
2018-09-06,254.49864196777344,51.986412048339844,34.824424743652344,94.68962097167969,83.846923828125,14.465437889099121,113.54000091552734,61.062767028808594
2018-09-07,254.00401306152344,51.56869125366211,34.6493034362793,93.88579559326172,83.47016143798828,14.499255180358887,113.2300033569336,60.39944839477539
2018-09-10,254.4456024169922,51.88395309448242,34.307395935058594,94.2325668334961,83.519287109375,14.549980163574219,113.1500015258789,60.669158935546875
2018-09-11,255.28453063964844,51.93124008178711,34.382450103759766,93.51538848876953,83.2162094116211,14.693704605102539,113.22000122070312,60.661865234375
2018-09-12,255.3463897705078,52.15192794799805,34.55756759643555,93.73603820800781,83.31451416015625,14.795157432556152,114.16999816894531,60.691001892089844
2018-09-13,256.856689453125,52.538124084472656,35.02457046508789,93.8779067993164,83.30635070800781,14.63452434539795,113.76000213623047,60.98988723754883
2018-09-14,256.9007873535156,52.61693572998047,34.991214752197266,93.42869567871094,83.15067291259766,14.54152774810791,113.0199966430664,60.603538513183594
2018-09-17,255.54066467285156,52.664222717285156,34.67432403564453,93.42869567871094,83.16709899902344,14.524619102478027,113.61000061035156,60.80036163330078
2018-09-18,256.9273681640625,53.21593475341797,35.00788879394531,92.45142364501953,82.82308959960938,14.659889221191406,113.44000244140625,60.50878143310547
2018-09-19,257.20123291015625,53.40509033203125,35.4915657043457,91.89979553222656,82.68387603759766,14.752887725830078,113.87999725341797,59.801719665527344
2018-09-20,259.285400390625,54.0671272277832,35.88350296020508,92.32532501220703,82.69207000732422,14.752887725830078,114.2699966430664,60.36297607421875
2018-09-21,259.0486145019531,54.09077453613281,36.0502815246582,92.2859878540039,82.72481536865234,14.786702156066895,113.48999786376953,60.34114074707031
2018-09-24,258.1879577636719,53.84645080566406,35.641666412353516,92.0495376586914,82.63471221923828,15.006516456604004,113.47000122070312,59.257530212402344
2018-09-25,257.948486328125,54.11442947387695,35.7834358215332,91.95494079589844,82.5528335571289,15.04033374786377,113.6500015258789,59.26493835449219
2018-09-26,257.1766357421875,54.138065338134766,35.85848617553711,92.60122680664062,82.82308959960938,14.972699165344238,113.05000305175781,58.55534744262695
2018-09-27,257.8952941894531,54.02772903442383,36.03360366821289,92.66426849365234,82.82308959960938,15.04033374786377,112.05000305175781,58.836219787597656
2018-09-28,257.9219055175781,53.58635711669922,35.79176712036133,92.41996765136719,82.86405181884766,15.192514419555664,112.76000213623047,59.634490966796875
2018-10-01,258.81787109375,53.649410247802734,35.800113677978516,91.74146270751953,82.65396118164062,15.479960441589355,112.56999969482422,59.080135345458984
2018-10-02,258.6671447753906,53.373558044433594,35.34980392456055,92.30223083496094,82.86738586425781,15.530689239501953,113.87000274658203,58.947086334228516
2018-10-03,258.8090515136719,53.27898025512695,35.05792236328125,90.6988525390625,82.2518081665039,15.674412727355957,113.41999816894531,58.31881332397461
2018-10-04,256.7862243652344,52.656341552734375,34.18231964111328,90.05906677246094,82.0384292602539,15.50532341003418,113.4800033569336,57.830989837646484
2018-10-05,255.34902954101562,52.34108352661133,34.05723190307617,89.28500366210938,81.84146118164062,15.471508026123047,113.80000305175781,57.801422119140625
2018-10-08,255.34902954101562,52.088871002197266,34.107261657714844,88.98487091064453,81.87427520751953,15.429237365722656,112.54000091552734,58.63665771484375
2018-10-09,254.9764862060547,51.95488357543945,33.98216247558594,89.88533782958984,82.03022003173828,15.539145469665527,112.5999984741211,58.71796417236328
2018-10-10,246.90306091308594,50.85147476196289,32.973121643066406,89.64042663574219,82.07125091552734,15.234783172607422,112.87999725341797,57.84575653076172
2018-10-11,241.46458435058594,50.14214324951172,32.639564514160156,90.73043060302734,82.40776824951172,15.006516456604004,115.77999877929688,56.19007110595703
2018-10-12,244.81814575195312,50.32341003417969,33.59857177734375,90.41448211669922,82.30924987792969,15.124876976013184,115.2300033569336,56.0422477722168
2018-10-15,243.4430389404297,50.20519256591797,33.23998260498047,90.37496948242188,82.3584976196289,15.158696174621582,116.0,56.41920852661133
2018-10-16,248.76609802246094,51.06427764892578,34.07390213012695,90.58036041259766,82.35025787353516,15.226330757141113,115.80000305175781,57.579673767089844
2018-10-17,248.81045532226562,50.77266311645508,33.65694808959961,90.04325103759766,82.11228942871094,15.091060638427734,115.79000091552734,57.3579216003418
2018-10-18,245.21739196777344,49.95298385620117,32.772987365722656,90.01167297363281,82.26004791259766,14.921974182128906,115.91999816894531,57.24705505371094
2018-10-19,245.08425903320312,50.236724853515625,33.08153533935547,89.814208984375,82.16152954101562,15.006516456604004,116.01000213623047,57.74229431152344
2018-10-22,243.9841766357422,50.01603317260742,33.440128326416016,89.69575500488281,82.17798614501953,15.02342700958252,115.70999908447266,56.936607360839844
2018-10-23,242.7421112060547,49.543155670166016,33.073204040527344,89.98006439208984,82.39134979248047,14.693704605102539,116.38999938964844,57.187931060791016
2018-10-24,235.3873748779297,48.1402473449707,32.00578689575195,90.65937805175781,82.83451843261719,14.592254638671875,116.66000366210938,57.72750473022461
2018-10-25,239.6103515625,48.747108459472656,32.62288284301758,90.28022003173828,82.63753509521484,14.651433944702148,116.4000015258789,58.46665573120117
2018-10-26,235.39625549316406,48.41609573364258,32.247615814208984,90.82522583007812,83.00688171386719,14.76133918762207,116.7699966430664,57.06227111816406
2018-10-29,234.09205627441406,48.28209686279297,31.688894271850586,90.61988830566406,82.9986572265625,14.609162330627441,116.30999755859375,57.786624908447266
2018-10-30,237.56097412109375,48.86533737182617,32.30599594116211,90.16964721679688,82.81813049316406,14.533072471618652,115.80000305175781,58.57752990722656
2018-10-31,240.0983428955078,49.22789001464844,32.65623474121094,89.71151733398438,82.61288452148438,14.338621139526367,115.1500015258789,57.89011001586914
2018-11-01,242.6534423828125,49.85840606689453,33.8237190246582,89.79464721679688,82.68365478515625,14.237167358398438,116.62999725341797,58.163604736328125
2018-11-02,241.21620178222656,49.92934036254883,34.04054260253906,88.6782455444336,82.22309112548828,14.203351974487305,116.6500015258789,57.68315124511719
2018-11-05,242.54693603515625,49.92934036254883,34.13227081298828,89.0266342163086,82.27243041992188,14.19489860534668,116.37000274658203,58.54057312011719
2018-11-06,244.081787109375,50.13425827026367,34.07390213012695,88.97122955322266,82.18193817138672,14.13571548461914,116.04000091552734,58.836219787597656
2018-11-07,249.30734252929688,50.80418395996094,34.71602249145508,89.08997344970703,82.18193817138672,14.101900100708008,116.02999877929688,59.53841018676758
2018-11-08,248.8548583984375,50.30765151977539,33.81538009643555,89.08206939697266,82.06682586669922,14.017354011535645,115.77999877929688,59.582767486572266
2018-11-09,246.42401123046875,49.97663116455078,33.18994903564453,89.74715423583984,82.3875503540039,13.865177154541016,114.4800033569336,59.575374603271484
2018-11-12,241.8195343017578,49.15695571899414,32.722957611083984,90.33305358886719,82.63428497314453,13.83135986328125,113.66000366210938,59.69364547729492
2018-11-13,241.36703491210938,49.369754791259766,33.09821319580078,90.27764129638672,82.70008087158203,13.450911521911621,113.69999694824219,59.634490966796875
2018-11-14,239.71681213378906,49.409156799316406,33.2983512878418,90.33305358886719,82.87281799316406,13.5692720413208,114.63999938964844,59.486671447753906
2018-11-15,242.21871948242188,49.56679153442383,34.04054260253906,90.29351806640625,82.93040466308594,13.543910026550293,114.7699966430664,59.080135345458984
2018-11-16,242.8486328125,49.62196350097656,34.107261657714844,90.81603240966797,83.18537139892578,13.62845516204834,115.62000274658203,59.715797424316406
2018-11-19,238.74093627929688,49.1884765625,33.64859390258789,91.06942749023438,83.30876159667969,13.62845516204834,115.66999816894531,59.79710006713867
2018-11-20,234.32275390625,48.337276458740234,32.92308807373047,91.10103607177734,83.29228973388672,13.214189529418945,115.66999816894531,59.18360900878906
2018-11-21,235.12123107910156,49.01509094238281,33.5318603515625,91.06942749023438,83.2758560180664,13.324097633361816,115.86000061035156,59.23535919189453
2018-11-23,233.55088806152344,48.69194412231445,33.13991165161133,91.1644287109375,83.32518005371094,12.935195922851562,115.7699966430664,59.117095947265625
2018-11-26,237.32139587402344,49.4249267578125,33.54853439331055,90.95858764648438,83.25940704345703,12.994375228881836,115.63999938964844,59.22796630859375
2018-11-27,238.11993408203125,49.23577117919922,33.78202438354492,91.06151580810547,83.34164428710938,12.943649291992188,114.94999694824219,59.47929382324219
2018-11-28,243.60269165039062,49.937225341796875,34.5909309387207,90.61808013916016,83.33342742919922,12.90137767791748,115.37999725341797,60.011470794677734
2018-11-29,243.07040405273438,49.68501663208008,34.29071807861328,90.97444152832031,83.5472183227539,12.985921859741211,115.73999786376953,60.0262565612793
2018-11-30,244.5519256591797,49.47221755981445,34.257362365722656,91.31487274169922,83.7117691040039,12.926740646362305,115.54000091552734,60.59539031982422
2018-12-03,247.79019165039062,50.126373291015625,34.94950485229492,91.96324157714844,83.89476013183594,13.222643852233887,116.41000366210938,60.92061996459961
2018-12-04,239.76123046875,48.825927734375,34.20731735229492,93.50283813476562,84.28209686279297,13.231098175048828,117.12000274658203,60.01885986328125
2018-12-06,239.39747619628906,48.36881637573242,33.890438079833984,93.79649353027344,84.49636840820312,13.121191024780273,117.13999938964844,61.504547119140625
2018-12-07,233.83482360839844,47.88014602661133,33.25666809082031,93.97107696533203,84.7436294555664,13.273370742797852,118.08999633789062,60.69887924194336
2018-12-10,234.27845764160156,47.50971984863281,32.90640640258789,94.35990905761719,84.79305267333984,13.062010765075684,117.68000030517578,60.30711364746094
2018-12-11,234.33168029785156,47.65946960449219,33.156585693359375,94.34406280517578,84.57880401611328,13.138100624084473,117.54000091552734,60.33668518066406
2018-12-12,235.5116424560547,48.36091613769531,33.698646545410156,93.92344665527344,84.3480224609375,13.09582805633545,117.79000091552734,59.40538024902344
2018-12-13,235.43177795410156,48.27422332763672,33.6902961730957,93.7011947631836,84.39750671386719,13.26491641998291,117.52999877929688,59.74871063232422
2018-12-14,231.08457946777344,47.65158462524414,33.2149658203125,94.02667236328125,84.52936553955078,13.062010765075684,117.05999755859375,59.576663970947266
2018-12-17,226.55101013183594,47.27328109741211,32.90640640258789,94.5741958618164,84.776611328125,12.909832954406738,117.87000274658203,57.33269500732422
2018-12-18,226.3026580810547,47.31150436401367,33.129878997802734,95.14059448242188,84.98556518554688,12.639291763305664,118.1500015258789,57.92362594604492
2018-12-19,222.91360473632812,46.8574333190918,32.57968521118164,96.39745330810547,85.2829360961914,12.690017700195312,117.43000030517578,57.28783416748047
2018-12-20,219.28501892089844,46.66624450683594,32.8336181640625,96.0474624633789,85.17550659179688,12.571657180786133,119.23999786376953,56.42767333984375
2018-12-21,214.79200744628906,45.853694915771484,32.605079650878906,96.03157806396484,85.24982452392578,12.461750030517578,118.72000122070312,55.642276763916016
2018-12-24,209.11651611328125,45.319950103759766,32.30036163330078,96.50882720947266,85.46459197998047,12.323867797851562,120.0199966430664,53.660118103027344
2018-12-26,219.68214416503906,46.37149429321289,32.94365310668945,95.47470092773438,85.05989074707031,12.597921371459961,119.66000366210938,55.45528793334961
2018-12-27,221.3687286376953,46.50691604614258,32.90133285522461,95.49063110351562,85.27464294433594,12.478021621704102,120.56999969482422,55.447784423828125
2018-12-28,221.08311462402344,46.753868103027344,33.21451950073242,96.29402160644531,85.73713684082031,12.375251770019531,121.05999755859375,55.6273307800293
2018-12-31,223.01954650878906,46.8255729675293,33.062156677246094,96.65996551513672,86.05925750732422,12.40950870513916,121.25,55.77690505981445
2019-01-02,223.2515411376953,46.72997283935547,33.14680480957031,97.16909790039062,86.240966796875,12.443764686584473,121.33000183105469,54.56517791748047
2019-01-03,217.92420959472656,46.307769775390625,32.545833587646484,98.27481842041016,86.92644500732422,12.54653549194336,122.43000030517578,54.9466552734375
2019-01-04,225.2236785888672,47.72575759887695,33.59541320800781,97.13726806640625,86.22441864013672,12.717819213867188,121.44000244140625,55.589908599853516
2019-01-07,226.99949645996094,47.90897750854492,33.67160415649414,96.8509292602539,85.98489379882812,12.812026023864746,121.86000061035156,56.13593673706055
2019-01-08,229.13226318359375,48.219661712646484,33.79856872558594,96.59635162353516,85.77017974853516,12.9404878616333,121.52999877929688,57.2952995300293
2019-01-09,230.203125,48.7613639831543,34.39955139160156,96.4451904296875,85.81974029541016,13.19741439819336,122.30999755859375,57.213035583496094
2019-01-10,231.01516723632812,48.95255661010742,34.6450080871582,95.82470703125,85.7784652709961,13.16315746307373,121.58999633789062,57.99092483520508
2019-01-11,231.1044464111328,48.61796569824219,34.47572708129883,96.1985855102539,86.0344467163086,13.120335578918457,121.80000305175781,58.15550231933594
2019-01-14,229.6944122314453,48.39491653442383,34.187931060791016,95.84060668945312,85.98489379882812,13.009001731872559,122.08999633789062,57.960994720458984
2019-01-15,232.3269500732422,48.64984130859375,34.4249382019043,95.49063110351562,85.90232849121094,13.111771583557129,121.87999725341797,58.51451110839844
2019-01-16,232.8890838623047,48.78527069091797,34.84815979003906,95.58607482910156,85.85279083251953,13.180285453796387,122.2699966430664,58.92591857910156
2019-01-17,234.65594482421875,48.96052169799805,35.000518798828125,95.60992431640625,85.69583129882812,13.188849449157715,122.11000061035156,59.21015167236328
2019-01-18,237.77923583984375,49.45443344116211,35.1698112487793,95.10877990722656,85.42329406738281,13.325878143310547,121.0199966430664,59.41209411621094
2019-01-22,234.5666961669922,48.689674377441406,34.560367584228516,95.75310516357422,85.7206039428711,13.231671333312988,121.44999694824219,59.23259735107422
2019-01-23,235.05758666992188,48.91272735595703,34.91587829589844,95.71333312988281,85.6793441772461,13.214542388916016,121.27999877929688,59.24006271362305
2019-01-24,235.18247985839844,48.96849060058594,35.254451751708984,96.34181213378906,85.95184326171875,13.248799324035645,121.08999633789062,59.442020416259766
2019-01-25,237.17245483398438,49.526126861572266,35.719993591308594,95.88043212890625,85.7536392211914,13.317314147949219,122.86000061035156,60.18251419067383
2019-01-28,235.36988830566406,49.25527572631836,35.347557067871094,95.78495025634766,85.7784652709961,13.137466430664062,123.29000091552734,60.7734260559082
2019-01-29,235.05758666992188,49.36680221557617,35.40681076049805,96.27020263671875,86.0262222290039,13.265928268432617,123.9800033569336,61.25212860107422
2019-01-30,238.77870178222656,49.90850830078125,36.17708206176758,96.1985855102539,86.22441864013672,13.360133171081543,124.69000244140625,61.74580001831055
2019-01-31,240.8757781982422,49.93240737915039,36.48179626464844,97.02593231201172,86.62090301513672,13.291620254516602,124.75,62.38905715942383
2019-02-01,240.9917755126953,49.916473388671875,36.194007873535156,96.4399185180664,86.15740966796875,13.411519050598145,124.5,61.99263381958008
2019-02-04,242.6873321533203,50.09968948364258,36.25326919555664,96.0093765258789,85.967041015625,13.420083045959473,123.95999908447266,62.456398010253906
2019-02-05,243.70460510253906,50.49003982543945,36.752655029296875,96.44786071777344,86.11598205566406,13.360133171081543,124.27999877929688,62.815399169921875
2019-02-06,243.3833465576172,50.23512649536133,36.25326919555664,96.49571228027344,86.18219757080078,13.377262115478516,123.44000244140625,62.404014587402344
2019-02-07,241.06317138671875,49.56595993041992,35.8892936706543,97.13355255126953,86.46363830566406,13.248799324035645,123.73999786376953,62.92013931274414
2019-02-08,241.35763549804688,49.406639099121094,35.686134338378906,97.548095703125,86.57947540283203,13.265928268432617,124.20999908447266,62.92013931274414
2019-02-11,241.4915008544922,49.358829498291016,35.56764221191406,97.16543579101562,86.44705200195312,13.188849449157715,123.5999984741211,63.09217071533203
2019-02-12,244.59690856933594,49.93240737915039,35.86389923095703,96.91825866699219,86.3311767578125,13.265928268432617,123.86000061035156,62.69572830200195
2019-02-13,245.39108276367188,49.94036865234375,35.60995864868164,96.55152893066406,86.11598205566406,13.34300422668457,123.37000274658203,63.017372131347656
2019-02-14,244.84678649902344,49.956298828125,35.677677154541016,97.10164642333984,86.52153778076172,13.377262115478516,124.05999755859375,63.21931457519531
2019-02-15,247.51495361328125,50.68122863769531,35.626888275146484,97.25315856933594,86.43875885009766,13.62562370300293,124.80000305175781,63.64565658569336
2019-02-19,247.9432830810547,50.87242126464844,35.90621566772461,97.50031280517578,86.5877456665039,13.659879684448242,126.69999694824219,63.63071823120117
2019-02-20,248.44297790527344,51.01582336425781,36.10935974121094,97.22124481201172,86.5711898803711,13.7027006149292,126.4800033569336,63.234283447265625
2019-02-21,247.55963134765625,50.91225051879883,36.03317642211914,96.35218811035156,86.31468963623047,13.745521545410156,125.05000305175781,63.29412841796875
2019-02-22,249.09445190429688,51.07954025268555,36.43101119995117,96.9262924194336,86.5711898803711,13.779778480529785,125.5,63.668121337890625
2019-02-25,249.43353271484375,51.23090362548828,36.83730697631836,96.63922119140625,86.43875885009766,13.574239730834961,125.37000274658203,63.16697692871094
2019-02-26,249.25502014160156,51.47785949707031,36.7103385925293,97.1175765991211,86.6953353881836,13.634187698364258,125.58000183105469,62.97248077392578
2019-02-27,249.14797973632812,51.27073287963867,36.397151947021484,96.01734161376953,86.38911437988281,13.7027006149292,124.69000244140625,62.65833282470703
2019-02-28,248.6838836669922,51.199039459228516,35.92314147949219,95.6904525756836,86.1656723022461,13.668444633483887,123.98999786376953,62.82288360595703
2019-03-01,250.2366180419922,51.47785949707031,35.96546936035156,94.80597686767578,85.8829116821289,13.514288902282715,121.87999725341797,62.62843322753906
2019-03-04,249.32638549804688,51.28666687011719,36.01625061035156,95.5490493774414,86.14825439453125,13.557110786437988,121.55999755859375,62.91264724731445
2019-03-05,248.98736572265625,51.3344612121582,36.371761322021484,95.74877166748047,86.19799041748047,13.62562370300293,121.72000122070312,63.084693908691406
2019-03-06,247.47926330566406,51.20699691772461,36.16861343383789,96.10031127929688,86.4384536743164,13.548545837402344,121.61000061035156,62.79297637939453
2019-03-07,245.40895080566406,50.553768157958984,35.49992370605469,96.72354125976562,86.72869873046875,13.514288902282715,121.51000213623047,62.65833282470703
2019-03-08,244.9181365966797,50.561744689941406,35.24599075317383,97.13102722167969,86.85309600830078,13.505724906921387,122.83999633789062,62.72563552856445
2019-03-11,248.46974182128906,50.999874114990234,35.90621566772461,96.84335327148438,86.78675079345703,13.522852897644043,122.23999786376953,63.64565658569336
2019-03-12,249.40672302246094,50.968017578125,36.09243392944336,97.52249908447266,87.02722930908203,13.608495712280273,122.9800033569336,63.9373664855957
2019-03-13,251.05767822265625,51.406158447265625,36.1347541809082,97.33875274658203,86.99407196044922,13.694136619567871,123.83999633789062,64.25155639648438
2019-03-14,250.89707946777344,51.398189544677734,35.94007873535156,96.63561248779297,86.86969757080078,13.634187698364258,122.41000366210938,64.34877014160156
2019-03-15,252.1366424560547,51.95583724975586,36.464881896972656,97.27483367919922,87.143310546875,13.634187698364258,122.97000122070312,64.14682006835938
2019-03-18,253.0507354736328,52.13904571533203,36.87116622924805,97.2188720703125,87.02722930908203,13.7027006149292,123.04000091552734,63.82517623901367
2019-03-19,253.1134796142578,52.242610931396484,36.888099670410156,97.00318908691406,86.96918487548828,13.736959457397461,123.37999725341797,63.63071823120117
2019-03-20,252.35166931152344,52.266510009765625,36.947349548339844,98.01786804199219,87.57449340820312,13.839727401733398,124.18000030517578,63.82517623901367
2019-03-21,255.20191955566406,52.23464584350586,36.998130798339844,98.23355865478516,87.53304290771484,13.771215438842773,123.68000030517578,64.96211242675781
2019-03-22,250.29017639160156,51.23090362548828,35.914676666259766,99.75959777832031,88.17981719970703,13.651315689086914,123.97000122070312,64.49088287353516
2019-03-25,250.10202026367188,51.3026008605957,35.99932098388672,99.91940307617188,88.40377807617188,13.7027006149292,124.91999816894531,64.57317352294922
2019-03-26,251.96633911132812,51.55751419067383,36.10935974121094,99.8475112915039,88.3291015625,13.728395462036133,124.30000305175781,65.08926391601562
2019-03-27,250.64877319335938,51.5814094543457,35.719993591308594,100.76630401611328,88.586181640625,13.651315689086914,123.6500015258789,64.90225982666016
2019-03-28,251.59886169433594,51.45395278930664,35.95699691772461,101.11782836914062,88.59442138671875,13.608495712280273,121.9000015258789,65.53205108642578
2019-03-29,253.18527221679688,51.66904067993164,36.32943344116211,101.02198791503906,88.45348358154297,13.617058753967285,122.01000213623047,65.4718017578125
2019-04-01,256.1878967285156,52.33025360107422,36.930416107177734,99.58707427978516,87.84524536132812,13.745521545410156,121.52999877929688,65.43412780761719
2019-04-02,256.3132019042969,52.34617233276367,36.811912536621094,99.77120971679688,87.99480438232422,13.779778480529785,121.9800033569336,65.89366149902344
2019-04-03,256.7166748046875,52.752464294433594,37.06584548950195,98.90642547607422,87.72063446044922,13.796907424926758,121.80000305175781,65.81832122802734
2019-04-04,257.3977355957031,52.64093017578125,37.29439163208008,99.18668365478516,87.8120346069336,13.805473327636719,122.11000061035156,65.71285247802734
2019-04-05,258.6436767578125,52.77635192871094,37.58218002319336,99.31480407714844,87.85360717773438,13.84829330444336,121.9800033569336,66.17236328125
2019-04-08,258.8407897949219,52.8082160949707,37.58218002319336,98.96250915527344,87.71232604980469,13.899678230285645,122.51000213623047,65.80326843261719
2019-04-09,257.5143737792969,52.47364044189453,37.50600814819336,99.27481079101562,87.87018585205078,13.873985290527344,123.1500015258789,65.45672607421875
2019-04-10,258.3927001953125,52.672794342041016,37.683753967285156,99.51504516601562,88.07792663574219,13.993884086608887,123.52999877929688,66.05938720703125
2019-04-11,258.321044921875,52.56126022338867,37.2774543762207,98.93048095703125,87.87846374511719,13.925369262695312,121.94999694824219,66.01421356201172
2019-04-12,260.06884765625,52.92771530151367,37.54832077026367,98.22583770751953,87.4713363647461,13.968191146850586,121.83000183105469,66.3305892944336
2019-04-15,259.8984680175781,52.95160675048828,37.35363006591797,98.47406005859375,87.58766174316406,13.942498207092285,121.5999984741211,65.9915771484375
2019-04-16,260.06884765625,52.991432189941406,37.63296890258789,97.8575210571289,87.28856658935547,13.891112327575684,120.51000213623047,64.49999237060547
2019-04-17,259.43243408203125,53.14280700683594,37.743003845214844,97.89752960205078,87.30516815185547,13.839727401733398,120.27999877929688,63.91239547729492
2019-04-18,259.9432373046875,53.110931396484375,37.71761703491211,98.4100112915039,87.51288604736328,13.882549285888672,120.37000274658203,64.40204620361328
2019-04-22,260.1673889160156,53.02330780029297,37.472137451171875,97.93756866455078,87.38825225830078,13.951064109802246,120.37000274658203,63.693931579589844
2019-04-23,262.50677490234375,53.12687301635742,37.55678939819336,98.14575958251953,87.54612731933594,13.968191146850586,120.12000274658203,64.53767395019531
2019-04-24,261.9241027832031,52.76042175292969,37.048919677734375,98.9465103149414,87.87846374511719,13.9168062210083,120.47000122070312,65.01226806640625
2019-04-25,261.7627258300781,52.72058868408203,36.998130798339844,98.80236053466797,87.77046203613281,13.891112327575684,120.56999969482422,64.87666320800781
2019-04-26,262.98175048828125,52.935672760009766,37.142024993896484,99.13868713378906,88.00311279296875,13.728395462036133,121.37000274658203,65.3889389038086
2019-04-29,263.39404296875,53.15077209472656,37.21821212768555,98.50611877441406,87.8203353881836,13.736959457397461,120.83000183105469,64.74861907958984
2019-04-30,263.5283203125,53.1826286315918,37.184356689453125,99.01053619384766,87.99480438232422,13.779778480529785,121.19999694824219,65.36631774902344
2019-05-01,261.5477600097656,52.879913330078125,36.90502166748047,99.41896057128906,87.9548568725586,13.736959457397461,120.4000015258789,65.41905975341797
2019-05-02,260.9831237792969,52.800254821777344,36.98966979980469,98.9455795288086,87.70507049560547,13.582801818847656,119.94000244140625,65.48684692382812
2019-05-03,263.53741455078125,53.36585235595703,37.4298210144043,99.22639465332031,87.82161712646484,13.5913667678833,120.6500015258789,66.0443344116211
2019-05-06,262.45294189453125,52.76042175292969,36.6595458984375,99.49921417236328,88.04647064208984,13.634187698364258,120.80999755859375,65.83338928222656
2019-05-07,258.0700988769531,51.83633804321289,35.94007873535156,100.26153564453125,88.34619140625,13.462904930114746,121.20999908447266,64.64312744140625
2019-05-08,257.71148681640625,51.90007019042969,35.8892936706543,99.82821655273438,88.17961120605469,13.480031967163086,120.91000366210938,64.57533264160156
2019-05-09,256.93182373046875,51.66108322143555,35.32217025756836,100.23743438720703,88.41282653808594,13.411519050598145,121.19999694824219,64.74105834960938
2019-05-10,258.22247314453125,52.043460845947266,35.53378677368164,100.1010513305664,88.35448455810547,13.437211036682129,121.43000030517578,65.43412780761719
2019-05-13,251.7333221435547,50.83259582519531,34.3487548828125,100.88740539550781,88.79579162597656,13.368697166442871,122.66999816894531,65.36631774902344
2019-05-14,254.0098419189453,51.34242630004883,34.83123016357422,100.59049987792969,88.71250915527344,13.548545837402344,122.45999908447266,65.60737609863281
2019-05-15,255.497802734375,51.525657653808594,34.898948669433594,101.2083740234375,88.99559020996094,13.668444633483887,122.38999938964844,66.05184936523438
2019-05-16,257.8638916015625,51.93989562988281,34.72966003417969,100.87132263183594,88.82076263427734,13.745521545410156,121.51000213623047,66.3155288696289
2019-05-17,256.1968688964844,51.59734344482422,34.10328674316406,101.09603881835938,88.86238098144531,13.617058753967285,120.6500015258789,66.18746948242188
2019-05-20,254.50279235839844,51.390235900878906,33.95939636230469,100.88740539550781,88.71250915527344,13.677009582519531,120.63999938964844,65.230712890625
2019-05-21,256.79736328125,51.7327766418457,34.39107894897461,100.7269058227539,88.61261749267578,13.685572624206543,120.36000061035156,65.78820037841797
2019-05-22,256.00860595703125,51.525657653808594,34.22178268432617,101.30464935302734,88.87904357910156,13.488595962524414,120.23999786376953,65.98405456542969
2019-05-23,252.88055419921875,51.05564498901367,33.78164291381836,102.444091796875,89.42024230957031,13.205978393554688,121.16999816894531,66.13472747802734
2019-05-24,253.45416259765625,51.605308532714844,33.815494537353516,102.5323486328125,89.39524841308594,13.385826110839844,121.30000305175781,66.33812713623047
2019-05-28,251.0968780517578,51.10344314575195,33.93399429321289,103.27057647705078,89.78656768798828,13.497160911560059,120.83000183105469,65.68273162841797
2019-05-29,249.411865234375,50.77682876586914,34.15407180786133,103.58348846435547,89.7532730102539,13.445775985717773,120.87000274658203,64.80886840820312
2019-05-30,250.09303283691406,50.968017578125,34.34027862548828,104.47418975830078,90.07794189453125,13.308748245239258,121.69000244140625,65.08004760742188
2019-05-31,246.7230224609375,50.5059814453125,34.45878982543945,105.78211212158203,90.67742156982422,12.95761775970459,123.33000183105469,65.45672607421875
2019-06-03,246.09559631347656,50.800724029541016,34.7719841003418,106.48967742919922,91.11370086669922,12.914796829223633,125.11000061035156,65.61492919921875
2019-06-04,251.4375,51.38225555419922,34.84815979003906,105.27552795410156,90.780029296875,12.991873741149902,125.1500015258789,65.32110595703125
2019-06-05,253.6154327392578,51.3663330078125,34.56883239746094,104.68058776855469,90.780029296875,12.726383209228516,125.47000122070312,66.6846694946289
2019-06-06,255.2646942138672,51.573448181152344,34.58576583862305,105.01825714111328,90.7633285522461,12.949051856994629,125.87999725341797,66.81271362304688
2019-06-07,257.8191223144531,52.226680755615234,34.856624603271484,105.92686462402344,91.1220474243164,12.991873741149902,126.58999633789062,67.0613021850586
2019-06-10,259.0021667480469,52.37006759643555,35.220603942871094,104.92984008789062,90.6716079711914,12.95761775970459,125.33000183105469,66.84286499023438
2019-06-11,258.9394836425781,52.63296127319336,35.618431091308594,104.99415588378906,90.6716079711914,13.043258666992188,125.18000030517578,67.02362823486328
2019-06-12,258.4823913574219,52.242610931396484,35.23753356933594,105.07456970214844,90.90514373779297,12.863410949707031,125.83000183105469,67.24964141845703
2019-06-13,259.54888916015625,52.29041290283203,35.178279876708984,105.43638610839844,91.13040161132812,13.026130676269531,126.5999984741211,67.53591918945312
2019-06-14,259.2621154785156,51.90803909301758,34.788909912109375,105.70173645019531,91.19713592529297,13.077516555786133,126.55999755859375,67.5735855102539
2019-06-17,259.3607482910156,51.94547653198242,34.92621612548828,105.88665771484375,91.1804428100586,13.017566680908203,126.4800033569336,68.29679107666016
2019-06-18,262.076416015625,52.63720703125,35.770599365234375,106.41734313964844,91.35567474365234,13.171721458435059,127.12000274658203,68.22897338867188
2019-06-19,262.6679992675781,52.962738037109375,36.06910705566406,106.57008361816406,91.60591888427734,13.14603042602539,127.88999938964844,68.59809875488281
2019-06-20,265.1777038574219,53.42660140991211,36.59790802001953,106.85151672363281,91.75609588623047,13.411519050598145,131.11000061035156,68.94463348388672
2019-06-21,264.7922058105469,53.1987419128418,36.47850036621094,105.67758178710938,91.38066101074219,13.445775985717773,131.97999572753906,67.97284698486328
2019-06-24,264.4679870605469,53.31267166137695,36.42732238769531,106.46556854248047,91.69767761230469,13.505724906921387,133.94000244140625,67.73931121826172
2019-06-25,261.8741455078125,52.99528503417969,36.05205535888672,106.79522705078125,91.83946990966797,13.548545837402344,134.1999969482422,66.73738098144531
2019-06-26,261.6128845214844,53.060386657714844,36.39320373535156,106.11177825927734,91.46411895751953,13.617058753967285,132.97000122070312,65.40399169921875
2019-06-27,262.5405578613281,53.19060134887695,36.649085998535156,106.85952758789062,91.73936462402344,13.617058753967285,132.83999633789062,66.2459487915039
2019-06-28,263.89154052734375,53.49171447753906,36.59790802001953,106.78722381591797,91.7811050415039,13.471467018127441,133.1999969482422,66.47410583496094
2019-07-01,266.2872619628906,53.743988037109375,37.03288650512695,106.53744506835938,91.66578674316406,13.462904930114746,130.6199951171875,66.44371032714844
2019-07-02,266.98077392578125,53.898616790771484,36.93906784057617,107.35918426513672,91.99170684814453,13.240235328674316,133.41000366210938,67.59976196289062
2019-07-03,269.1152648925781,54.264827728271484,36.87083435058594,108.12454986572266,92.16722869873047,13.368697166442871,133.6300048828125,68.40599060058594
2019-07-05,268.80914306640625,53.84978103637695,36.61496353149414,106.69052124023438,91.58222198486328,13.394392013549805,132.13999938964844,68.16260528564453
2019-07-08,267.33197021484375,53.54053497314453,36.39320373535156,106.8355484008789,91.49031829833984,13.377262115478516,131.2899932861328,68.40599060058594
2019-07-09,267.665283203125,53.31267166137695,36.28233337402344,106.79521179199219,91.4317855834961,13.420083045959473,131.75,68.63414001464844
2019-07-10,268.94415283203125,53.499839782714844,36.589378356933594,106.20713806152344,91.48194885253906,13.711265563964844,133.8300018310547,69.02964782714844
2019-07-11,269.5747375488281,53.48356628417969,36.52115249633789,104.78925323486328,91.03067016601562,13.719830513000488,132.6999969482422,68.13217163085938
2019-07-12,270.78155517578125,53.548675537109375,36.54673385620117,104.91004180908203,91.1309585571289,13.754085540771484,133.52999877929688,68.04090118408203
2019-07-15,270.8716125488281,53.597503662109375,36.683197021484375,105.5142822265625,91.32315826416016,13.608495712280273,133.52999877929688,67.9876480102539
2019-07-16,269.99798583984375,53.37777328491211,36.632022857666016,105.20010375976562,91.12257385253906,13.462904930114746,132.39999389648438,67.82794189453125
2019-07-17,268.1605529785156,53.304534912109375,36.52115249633789,106.33604431152344,91.54878997802734,13.34300422668457,134.5800018310547,67.59976196289062
2019-07-18,269.1423645019531,53.467288970947266,36.74290466308594,106.3441390991211,91.77442932128906,13.248799324035645,136.47999572753906,67.59976196289062
2019-07-19,267.647216796875,53.31267166137695,36.555259704589844,106.0943374633789,91.60729217529297,13.325878143310547,134.47000122070312,66.4969253540039
2019-07-22,268.3046875,53.3696403503418,36.56378936767578,106.29570770263672,91.64905548095703,13.28305721282959,134.4499969482422,66.43609619140625
2019-07-23,270.22320556640625,53.70329284667969,36.6064338684082,105.71568298339844,91.49866485595703,13.368697166442871,133.69000244140625,67.18904113769531
2019-07-24,271.4931640625,53.743988037109375,36.66614532470703,106.17494201660156,91.63236999511719,13.308748245239258,134.3699951171875,67.2423095703125
2019-07-25,270.1961364746094,53.1987419128418,36.342037200927734,105.66736602783203,91.47357177734375,13.257362365722656,133.4199981689453,66.8468017578125
2019-07-26,272.0064697265625,53.304534912109375,36.418800354003906,105.91709899902344,91.45687103271484,13.274492263793945,133.63999938964844,67.15104675292969
2019-07-29,271.5111083984375,53.41845703125,36.35056686401367,105.94934844970703,91.54042053222656,13.325878143310547,134.52999877929688,67.33356475830078
2019-07-30,270.8446044921875,52.79997253417969,36.06910705566406,106.20713806152344,91.58222198486328,13.402955055236816,134.97999572753906,67.87357330322266
2019-07-31,267.8814392089844,52.450035095214844,35.62560272216797,107.06111145019531,91.81620025634766,13.317314147949219,133.2100067138672,67.60737609863281
2019-08-01,265.5487976074219,52.303531646728516,34.92621612548828,109.18743133544922,92.85761260986328,12.949051856994629,136.41000366210938,67.60737609863281
2019-08-02,263.5493469238281,51.83967590332031,34.5850715637207,110.19645690917969,93.0501708984375,12.966181755065918,135.88999938964844,67.9344253540039
2019-08-05,255.62347412109375,50.545719146728516,33.30571746826172,112.10153198242188,93.8538818359375,12.854846000671387,137.7899932861328,66.59579467773438
2019-08-06,259.2080993652344,50.887516021728516,33.7833366394043,112.9975357055664,94.0045166015625,12.786334037780762,138.91000366210938,67.33356475830078
2019-08-07,259.3612365722656,51.08283615112305,33.93686294555664,113.03787994384766,94.0045166015625,12.623612403869629,141.02000427246094,67.9876480102539
2019-08-08,264.4500732421875,51.57925796508789,34.35478210449219,113.28010559082031,94.01287841796875,12.692126274108887,141.72999572753906,69.1817626953125
2019-08-09,262.6486511230469,51.2211799621582,34.00509262084961,113.05408477783203,93.87057495117188,12.803461074829102,141.25999450683594,69.09810638427734
2019-08-12,259.4512634277344,50.814273834228516,33.595706939697266,115.41117095947266,94.46495819091797,12.709254264831543,142.6300048828125,68.91556549072266
2019-08-13,263.48626708984375,51.29441452026367,34.022159576416016,115.01567840576172,94.13009643554688,13.009001731872559,141.77999877929688,69.01441192626953
2019-08-14,255.69564819335938,49.88652420043945,33.041324615478516,117.60694122314453,94.75797271728516,12.812026023864746,142.75,67.96485137939453
2019-08-15,256.3710632324219,50.05743408203125,33.26308059692383,118.91456604003906,95.3607406616211,12.709254264831543,143.6999969482422,68.64173126220703
2019-08-16,260.1538391113281,50.65965270996094,33.723636627197266,117.96209716796875,95.1095962524414,12.700691223144531,142.77999877929688,69.34907531738281
2019-08-19,263.2880859375,50.96890640258789,33.86009979248047,116.27495574951172,94.65752410888672,12.760641098022461,141.11000061035156,69.85107421875
2019-08-20,261.2706604003906,50.797996520996094,33.9283332824707,117.47774505615234,95.07610321044922,12.79489803314209,142.2100067138672,69.356689453125
2019-08-21,263.3962097167969,51.156070709228516,34.252437591552734,116.69477081298828,94.82498168945312,12.837718963623047,141.75999450683594,69.64570617675781
2019-08-22,263.3150329589844,51.05841827392578,33.80892562866211,115.9197769165039,94.61565399169922,12.777769088745117,141.39999389648438,69.96515655517578
2019-08-23,256.55120849609375,50.423641204833984,33.30571746826172,117.8248519897461,95.25189971923828,12.683563232421875,144.1699981689453,68.98397827148438
2019-08-26,259.38824462890625,50.838687896728516,33.484832763671875,117.34854125976562,95.15980529785156,12.674999237060547,144.19000244140625,69.51641082763672
2019-08-27,258.37054443359375,50.797996520996094,33.544532775878906,119.1568603515625,95.57002258300781,12.760641098022461,145.57000732421875,69.31865692138672
2019-08-28,260.1899719238281,50.797996520996094,33.638343811035156,119.31022644042969,95.60350799560547,12.871973991394043,145.16000366210938,69.54684448242188
2019-08-29,263.51324462890625,51.23745346069336,34.01362609863281,118.85812377929688,95.41934967041016,12.906232833862305,144.1199951171875,70.08683013916016
2019-08-30,263.3962097167969,51.4409065246582,34.27801513671875,118.89042663574219,95.44445037841797,12.700691223144531,143.75,70.14007568359375
2019-09-03,261.8560791015625,51.3432502746582,34.06480026245117,119.04409790039062,95.6540756225586,12.632177352905273,145.75,70.83979797363281
2019-09-04,264.8282165527344,52.06753921508789,34.6362419128418,119.2219467163086,95.8050308227539,12.931923866271973,146.66000366210938,71.43305206298828
2019-09-05,268.2327880859375,52.344234466552734,35.02857208251953,117.06285858154297,95.03355407714844,12.914796829223633,143.13999938964844,70.91586303710938
2019-09-06,268.4397888183594,52.51512908935547,35.18210220336914,117.89578247070312,95.09224700927734,12.949051856994629,141.9199981689453,71.0755844116211
2019-09-09,268.5748596191406,52.66976547241211,35.292972564697266,115.8012924194336,94.50526428222656,13.068951606750488,141.38999938964844,70.73331451416016
2019-09-10,268.51190185546875,52.759281158447266,35.31856155395508,113.77156066894531,93.81765747070312,13.086080551147461,140.17999267578125,70.00316619873047
2019-09-11,270.4212341308594,53.05225372314453,35.565895080566406,113.56938171386719,93.72538757324219,12.991873741149902,141.02999877929688,70.07923126220703
2019-09-12,271.3580017089844,53.36149597167969,35.82176971435547,112.82543182373047,93.51573944091797,12.9404878616333,141.32000732421875,70.451904296875
2019-09-13,271.1778564453125,53.6626091003418,36.026466369628906,110.41556549072266,92.66046142578125,12.9404878616333,140.14999389648438,69.69894409179688
2019-09-16,270.3402404785156,53.18246078491211,35.7450065612793,111.82266235351562,93.0629653930664,13.514288902282715,141.32000732421875,70.30741882324219
2019-09-17,271.024658203125,53.36149597167969,35.7450065612793,112.42916107177734,93.30613708496094,13.257362365722656,141.60000610351562,71.06797790527344
2019-09-18,271.1868591308594,53.296390533447266,35.600013732910156,112.90628814697266,93.33967590332031,13.171721458435059,140.7100067138672,70.8246078491211
2019-09-19,271.1687927246094,53.475433349609375,35.45502471923828,113.24593353271484,93.38160705566406,13.240235328674316,141.27999877929688,71.0755844116211
2019-09-20,269.8875732421875,53.353363037109375,35.48914337158203,114.74197387695312,93.91828155517578,13.257362365722656,142.9499969482422,71.0755844116211
2019-09-23,269.82427978515625,53.21501159667969,35.523250579833984,114.71773529052734,94.05247497558594,13.291620254516602,143.75,71.18965911865234
2019-09-24,267.70697021484375,53.011558532714844,35.147972106933594,116.10053253173828,94.52201843261719,13.137466430664062,144.50999450683594,71.03173065185547
2019-09-25,269.2904052734375,52.856929779052734,35.12239074707031,114.40233612060547,93.90150451660156,13.06038761138916,141.8300018310547,71.16975402832031
2019-09-26,268.72943115234375,53.05225372314453,35.113868713378906,115.1381607055664,94.10275268554688,13.06038761138916,141.7899932861328,71.76774597167969
2019-09-27,267.28173828125,52.87321472167969,34.661827087402344,115.42123413085938,94.23690795898438,13.009001731872559,141.05999755859375,71.36906433105469
2019-09-30,268.5213317871094,53.06852340698242,34.85799026489258,115.70426940917969,94.31243896484375,12.880538940429688,138.8699951171875,71.49174499511719
2019-10-01,265.32733154296875,52.54767990112305,34.610652923583984,116.05256652832031,94.57355499267578,12.871973991394043,139.6300048828125,70.81708526611328
2019-10-02,260.640380859375,51.47345733642578,34.34626007080078,116.33613586425781,94.90111541748047,12.760641098022461,141.25999450683594,70.51806640625
2019-10-03,262.7757568359375,51.81525421142578,34.78976058959961,117.39733123779297,95.3966064453125,12.743513107299805,141.89999389648438,71.2004165649414
2019-10-04,266.3316955566406,52.22216033935547,34.94328689575195,118.26407623291016,95.58135223388672,12.846282005310059,141.89999389648438,71.62975311279297
2019-10-07,265.1824951171875,52.15705490112305,34.65330123901367,117.28388214111328,95.26225280761719,12.829154014587402,140.69000244140625,71.4764175415039
2019-10-08,261.0656433105469,51.66877365112305,34.40596008300781,117.5998306274414,95.46378326416016,12.820590019226074,141.9199981689453,71.10073852539062
2019-10-09,263.544921875,52.04312515258789,34.67036437988281,116.93559265136719,95.22025299072266,12.854846000671387,142.0500030517578,71.23873901367188
2019-10-10,265.32733154296875,52.40934753417969,35.02857208251953,115.1939468383789,94.62395477294922,12.9404878616333,140.80999755859375,71.35374450683594
2019-10-11,268.07794189453125,53.3452262878418,35.59148406982422,113.76813507080078,93.97731018066406,13.094643592834473,140.02999877929688,71.32306671142578
2019-10-14,267.7794189453125,53.12548828125,35.437965393066406,114.59441375732422,94.23766326904297,13.03469467163086,140.58999633789062,71.35374450683594
2019-10-15,270.4305419921875,53.743988037109375,35.753536224365234,113.20926666259766,93.7841567993164,13.00043773651123,139.61000061035156,71.44573974609375
2019-10-16,269.9961853027344,53.82536697387695,35.85588836669922,113.3469009399414,93.96891021728516,13.017566680908203,140.41000366210938,71.45342254638672
2019-10-17,270.79241943359375,53.9555778503418,35.99235153198242,113.07154083251953,93.93531036376953,13.068951606750488,140.61000061035156,71.92106628417969
2019-10-18,269.60711669921875,53.93116760253906,35.804718017578125,113.07154083251953,94.0193099975586,13.06038761138916,140.4600067138672,72.47306823730469
2019-10-21,271.4347839355469,54.22414016723633,36.12881851196289,112.22093963623047,93.67498016357422,13.043258666992188,139.7899932861328,73.02507019042969
2019-10-22,270.5482482910156,54.093929290771484,36.15440368652344,112.87708282470703,93.89330291748047,13.06038761138916,140.1999969482422,72.8104019165039
2019-10-23,271.3353271484375,54.386898040771484,36.162933349609375,112.99044036865234,93.92691040039062,13.223106384277344,140.52999877929688,72.97140502929688
2019-10-24,271.7787170410156,54.484554290771484,36.162933349609375,112.76362609863281,93.91011047363281,13.291620254516602,141.52999877929688,72.78740692138672
2019-10-25,272.89154052734375,54.54151916503906,36.418800354003906,112.21277618408203,93.70856475830078,13.368697166442871,141.86000061035156,72.16639709472656
2019-10-28,274.4298095703125,54.78565979003906,36.632022857666016,111.19210052490234,93.35582733154297,13.317314147949219,140.63999938964844,71.72940063476562
2019-10-29,274.3483581542969,54.76939010620117,36.44438171386719,111.26502227783203,93.43983459472656,13.291620254516602,140.25,72.16639709472656
2019-10-30,275.1898498535156,54.99726486206055,36.6064338684082,112.89330291748047,93.89330291748047,13.205978393554688,141.02000427246094,72.42707061767578
2019-10-31,274.4568786621094,54.867042541503906,36.31645584106445,114.4162368774414,94.48957061767578,13.128899574279785,142.42999267578125,72.29672241210938
2019-11-01,276.99932861328125,55.355323791503906,36.862308502197266,114.06407928466797,94.31130981445312,13.368697166442871,142.55999755859375,72.28140258789062
2019-11-04,278.11236572265625,55.64017105102539,37.229061126708984,112.56277465820312,93.83184814453125,13.454339981079102,142.14999389648438,71.77542877197266
2019-11-05,277.8047790527344,55.534366607666016,37.44227981567383,111.29681396484375,93.32721710205078,13.488595962524414,139.85000610351562,70.55640411376953
2019-11-06,277.86810302734375,55.509952545166016,37.322872161865234,111.9703598022461,93.59636688232422,13.34300422668457,140.4499969482422,70.70976257324219
2019-11-07,278.8452453613281,55.680850982666016,37.59580612182617,109.94161224365234,92.84782409667969,13.334441184997559,138.27000427246094,70.0044174194336
2019-11-08,279.53289794921875,55.6483039855957,37.254642486572266,109.47905731201172,92.72160339355469,13.368697166442871,137.38999938964844,69.83573913574219
2019-11-11,278.99908447265625,55.57505798339844,36.990238189697266,109.55209350585938,92.82257080078125,13.28305721282959,137.05999755859375,69.98908996582031
2019-11-12,279.5872802734375,55.59946823120117,36.751434326171875,110.05525970458984,92.86463165283203,13.291620254516602,137.42999267578125,69.46005249023438
2019-11-13,279.6776428222656,55.40415573120117,36.469970703125,110.7694091796875,93.1169204711914,13.317314147949219,137.97999572753906,70.09638977050781
2019-11-14,280.08489990234375,55.249534606933594,36.49555587768555,111.9135513305664,93.58792877197266,13.274492263793945,138.55999755859375,70.64073944091797
2019-11-15,282.1116027832031,55.59946823120117,36.78554916381836,111.79183197021484,93.51226043701172,13.34300422668457,138.2100067138672,71.0240707397461
2019-11-18,282.31976318359375,55.66457748413086,36.72584533691406,111.9947280883789,93.67206573486328,13.205978393554688,138.6199951171875,71.36906433105469
2019-11-19,282.23828125,55.591331481933594,36.802608489990234,112.92794036865234,93.84870910644531,13.086080551147461,138.69000244140625,71.49174499511719
2019-11-20,281.1886901855469,55.241397857666016,36.64055252075195,114.0964584350586,94.19353485107422,13.257362365722656,138.75999450683594,71.45342254638672
2019-11-21,280.7362976074219,55.168155670166016,36.56378936767578,113.3823471069336,93.95801544189453,13.377262115478516,138.0,70.44905853271484
2019-11-22,281.3605651855469,55.32278823852539,36.56378936767578,113.5284194946289,93.94119262695312,13.368697166442871,137.74000549316406,70.18840789794922
2019-11-25,283.5412902832031,55.76223373413086,36.9305419921875,113.86116027832031,93.9832534790039,13.368697166442871,137.0800018310547,70.41075134277344
2019-11-26,284.18365478515625,55.72969055175781,36.81966781616211,114.52660369873047,94.159912109375,13.445775985717773,137.74000549316406,71.3460693359375
2019-11-27,285.4504089355469,55.87617492675781,36.862308502197266,114.19384002685547,93.91596221923828,13.377262115478516,137.00999450683594,71.68340301513672
2019-11-29,284.391845703125,55.48554611206055,36.28233337402344,113.9504623413086,93.84032440185547,13.111771583557129,137.86000061035156,71.35374450683594
2019-12-02,281.9759216308594,55.200706481933594,36.2738037109375,112.4311752319336,93.50334930419922,13.094643592834473,137.7899932861328,70.27274322509766
2019-12-03,280.08489990234375,54.99726486206055,36.0861701965332,114.78854370117188,94.33722686767578,13.103208541870117,139.11000061035156,70.72506713867188
2019-12-04,281.81304931640625,55.50181579589844,36.359100341796875,113.64232635498047,93.97509002685547,13.308748245239258,138.9199981689453,71.01638793945312
2019-12-05,282.31976318359375,55.396018981933594,36.52115249633789,113.08955383300781,93.75605773925781,13.334441184997559,139.0,71.05472564697266
2019-12-06,284.89849853515625,55.900596618652344,36.734378814697266,112.46365356445312,93.46967315673828,13.420083045959473,137.6199951171875,71.2004165649414
2019-12-09,284.002685546875,55.60761642456055,36.589378356933594,112.70757293701172,93.5455093383789,13.402955055236816,137.5800018310547,71.33840942382812
2019-12-10,283.68597412109375,55.63202667236328,36.71731185913086,112.71565246582031,93.43597412109375,13.462904930114746,137.97000122070312,70.9244155883789
2019-12-11,284.4913330078125,55.92499542236328,37.254642486572266,113.60173797607422,93.82345581054688,13.402955055236816,138.9199981689453,70.20374298095703
2019-12-12,286.94329833984375,56.299346923828125,37.9028434753418,111.7320327758789,93.08224487304688,13.522852897644043,138.42999267578125,69.25304412841797
2019-12-13,287.115234375,56.689979553222656,37.88578414916992,113.02452087402344,93.62972259521484,13.5913667678833,139.0500030517578,69.2684097290039
2019-12-16,289.0877380371094,57.295692443847656,38.20723342895508,112.00840759277344,93.19174194335938,13.685572624206543,139.0399932861328,69.7667465209961
2019-12-17,289.15106201171875,56.96649169921875,38.55567169189453,111.8540267944336,93.20012664794922,13.745521545410156,139.00999450683594,69.10738372802734
2019-12-18,289.16912841796875,56.89242935180664,38.764747619628906,110.93541717529297,92.94744873046875,13.754085540771484,139.02000427246094,69.94969940185547
2019-12-19,290.3544616699219,56.89242935180664,38.782169342041016,111.11290740966797,93.02000427246094,13.814034461975098,139.3800048828125,70.56962585449219
2019-12-20,291.6274719238281,56.93358612060547,38.860565185546875,111.2594223022461,93.02000427246094,13.796907424926758,139.52000427246094,70.95708465576172
2019-12-23,292.0729675292969,57.024112701416016,38.912837982177734,111.09661102294922,92.93563079833984,13.800387382507324,139.9499969482422,70.60061645507812
2019-12-24,292.0820617675781,56.96649169921875,38.82572555541992,111.41415405273438,93.0959243774414,13.861299514770508,141.27000427246094,70.7865982055664
2019-12-26,293.63690185546875,57.21339416503906,39.10447692871094,111.68281555175781,93.2308578491211,13.965713500976562,142.3800048828125,71.0965347290039
2019-12-27,293.5641784667969,57.31214904785156,39.26128005981445,111.80500030517578,93.36583709716797,13.991819381713867,142.3300018310547,71.32127380371094
2019-12-30,291.94561767578125,56.88420104980469,38.999935150146484,111.39785766601562,93.30677032470703,13.965713500976562,142.6300048828125,71.3910140991211
2019-12-31,292.6548156738281,57.147552490234375,39.08705520629883,110.30681610107422,92.96936798095703,13.878700256347656,142.89999389648438,71.9024429321289
2020-01-02,295.3918151855469,57.72364044189453,39.8797721862793,111.55255126953125,93.39959716796875,13.896103858947754,143.9499969482422,71.05781555175781
2020-01-03,293.1549987792969,57.00764083862305,39.13932418823242,113.27049255371094,94.02372741699219,14.061429023742676,145.86000061035156,71.49951171875
2020-01-06,294.2734375,57.2298469543457,39.04349899291992,112.62727355957031,93.92253875732422,14.08753490447998,147.38999938964844,71.58474731445312
2020-01-07,293.4459533691406,57.073486328125,39.01736831665039,112.07364654541016,93.78755950927734,14.078832626342773,147.97000122070312,70.7865982055664
2020-01-08,295.0098876953125,57.23808670043945,39.24386215209961,111.33271026611328,93.56822204589844,13.869998931884766,146.86000061035156,71.00357818603516
2020-01-09,297.0103454589844,57.3697509765625,39.50519561767578,111.72354888916016,93.63572692871094,13.809089660644531,146.02999877929688,70.96483612060547
2020-01-10,296.1556091308594,57.155784606933594,39.71425247192383,112.71680450439453,93.83819580078125,13.809089660644531,146.91000366210938,71.50726318359375
2020-01-13,298.19232177734375,57.45205307006836,40.332759857177734,112.37493133544922,93.72856903076172,13.704672813415527,145.82000732421875,72.36737823486328
2020-01-14,297.7376403808594,57.50965881347656,40.106266021728516,112.95299530029297,93.9140625,13.765583038330078,145.69000244140625,72.0961685180664
2020-01-15,298.4106140136719,57.50965881347656,39.792659759521484,113.70201110839844,94.15026092529297,13.695971488952637,146.5399932861328,72.74708557128906
2020-01-16,300.89288330078125,57.748321533203125,40.0452880859375,113.34378814697266,93.9562759399414,13.678569793701172,146.30999755859375,73.32825469970703
2020-01-17,301.82940673828125,57.92115020751953,40.27178192138672,112.37493133544922,93.88036346435547,13.722075462341309,146.5800018310547,73.39800262451172
2020-01-21,301.2383117675781,57.46028137207031,39.25257110595703,113.55547332763672,94.25148010253906,13.643763542175293,146.74000549316406,74.09539031982422
2020-01-22,301.2746276855469,57.575504302978516,39.57488250732422,113.95446014404297,94.26834106445312,13.461034774780273,146.7899932861328,73.59947967529297
2020-01-23,301.6202392578125,57.43559265136719,39.16545867919922,114.75233459472656,94.50454711914062,13.347917556762695,147.1199951171875,74.21939086914062
2020-01-24,298.93792724609375,57.188697814941406,38.85185623168945,115.6805419921875,94.84193420410156,13.147784233093262,147.97999572753906,73.96365356445312
2020-01-27,294.1460266113281,56.00361633300781,37.51033401489258,117.47988891601562,95.48292541503906,12.904146194458008,148.99000549316406,73.60718536376953
2020-01-28,297.2284851074219,56.53032684326172,37.82393264770508,116.55985260009766,95.16243743896484,12.965056419372559,147.66000366210938,73.90167236328125
2020-01-29,296.9829406738281,56.53854751586914,38.00686264038086,117.69978332519531,95.61790466308594,12.904146194458008,148.4600067138672,73.63045501708984
2020-01-30,297.94683837890625,56.48917770385742,37.440643310546875,117.71598052978516,95.71075439453125,12.791028022766113,148.47000122070312,73.68470764160156
2020-01-31,292.5367126464844,55.53453063964844,36.682777404785156,118.79071044921875,96.1915283203125,12.68661117553711,149.3300018310547,72.78583526611328
2020-02-03,294.7098083496094,55.66619110107422,37.092201232910156,118.69447326660156,96.10958099365234,12.451674461364746,148.36000061035156,73.02603149414062
2020-02-04,299.2015686035156,56.59615707397461,38.05042266845703,117.0960464477539,95.5521240234375,12.469077110290527,146.42999267578125,73.77767944335938
2020-02-05,302.6568603515625,57.13932418823242,38.26820755004883,115.81562805175781,95.13829040527344,12.660507202148438,146.61000061035156,73.82420349121094
2020-02-06,303.6751403808594,57.295692443847656,38.30305099487305,116.33757019042969,95.20582580566406,12.712716102600098,147.39999389648438,74.07215118408203
2020-02-07,302.056640625,56.752525329589844,37.771671295166016,117.78924560546875,95.66194152832031,12.64310359954834,147.7899932861328,74.05665588378906
2020-02-10,304.3116455078125,56.867740631103516,37.980735778808594,118.11548614501953,95.8477554321289,12.529986381530762,148.1699981689453,74.88578796386719
2020-02-11,304.8390197753906,57.25454330444336,38.477272033691406,117.5201187133789,95.61972045898438,12.573493003845215,147.66000366210938,75.45147705078125
2020-02-12,306.8030700683594,57.45205307006836,38.999935150146484,116.9247817993164,95.37477111816406,12.747520446777344,147.5399932861328,75.90090942382812
2020-02-13,306.4757385253906,57.048789978027344,38.485984802246094,117.37332153320312,95.4592056274414,12.75622272491455,148.3800048828125,76.35807037353516
2020-02-14,306.9666748046875,56.950035095214844,38.50341033935547,117.88712310791016,95.69571685791016,12.747520446777344,149.0,77.14848327636719
2020-02-18,306.1756286621094,56.58793640136719,38.250789642333984,118.69447326660156,95.8477554321289,12.843236923217773,150.91000366210938,77.06324768066406
2020-02-19,307.6395263671875,56.77721405029297,38.529541015625,118.68632507324219,95.83086395263672,12.965056419372559,151.7899932861328,76.0248794555664
2020-02-20,306.37567138671875,56.43979263305664,37.928470611572266,119.61610412597656,96.10958099365234,12.912846565246582,152.41000366210938,76.93150329589844
2020-02-21,303.2205810546875,56.17644500732422,37.710693359375,120.7333755493164,96.49812316894531,12.860639572143555,154.6999969482422,77.15623474121094
2020-02-24,293.16412353515625,53.92971420288086,36.29947280883789,122.53577423095703,97.24983215332031,12.617000579833984,156.08999633789062,76.10238647460938
2020-02-25,284.2806091308594,53.040897369384766,36.01201248168945,123.18815612792969,97.52008819580078,12.382062911987305,153.3000030517578,74.04115295410156
2020-02-26,283.2349548339844,53.10673522949219,36.29947280883789,122.53577423095703,97.46944427490234,12.260244369506836,153.97000122070312,73.2430191040039
2020-02-27,270.51434326171875,51.534847259521484,35.42835998535156,123.86510467529297,97.94242095947266,12.051410675048828,154.0,69.34529113769531
2020-02-28,269.3777770996094,51.22211456298828,35.29769515991211,126.66239929199219,99.04041290283203,11.842577934265137,148.3800048828125,67.67153930664062
2020-03-02,281.0435485839844,51.88050079345703,36.06428146362305,125.73047637939453,98.97279357910156,12.112320899963379,149.1999969482422,70.5618896484375
2020-03-03,272.9966125488281,51.460784912109375,35.820369720458984,127.68260955810547,100.12287139892578,12.13842487335205,153.88999938964844,70.39915466308594
2020-03-04,284.4715270996094,52.9997444152832,36.45627975463867,126.32672119140625,99.90296936035156,12.147125244140625,154.16000366210938,73.05704498291016
2020-03-05,275.0152282714844,51.59245300292969,35.689697265625,129.47113037109375,100.79088592529297,12.016605377197266,157.49000549316406,71.49177551269531
2020-03-06,270.46893310546875,50.818851470947266,34.95796203613281,136.2093963623047,101.81410217285156,11.625042915344238,157.5500030517578,70.25967407226562
2020-03-09,249.34678649902344,46.876792907714844,32.57109069824219,139.90115356445312,102.72737121582031,10.720100402832031,157.80999755859375,64.8431625366211
2020-03-10,262.249267578125,48.60505676269531,34.226219177246094,132.7300262451172,100.84160614013672,11.059453964233398,154.47999572753906,67.58271789550781
2020-03-11,249.4650115966797,46.12788391113281,32.632076263427734,127.84589385986328,99.8353042602539,10.859321594238281,153.92999267578125,63.521820068359375
2020-03-12,225.5968475341797,41.058349609375,29.365379333496094,128.6381072998047,99.88606262207031,10.4242525100708,147.7899932861328,57.08685302734375
2020-03-13,244.88235473632812,43.54373550415039,31.482202529907227,125.73047637939453,99.23493957519531,10.537371635437012,143.27999877929688,62.06925582885742
2020-03-16,218.08639526367188,39.05028533935547,27.553457260131836,133.8734893798828,101.85637664794922,9.902170181274414,141.63999938964844,51.06577682495117
2020-03-17,229.86129760742188,40.951351165771484,29.452497482299805,124.94641876220703,99.30260467529297,9.74554443359375,143.55999755859375,54.01774978637695
2020-03-18,218.22274780273438,38.60586929321289,26.908832550048828,117.89788818359375,97.92417907714844,9.423593521118164,140.6999969482422,48.879146575927734
2020-03-19,218.68646240234375,39.20664978027344,27.11789894104004,121.10772705078125,98.24554443359375,9.623725891113281,138.0399932861328,49.05095291137695
2020-03-20,209.2623748779297,38.72108459472656,27.318254470825195,130.2144012451172,100.74860382080078,9.519309043884277,140.11000061035156,46.60660934448242
2020-03-23,203.91188049316406,38.26844787597656,26.6649169921875,135.5804901123047,101.94094848632812,9.632427215576172,146.3000030517578,44.44340133666992
2020-03-24,222.38697814941406,41.510986328125,28.668489456176758,133.05673217773438,101.24752044677734,9.84126091003418,153.39999389648438,48.441829681396484
2020-03-25,225.71617126464844,42.86066436767578,29.67898941040039,132.75448608398438,101.3067398071289,10.006587028503418,151.3000030517578,51.0501708984375
2020-03-26,238.8957061767578,44.7782096862793,30.802730560302734,133.4078826904297,101.55196380615234,9.971780776977539,153.24000549316406,54.65031814575195
2020-03-27,231.780029296875,43.502586364746094,29.051782608032227,136.9689483642578,102.30453491210938,9.936975479125977,152.25,54.70498275756836
2020-03-30,239.30722045898438,44.38317108154297,29.530893325805664,135.841796875,102.54133605957031,9.910872459411621,152.9199981689453,55.89982223510742
2020-03-31,235.740234375,43.99637985229492,29.73125648498535,134.73922729492188,102.72737121582031,9.78905200958252,148.0500030517578,54.548797607421875
2020-04-01,225.13076782226562,42.045921325683594,28.459421157836914,136.62696838378906,103.1456069946289,9.510607719421387,149.4499969482422,50.96426773071289
2020-04-02,230.3257598876953,42.868896484375,29.417646408081055,137.49403381347656,103.16252899169922,9.693337440490723,151.89999389648438,51.136070251464844
2020-04-03,226.99661254882812,41.889556884765625,28.860136032104492,137.8212127685547,103.23870086669922,9.936975479125977,152.64999389648438,50.394168853759766
2020-04-06,242.2430877685547,44.1115837097168,30.436859130859375,137.46128845214844,102.77312469482422,9.98918342590332,156.8800048828125,54.127079010009766
2020-04-07,242.4901123046875,44.35848617553711,30.59365463256836,136.02182006835938,102.31591796875,10.058795928955078,156.0399932861328,54.62688064575195
2020-04-08,250.6300811767578,44.72060012817383,30.907257080078125,135.03201293945312,102.18892669677734,10.03269100189209,154.64999389648438,58.35197830200195
2020-04-09,254.4440155029297,45.73285675048828,30.794015884399414,135.2773895263672,102.40901947021484,10.058795928955078,158.69000244140625,61.624107360839844
2020-04-13,252.12091064453125,45.29668045043945,30.83757781982422,134.0423583984375,102.18892669677734,10.23282241821289,161.41000366210938,59.03139114379883
2020-04-14,259.5566711425781,46.10320281982422,31.54317855834961,134.00965881347656,102.32439422607422,10.145808219909668,162.67999267578125,60.6870002746582
2020-04-15,254.0415496826172,44.662986755371094,30.73303985595703,137.55943298339844,103.23870086669922,9.936975479125977,161.85000610351562,58.28168487548828
2020-04-16,255.26710510253906,44.68767547607422,30.89855194091797,139.12168884277344,103.34879302978516,9.910872459411621,161.7100067138672,57.61789321899414
2020-04-17,262.1632995605469,45.872764587402344,31.586727142333984,137.25685119628906,103.07788848876953,9.954378128051758,158.57000732421875,59.43748092651367
2020-04-20,257.5445251464844,45.18970489501953,31.186019897460938,138.3609161376953,103.34879302978516,9.78905200958252,159.6999969482422,57.227413177490234
2020-04-21,249.72462463378906,44.309112548828125,30.323619842529297,140.103271484375,103.63665771484375,9.32787799835205,158.61000061035156,56.18876647949219
2020-04-22,255.26710510253906,45.058013916015625,31.15117073059082,138.67185974121094,103.31492614746094,9.458399772644043,161.72999572753906,57.047794342041016
2020-04-23,255.2488555908203,44.91810989379883,31.037931442260742,139.40798950195312,103.38269805908203,9.432295799255371,163.33999633789062,56.571414947509766
2020-04-24,258.8067321777344,45.43659210205078,30.994375228881836,139.7350616455078,103.40807342529297,9.310476303100586,162.63999938964844,56.813514709472656
2020-04-27,262.5382385253906,46.03736114501953,31.621578216552734,137.13414001464844,102.85775756835938,9.136449813842773,161.55999755859375,58.758060455322266
2020-04-28,261.3310546875,46.38301086425781,31.682552337646484,138.71273803710938,103.30646514892578,9.145150184631348,160.83999633789062,59.242244720458984
2020-04-29,268.1722412109375,47.54341125488281,32.60593795776367,137.99295043945312,103.25567626953125,9.310476303100586,161.72999572753906,60.13252258300781
2020-04-30,265.6754150390625,46.55583572387695,31.917757034301758,136.38165283203125,103.01016235351562,9.484503746032715,158.8000030517578,59.43748092651367
2020-05-01,258.64208984375,45.54357147216797,30.76789093017578,137.54946899414062,103.15253448486328,9.362685203552246,159.77999877929688,57.43046569824219
2020-05-04,259.3554382324219,45.52711486816406,31.098905563354492,136.90249633789062,103.16949462890625,9.475802421569824,160.33999633789062,57.149322509765625
2020-05-05,261.75164794921875,45.60940933227539,31.27313232421875,136.02621459960938,103.09320068359375,9.719441413879395,161.02000427246094,57.43046569824219
2020-05-06,259.9774169921875,45.31314468383789,31.177310943603516,133.83126831054688,102.71180725097656,9.528011322021484,158.9499969482422,56.39961242675781
2020-05-07,263.11456298828125,45.9962043762207,31.4299373626709,136.067138671875,103.33898162841797,9.588920593261719,161.38999938964844,57.203983306884766
2020-05-08,267.46795654296875,46.77804183959961,32.091983795166016,134.2981719970703,103.0,9.78905200958252,160.4199981689453,58.56282424926758
2020-05-11,267.5228576660156,46.73689270019531,31.88290786743164,133.24972534179688,102.71180725097656,9.658531188964844,159.4199981689453,57.71160125732422
2020-05-12,262.19073486328125,46.144344329833984,31.760961532592773,134.61749267578125,103.05086517333984,9.580219268798828,160.0399932861328,55.087642669677734
2020-05-13,257.5537109375,45.79046630859375,31.699974060058594,135.55931091308594,103.2626953125,9.484503746032715,161.5800018310547,53.752220153808594
2020-05-14,260.6358337402344,45.35429000854492,31.82193946838379,136.88616943359375,103.42374420166016,9.64983081817627,163.00999450683594,53.93965148925781
2020-05-15,261.8340759277344,45.39543914794922,31.386384963989258,136.53396606445312,103.3559341430664,9.74554443359375,163.92999267578125,53.72880935668945
2020-05-18,269.80938720703125,47.230674743652344,32.61465072631836,133.5364227294922,102.72029113769531,10.0239896774292,162.69000244140625,56.907230377197266
2020-05-19,267.03814697265625,46.58052062988281,32.35331344604492,134.0360107421875,103.00847625732422,9.997884750366211,164.25999450683594,56.14190673828125
2020-05-20,271.5745849609375,47.551631927490234,32.78016662597656,134.43734741210938,103.03387451171875,10.171913146972656,164.64999389648438,56.641700744628906
2020-05-21,269.69964599609375,47.000244140625,32.40557861328125,134.77308654785156,103.10166931152344,10.128406524658203,162.25,56.688560485839844
2020-05-22,270.2119140625,46.868568420410156,31.73482322692871,135.58387756347656,103.29661560058594,10.050094604492188,163.2100067138672,57.45388412475586
2020-05-26,273.541015625,48.210018157958984,32.43171310424805,133.76580810546875,103.02538299560547,10.154509544372559,160.88999938964844,59.601497650146484
2020-05-27,277.6110534667969,48.79433059692383,32.536251068115234,133.52008056640625,103.110107421875,10.0239896774292,161.17999267578125,60.78849792480469
2020-05-28,277.098876953125,49.25519561767578,32.309757232666016,133.02867126464844,103.0169677734375,10.076197624206543,161.72000122070312,61.077457427978516
2020-05-29,278.3336181640625,49.08238220214844,32.86727523803711,133.97869873046875,103.34741973876953,10.250224113464355,162.91000366210938,60.46831512451172
2020-06-01,279.45855712890625,50.176937103271484,33.62514877319336,133.0767059326172,103.30674743652344,10.311136245727539,163.66000366210938,61.86619186401367
2020-06-02,281.7724304199219,50.64603042602539,34.42658233642578,132.5928192138672,103.13707733154297,10.4242525100708,162.60000610351562,62.36602020263672
2020-06-03,285.5224304199219,51.855812072753906,35.228004455566406,130.82969665527344,102.52626037597656,10.4242525100708,159.60000610351562,64.36522674560547
2020-06-04,284.7724304199219,51.633609771728516,34.731475830078125,128.9354248046875,102.1190185546875,10.511265754699707,161.27999877929688,63.724830627441406
2020-06-05,292.0709533691406,52.52241897583008,35.646141052246094,128.01695251464844,101.60997772216797,10.720100402832031,158.00999450683594,66.1379623413086
2020-06-08,295.60137939453125,53.20549011230469,35.863922119140625,128.50901794433594,101.72027587890625,10.650487899780273,159.72000122070312,67.7779312133789
2020-06-09,293.397216796875,52.514198303222656,35.6200065612793,129.96875,102.0850830078125,10.685295104980469,161.25999450683594,66.65336608886719
2020-06-10,291.76007080078125,52.39896774291992,35.881343841552734,131.89578247070312,102.84862518310547,10.754904747009277,163.57000732421875,64.95874786376953
2020-06-11,274.9403381347656,49.592613220214844,34.00844192504883,134.38870239257812,103.2134017944336,10.40684986114502,162.38999938964844,60.78849792480469
2020-06-12,278.2329406738281,50.448516845703125,34.731475830078125,133.0930633544922,102.98435974121094,10.450357437133789,162.6199951171875,62.96732711791992
2020-06-15,280.8304443359375,50.655517578125,34.416046142578125,133.1668701171875,102.89955139160156,10.546072959899902,162.3300018310547,63.85761260986328
2020-06-16,286.23577880859375,51.28150939941406,34.63508605957031,131.1249542236328,102.68742370605469,10.633086204528809,162.25,65.11492156982422
2020-06-17,285.0467834472656,51.47347640991211,34.96803665161133,131.6661834716797,102.84862518310547,10.580877304077148,162.55999755859375,64.16999053955078
2020-06-18,285.1565246582031,51.198036193847656,34.98555374145508,133.06027221679688,103.07766723632812,10.6417875289917,162.24000549316406,63.467140197753906
2020-06-19,283.52685546875,50.94765090942383,34.976802825927734,133.1668701171875,103.11161804199219,10.728801727294922,164.02999877929688,62.545616149902344
2020-06-22,285.34576416015625,51.556949615478516,35.406124114990234,133.1832733154297,103.01827239990234,10.8419189453125,165.08999633789062,62.48314666748047
2020-06-23,286.659423828125,51.84073257446289,35.74782943725586,132.2730255126953,102.98435974121094,10.78971004486084,166.47999572753906,62.225440979003906
2020-06-24,279.34710693359375,50.51362228393555,35.274688720703125,133.69168090820312,103.17948913574219,10.519968032836914,165.89999389648438,60.45271682739258
2020-06-25,282.34185791015625,51.23143005371094,35.423641204833984,134.0771484375,103.1964340209961,10.615682601928711,165.8000030517578,61.22482681274414
2020-06-26,275.6358642578125,50.48858642578125,34.99431610107422,135.51220703125,103.47644805908203,10.485161781311035,166.5399932861328,60.04969787597656
2020-06-29,279.6871032714844,50.897560119628906,35.152034759521484,135.0857391357422,103.57823944091797,10.659189224243164,166.6300048828125,61.20905303955078
2020-06-30,283.2696228027344,50.805747985839844,35.03813552856445,134.42971801757812,103.3916015625,10.71139907836914,167.3699951171875,61.93463897705078
2020-07-01,285.25390625,50.99772262573242,35.43240737915039,134.168701171875,103.23023223876953,10.798412322998047,166.6199951171875,63.36212158203125
2020-07-02,286.8248596191406,51.556949615478516,36.23849105834961,134.30819702148438,103.35761260986328,10.8419189453125,166.97999572753906,63.18074035644531
2020-07-06,291.2525939941406,52.39995574951172,37.79806900024414,133.7581787109375,103.20478057861328,10.928933143615723,167.97999572753906,63.14918899536133
2020-07-07,288.2486572265625,51.63206481933594,37.167232513427734,135.63827514648438,103.53593444824219,10.937634468078613,169.0399932861328,61.895198822021484
2020-07-08,290.45343017578125,52.06608963012695,38.131019592285156,135.09640502929688,103.37460327148438,11.076855659484863,170.08999633789062,61.80843734741211
2020-07-09,288.7998352050781,51.47347640991211,38.131019592285156,137.2474822998047,103.70571899414062,10.946335792541504,169.6300048828125,61.421993255615234
2020-07-10,291.7486877441406,52.024356842041016,37.88569259643555,136.55780029296875,103.50196838378906,11.015946388244629,169.19000244140625,61.61129379272461
2020-07-13,289.222412109375,51.690486907958984,37.6316032409668,137.00941467285156,103.61233520507812,10.902828216552734,169.39999389648438,60.877803802490234
2020-07-14,292.9704284667969,52.45003128051758,37.68416976928711,137.20639038085938,103.60385131835938,10.955038070678711,170.19000244140625,61.390445709228516
2020-07-15,295.6620178222656,53.042640686035156,37.79806900024414,136.5659942626953,103.5699462890625,11.08555793762207,170.33999633789062,61.98982238769531
2020-07-16,294.68829345703125,52.7004280090332,37.26361083984375,137.2145538330078,103.64630889892578,10.998544692993164,168.72999572753906,61.24848175048828
2020-07-17,295.5425720214844,53.00925064086914,37.47389221191406,136.92727661132812,103.62084197998047,11.015946388244629,170.1199951171875,62.04505157470703
2020-07-20,297.9310302734375,53.26799774169922,37.95578384399414,137.26376342773438,103.68878936767578,11.007244110107422,170.94000244140625,61.30369186401367
2020-07-21,298.5649719238281,53.37649917602539,38.30625534057617,137.3459930419922,103.79917907714844,11.163869857788086,173.0,61.45352554321289
2020-07-22,300.2643737792969,53.518394470214844,38.139774322509766,137.7563934326172,103.83314514160156,11.233480453491211,175.6300048828125,62.392051696777344
2020-07-23,296.6817321777344,53.092716217041016,37.83311462402344,139.36561584472656,103.93500518798828,11.207377433776855,177.17999267578125,62.131797790527344
2020-07-24,294.7709655761719,52.80059051513672,37.79806900024414,139.3573760986328,103.88410186767578,11.224780082702637,178.6999969482422,61.67436981201172
2020-07-27,296.92059326171875,53.49335861206055,38.38511657714844,138.84017944335938,103.72274780273438,11.32919692993164,182.22999572753906,62.25798416137695
2020-07-28,295.037353515625,53.15114212036133,38.06968688964844,139.80075073242188,103.9689712524414,11.26828670501709,183.75,63.496212005615234
2020-07-29,298.6659851074219,53.71036148071289,38.68301010131836,139.56265258789062,104.10485076904297,11.32919692993164,185.1300048828125,64.72653198242188
2020-07-30,297.6003723144531,52.917442321777344,38.192352294921875,140.48220825195312,104.24920654296875,11.198676109313965,183.75999450683594,64.30855560302734
2020-07-31,299.9519958496094,51.790645599365234,37.92949676513672,140.391845703125,104.27471923828125,11.259584426879883,185.42999267578125,64.19023895263672
2020-08-03,302.0373840332031,52.80059051513672,38.192352294921875,139.68504333496094,104.22367095947266,11.372702598571777,185.63999938964844,63.338470458984375
2020-08-04,303.2040710449219,53.092716217041016,38.70052719116211,141.01657104492188,104.58061218261719,11.433613777160645,189.58999633789062,64.28486633300781
2020-08-05,305.08721923828125,53.26799774169922,39.121097564697266,139.7836151123047,104.23223876953125,11.529328346252441,191.35000610351562,63.961517333984375
2020-08-06,307.1265563964844,53.3264274597168,39.24375534057617,140.564453125,104.35112762451172,11.616342544555664,193.88999938964844,64.06404113769531
2020-08-07,307.3470458984375,53.10940933227539,38.43767547607422,139.62750244140625,104.13021087646484,11.459716796875,190.80999755859375,64.97891235351562
2020-08-10,308.2656555175781,53.284690856933594,38.534053802490234,139.00282287597656,104.01973724365234,11.520626068115234,190.14999389648438,65.08143615722656
2020-08-11,305.72100830078125,53.476661682128906,38.42892074584961,137.35076904296875,103.66281127929688,11.337897300720215,179.94000244140625,64.1429214477539
2020-08-12,309.9834899902344,54.66188049316406,38.94586181640625,136.10147094726562,103.35688781738281,11.459716796875,179.10000610351562,64.78964233398438
2020-08-13,309.423095703125,54.419830322265625,38.83195495605469,134.6466827392578,103.14439392089844,11.520626068115234,183.3300018310547,63.993064880371094
2020-08-14,309.4323425292969,54.08596420288086,38.761863708496094,134.1206512451172,103.19540405273438,11.520626068115234,182.5399932861328,64.00096893310547
2020-08-17,310.4152526855469,54.49494934082031,39.25251770019531,134.45761108398438,103.36537170410156,11.712058067321777,186.5,64.52147674560547
2020-08-18,311.0858459472656,54.46156311035156,39.208717346191406,135.41915893554688,103.5438232421875,11.738160133361816,188.17999267578125,64.21390533447266
2020-08-19,309.79052734375,54.219512939453125,38.72681427001953,134.57269287109375,103.40786743164062,11.70335578918457,182.24000549316406,63.086097717285156
2020-08-20,310.7550964355469,54.04423141479492,38.60415267944336,135.7891387939453,103.70529174804688,11.685953140258789,183.5,63.685462951660156
2020-08-21,311.8575439453125,53.7687873840332,38.796905517578125,136.6027374267578,103.78178405761719,11.572834968566895,182.02999877929688,63.78801727294922
2020-08-24,315.0176696777344,54.478248596191406,39.22622299194336,136.38088989257812,103.63729095458984,11.633745193481445,181.0,64.19813537597656
2020-08-25,316.1199951171875,54.51164245605469,39.620513916015625,135.33705139160156,103.39082336425781,11.729459762573242,181.22000122070312,64.36375427246094
2020-08-26,319.2892761230469,54.82880783081055,39.72564697265625,134.81924438476562,103.34838104248047,11.755563735961914,183.36000061035156,63.77225112915039
2020-08-27,319.9874267578125,54.26959228515625,39.392704010009766,132.52615356445312,102.98296356201172,11.712058067321777,181.24000549316406,64.71077728271484
2020-08-28,322.0542907714844,54.653533935546875,39.90965270996094,132.4275360107422,103.15290069580078,11.790369033813477,184.38999938964844,65.13665771484375
2020-08-31,320.88763427734375,54.236209869384766,39.02471923828125,133.3069610595703,103.26339721679688,11.781667709350586,184.8300018310547,64.47415161132812
2020-09-01,323.9100646972656,54.29462814331055,39.690608978271484,134.83168029785156,103.60186004638672,11.799071311950684,185.0500030517578,64.52147674560547
2020-09-02,328.59503173828125,55.020782470703125,39.5854606628418,136.11529541015625,103.7464599609375,11.64244556427002,182.6199951171875,65.72025299072266
2020-09-03,317.28662109375,53.77713394165039,38.83195495605469,136.5020294189453,103.88252258300781,11.538029670715332,181.13999938964844,64.93157958984375
2020-09-04,314.6961364746094,53.85225296020508,38.849483489990234,133.91014099121094,103.30419158935547,11.433613777160645,181.63999938964844,64.59246826171875
2020-09-08,306.0976867675781,53.19287872314453,38.174827575683594,134.73291015625,103.52533721923828,11.155167579650879,181.2899932861328,63.803794860839844
2020-09-09,312.1423034667969,54.186126708984375,38.74434280395508,134.3708953857422,103.47428894042969,11.259584426879883,183.0500030517578,64.43473052978516
2020-09-10,306.722412109375,53.551788330078125,38.122257232666016,135.05386352539062,103.60186004638672,11.146467208862305,182.4600067138672,63.646034240722656
2020-09-11,306.8785400390625,54.08596420288086,38.49024963378906,135.34182739257812,103.7634506225586,11.224780082702637,182.4499969482422,63.291141510009766
2020-09-14,310.9205322265625,54.37810134887695,39.112327575683594,135.3335723876953,103.6698989868164,11.233480453491211,183.88999938964844,64.83694458007812
2020-09-15,312.491455078125,54.7286491394043,39.524131774902344,135.00450134277344,103.61882019042969,11.294389724731445,183.4499969482422,65.61773681640625
2020-09-16,311.2513427734375,54.7286491394043,39.47156524658203,134.6012420654297,103.55931854248047,11.50322437286377,183.97000122070312,65.96475982666016
2020-09-17,308.51373291015625,54.80377960205078,39.313846588134766,135.0126495361328,103.59332275390625,11.633745193481445,182.9600067138672,64.67922973632812
2020-09-18,304.9618835449219,54.36140441894531,39.00719451904297,134.593017578125,103.49982452392578,11.685953140258789,183.1999969482422,63.220176696777344
2020-09-21,301.56781005859375,52.98421096801758,38.64796447753906,135.2760009765625,103.68688201904297,11.398807525634766,179.52000427246094,61.319461822509766
2020-09-22,304.6390380859375,52.96751022338867,38.358821868896484,135.16903686523438,103.68688201904297,11.346599578857422,178.64999389648438,62.052940368652344
2020-09-23,297.5741271972656,52.52515411376953,37.763023376464844,135.35008239746094,103.68688201904297,11.216079711914062,174.7899932861328,60.18376541137695
2020-09-24,298.3673400878906,52.475067138671875,37.587791442871094,135.8684844970703,103.73793029785156,11.26828670501709,175.44000244140625,60.507137298583984
2020-09-25,303.1910705566406,52.65035629272461,37.622840881347656,135.8684844970703,103.82301330566406,11.26828670501709,174.94000244140625,61.75493240356445
2020-09-28,308.22686767578125,53.44327926635742,38.04339599609375,135.48170471191406,103.80596923828125,11.36400318145752,176.6999969482422,63.01865005493164
2020-09-29,306.5482177734375,53.38485336303711,38.017112731933594,135.63807678222656,103.88252258300781,11.233480453491211,178.19000244140625,62.565616607666016
2020-09-30,308.8724670410156,53.126102447509766,38.63043975830078,134.3379669189453,103.60186004638672,11.36400318145752,177.1199951171875,62.75636672973633
2020-10-01,310.8554382324219,53.4349250793457,38.98966979980469,134.55955505371094,103.66056823730469,11.224780082702637,178.6999969482422,64.01214599609375
2020-10-02,307.9040222167969,53.3264274597168,38.54281997680664,134.05706787109375,103.55848693847656,11.08555793762207,178.5399932861328,65.11688995361328
2020-10-05,313.3641357421875,54.13604736328125,39.05976486206055,131.43772888183594,102.90320587158203,11.372702598571777,179.41000366210938,65.49043273925781
2020-10-06,308.9093933105469,53.56013107299805,39.12985610961914,132.14613342285156,103.1414566040039,11.41620922088623,177.3000030517578,65.0612564086914
2020-10-07,314.2865295410156,54.01919937133789,39.55917739868164,131.1823272705078,102.84362030029297,11.459716796875,177.22000122070312,65.15663146972656
2020-10-08,317.07177734375,54.394798278808594,39.88336181640625,131.8907470703125,103.03083801269531,11.572834968566895,177.85000610351562,66.2454833984375
2020-10-09,319.9033508300781,54.82046890258789,40.15497970581055,131.86605834960938,102.9797592163086,11.607640266418457,181.0800018310547,65.98321533203125
2020-10-12,325.0498046875,55.137630462646484,40.50544738769531,132.28610229492188,103.09039306640625,11.485820770263672,180.55999755859375,66.2931900024414
2020-10-13,322.92840576171875,54.519989013671875,40.33897399902344,133.23341369628906,103.32020568847656,11.511924743652344,177.72000122070312,65.15663146972656
2020-10-14,320.8994445800781,54.42817306518555,40.067359924316406,133.5381317138672,103.35424041748047,11.590237617492676,178.27000427246094,64.36185455322266
2020-10-15,320.50286865234375,53.785491943359375,39.77822494506836,133.30751037597656,103.24358367919922,11.625042915344238,178.9199981689453,64.69567108154297
2020-10-16,320.3091735839844,54.035884857177734,39.91841125488281,132.93687438964844,103.18402862548828,11.546731948852539,178.3000030517578,64.23468017578125
2020-10-19,315.4394226074219,53.8355712890625,39.804508209228516,132.4343719482422,103.01378631591797,11.555431365966797,178.38999938964844,63.23322296142578
2020-10-20,316.702880859375,54.10265350341797,40.242591857910156,131.17417907714844,102.79259490966797,11.685953140258789,179.25,63.68625259399414
2020-10-21,316.10333251953125,53.84391784667969,40.356502532958984,130.72109985351562,102.65640258789062,11.590237617492676,180.60000610351562,63.495521545410156
2020-10-22,317.8372802734375,53.885650634765625,40.347740173339844,129.36192321777344,102.2989730834961,11.625042915344238,178.8300018310547,63.48757553100586
2020-10-23,318.9164123535156,54.236209869384766,40.58430099487305,130.1527557373047,102.44364166259766,11.538029670715332,178.63999938964844,63.86907196044922
2020-10-26,313.0229187011719,53.25965881347656,40.058597564697266,131.3636016845703,102.71600341796875,11.372702598571777,178.5500030517578,62.95507049560547
2020-10-27,311.94378662109375,52.84231948852539,40.23383331298828,132.2449188232422,102.94573211669922,11.451016426086426,179.02000427246094,61.94568634033203
2020-10-28,301.2818908691406,51.26481628417969,39.22622299194336,132.3684844970703,102.93720245361328,11.146467208862305,176.1300048828125,60.4673957824707
2020-10-29,304.3439025878906,51.50686264038086,39.620513916015625,131.08352661132812,102.5031967163086,11.007244110107422,175.39999389648438,61.2780647277832
2020-10-30,301.1711730957031,51.239768981933594,39.17367172241211,129.7903289794922,102.17132568359375,11.007244110107422,176.1999969482422,60.87272644042969
2020-11-02,304.5468444824219,51.907493591308594,39.67307662963867,130.76248168945312,102.34675598144531,11.207377433776855,177.91000366210938,62.327213287353516
2020-11-03,309.92388916015625,53.26799774169922,39.84831619262695,130.00393676757812,102.1168212890625,11.27698802947998,178.9199981689453,63.52730941772461
2020-11-04,316.8504638671875,53.85225296020508,41.10124206542969,132.82395935058594,102.97689819335938,11.398807525634766,178.82000732421875,63.638580322265625
2020-11-05,323.0299377441406,55.14598846435547,41.80218505859375,133.05484008789062,102.95985412597656,11.451016426086426,182.92999267578125,63.94060516357422
2020-11-06,322.9561767578125,55.26283264160156,41.994937896728516,131.44691467285156,102.6106948852539,11.40750789642334,183.19000244140625,63.50346755981445
2020-11-09,327.01434326171875,56.87373352050781,42.28407287597656,128.68453979492188,101.85285949707031,11.546731948852539,175.0800018310547,65.75272369384766
2020-11-10,326.53472900390625,57.38286590576172,41.80218505859375,127.94233703613281,101.5633544921875,11.772966384887695,175.66000366210938,66.71441650390625
2020-11-11,328.9604797363281,57.86698532104492,42.073795318603516,128.4042205810547,101.72513580322266,11.764266014099121,174.89999389648438,66.96873474121094
2020-11-12,325.76910400390625,57.02396774291992,41.75837326049805,130.58938598632812,102.30416870117188,11.668549537658691,175.9600067138672,66.09447479248047
2020-11-13,330.2792663574219,57.90036392211914,42.34541320800781,130.4161834716797,102.16793823242188,11.616342544555664,177.16000366210938,67.85889434814453
2020-11-16,334.4020690917969,58.50131607055664,42.87110900878906,130.10281372070312,102.09127807617188,11.720759391784668,177.14999389648438,68.62191009521484
2020-11-17,332.6035461425781,58.442893981933594,42.827301025390625,130.95216369628906,102.35525512695312,11.755563735961914,176.5,68.68547821044922
2020-11-18,328.6006774902344,58.134063720703125,42.67835235595703,131.3314666748047,102.32120513916016,11.772966384887695,175.49000549316406,67.3502426147461
2020-11-19,329.9841613769531,58.54304885864258,42.74844741821289,132.00758361816406,102.43192291259766,11.772966384887695,175.16000366210938,67.6125259399414
2020-11-20,327.7244873046875,58.718326568603516,42.98501205444336,133.1785125732422,102.6106948852539,11.833876609802246,175.69000244140625,67.24691772460938
2020-11-23,329.6889953613281,58.64320755004883,43.098915100097656,132.56829833984375,102.40634155273438,11.868681907653809,172.22999572753906,67.37408447265625
2020-11-24,335.0014953613281,59.519596099853516,43.67718505859375,131.24900817871094,102.24456024169922,12.12102222442627,169.58999633789062,67.73174285888672
2020-11-25,334.4850158691406,59.444496154785156,43.431861877441406,130.844970703125,102.27861022949219,12.225439071655273,169.50999450683594,67.77147674560547
2020-11-27,335.4165344238281,59.85346603393555,43.84366226196289,132.11480712890625,102.58518981933594,12.199335098266602,167.7899932861328,67.46942901611328
2020-11-30,333.9316711425781,58.551387786865234,42.69588088989258,131.9498748779297,102.51708221435547,12.12972354888916,166.6699981689453,66.76209259033203
2020-12-01,337.5840148925781,59.92858123779297,43.53699493408203,130.00440979003906,101.97172546386719,12.094918251037598,170.17999267578125,67.6204605102539
2020-12-02,338.29412841796875,59.93692398071289,43.598331451416016,128.97264099121094,101.8012466430664,12.147125244140625,171.4600067138672,67.08795928955078
2020-12-03,338.20196533203125,60.03709411621094,44.09775924682617,130.01260375976562,102.07396697998047,12.164527893066406,172.80999755859375,67.65227508544922
2020-12-04,341.1164245605469,60.546226501464844,44.55335998535156,128.10586547851562,101.67349243164062,12.216737747192383,172.32000732421875,68.68547821044922
2020-12-07,340.4154357910156,60.05378723144531,44.55335998535156,129.26144409179688,101.98877716064453,12.216737747192383,174.88999938964844,68.08939361572266
2020-12-08,341.41156005859375,60.26244354248047,44.570892333984375,129.8722686767578,102.09101104736328,12.234139442443848,175.5,67.8509750366211
2020-12-09,338.3494873046875,60.34592056274414,44.185367584228516,129.44313049316406,101.94613647460938,12.242840766906738,172.5,67.42971801757812
2020-12-10,338.2388916015625,60.429378509521484,44.7548828125,130.5904541015625,102.17619323730469,12.425569534301758,172.1699981689453,67.13565063476562
2020-12-11,337.8422546386719,60.24575424194336,44.43946075439453,131.05262756347656,102.38069915771484,12.390764236450195,172.49000549316406,67.07206726074219
2020-12-14,336.32965087890625,60.2828369140625,44.20841598510742,130.68943786621094,102.32108306884766,12.425569534301758,171.5399932861328,66.77801513671875
2020-12-15,340.8766784667969,60.8980598449707,44.68644332885742,130.25204467773438,102.21878051757812,12.521286010742188,173.94000244140625,68.14503479003906
2020-12-16,341.41156005859375,61.13402557373047,44.898895263671875,129.9053192138672,102.13362121582031,12.590897560119629,174.89999389648438,68.22452545166016
2020-12-17,343.3207092285156,61.5638427734375,45.19102096557617,129.56155395507812,102.0594482421875,12.73882007598877,176.74000549316406,68.8841781616211
2020-12-18,341.949951171875,61.24358367919922,45.13790512084961,129.17324829101562,101.9741439819336,12.782326698303223,176.44000244140625,67.5012435913086
2020-12-21,340.727294921875,60.45981216430664,44.47397994995117,129.6855010986328,102.04235076904297,12.651805877685547,175.8800048828125,67.11974334716797
2020-12-22,340.1529541015625,60.308101654052734,44.11989212036133,130.35482788085938,102.2129135131836,12.51258373260498,174.49000549316406,67.58868408203125
2020-12-23,340.4587097167969,60.95705795288086,44.57136535644531,129.4541473388672,101.99974822998047,12.669209480285645,175.64999389648438,67.15154266357422
2020-12-24,341.7832336425781,60.982337951660156,44.376609802246094,129.9665069580078,102.14469146728516,12.704014778137207,176.35000610351562,67.73946380615234
2020-12-28,344.71942138671875,61.47956085205078,44.50053787231445,130.02432250976562,102.1532211303711,12.625702857971191,175.7100067138672,68.14324951171875
2020-12-29,344.0616760253906,61.87565994262695,45.16446304321289,129.85906982421875,102.13617706298828,12.660507202148438,176.35000610351562,67.56180572509766
2020-12-30,344.55267333984375,61.959930419921875,45.766422271728516,130.13998413085938,102.20437622070312,12.73882007598877,177.6999969482422,67.93328094482422
2020-12-31,346.3033142089844,61.48798370361328,45.73986053466797,130.3300323486328,102.2726058959961,12.791028022766113,178.36000061035156,68.58740234375
2021-01-04,341.5886535644531,61.80823516845703,46.0319938659668,130.1730194091797,102.29817962646484,12.721417427062988,182.3300018310547,66.35850524902344
2021-01-05,343.9412841796875,62.44873046875,47.138526916503906,129.20628356933594,102.0594482421875,13.07817268371582,182.8699951171875,66.45541381835938
2021-01-06,345.99755859375,63.16508483886719,46.740169525146484,126.55397033691406,101.46257019042969,13.095576286315918,179.89999389648438,66.5684814453125
2021-01-07,351.13824462890625,63.232505798339844,47.18279266357422,125.43834686279297,101.10448455810547,13.156485557556152,179.47999572753906,66.43925476074219
2021-01-08,353.138916015625,63.822444915771484,48.43096160888672,125.03357696533203,100.8145751953125,13.260902404785156,173.33999633789062,67.0853271484375
2021-01-11,350.7584533691406,62.98810577392578,47.77589797973633,124.8270492553711,100.61848449707031,13.16518783569336,173.0,66.19698333740234
2021-01-12,350.8325500488281,63.27464294433594,48.24506759643555,124.72785949707031,100.60143280029297,13.417527198791504,174.1199951171875,66.35043334960938
2021-01-13,351.77734375,63.190372467041016,48.35129165649414,126.13250732421875,100.95103454589844,13.382721900939941,173.3699951171875,67.15799713134766
2021-01-14,350.5455017089844,63.69602584838867,48.80276107788086,124.9509506225586,100.72083282470703,13.504541397094727,173.27999877929688,67.5537109375
2021-01-15,347.98907470703125,62.701560974121094,48.112274169921875,125.44667053222656,100.99365997314453,13.313111305236816,171.1300048828125,68.32898712158203
2021-01-19,350.7214050292969,63.15665817260742,48.90898895263672,125.85160827636719,101.05331420898438,13.356618881225586,172.5800018310547,68.13516998291016
2021-01-20,355.574951171875,63.58647537231445,49.76765823364258,125.97552490234375,101.09595489501953,13.365320205688477,175.38999938964844,69.43537139892578
2021-01-21,355.8990173339844,63.63703918457031,49.8561897277832,125.09138488769531,100.95103454589844,13.356618881225586,175.27999877929688,69.10425567626953
2021-01-22,354.6395263671875,63.33363342285156,49.42242431640625,125.49627685546875,101.10448455810547,13.130382537841797,173.89999389648438,69.2657699584961
2021-01-25,356.03802490234375,63.25779342651367,49.794219970703125,126.97537231445312,101.51372528076172,13.269604682922363,174.0500030517578,69.79070281982422
2021-01-26,355.48236083984375,63.35049057006836,49.431278228759766,126.7357177734375,101.4796371459961,13.295708656311035,173.6199951171875,70.28331756591797
2021-01-27,346.794189453125,61.900943756103516,48.05916213989258,127.05797576904297,101.59902954101562,13.260902404785156,172.52000427246094,69.03965759277344
2021-01-28,349.77667236328125,62.29703903198242,48.39555358886719,126.35560607910156,101.33468627929688,13.199993133544922,172.67999267578125,69.41114044189453
2021-01-29,342.7742919921875,61.007606506347656,47.19164276123047,125.5954360961914,101.15567779541016,13.217395782470703,172.61000061035156,68.61161804199219
2021-02-01,348.4799499511719,61.732383728027344,48.46636962890625,125.74103546142578,101.28190612792969,13.469734191894531,174.22999572753906,70.17835235595703
2021-02-02,353.40753173828125,62.35602569580078,49.09488296508789,124.93035888671875,101.02597045898438,13.574151992797852,172.11000061035156,70.59827423095703
2021-02-03,353.6854248046875,62.507728576660156,49.34274673461914,123.82176971435547,100.77855682373047,13.669867515563965,171.85000610351562,70.42059326171875
2021-02-04,357.705322265625,62.575157165527344,49.36045837402344,123.49089050292969,100.74440002441406,13.73947811126709,168.14999389648438,70.90515899658203
2021-02-05,359.1131896972656,62.96281433105469,49.785369873046875,122.45680236816406,100.53112030029297,13.809089660644531,169.80999755859375,71.1554946899414
2021-02-08,361.70672607421875,63.40106201171875,49.8738899230957,122.99451446533203,100.57377624511719,14.026625633239746,171.52000427246094,71.54314422607422
2021-02-09,361.4658203125,63.74658966064453,50.405025482177734,123.08557891845703,100.65056610107422,14.078832626342773,172.0800018310547,71.79350280761719
2021-02-10,361.3083801269531,63.527469635009766,50.58207702636719,123.90455627441406,100.90653991699219,14.052727699279785,172.7100067138672,72.18112182617188
2021-02-11,361.89190673828125,63.957279205322266,51.12206268310547,123.2261962890625,100.82972717285156,14.026625633239746,171.2100067138672,72.33456420898438
2021-02-12,363.6795654296875,64.31123352050781,51.166316986083984,121.69578552246094,100.49697875976562,14.200652122497559,170.69000244140625,72.35071563720703
2021-02-16,363.3646545410156,64.77476501464844,51.290260314941406,119.8427734375,99.77174377441406,14.392082214355469,168.24000549316406,71.79350280761719
2021-02-17,363.44805908203125,64.39552307128906,51.30796432495117,120.60382080078125,99.84001922607422,14.435589790344238,166.3300018310547,71.70465850830078
2021-02-18,361.9011535644531,64.07527160644531,50.59977722167969,120.11572265625,99.83151245117188,14.383380889892578,166.32000732421875,71.39777374267578
2021-02-19,361.26202392578125,64.26067352294922,50.92731475830078,118.51915740966797,99.43048858642578,14.374679565429688,167.00999450683594,71.80963134765625
2021-02-22,358.48333740234375,64.10054016113281,49.431278228759766,117.61744689941406,99.26840209960938,14.696629524230957,169.50999450683594,72.40724182128906
2021-02-23,358.918701171875,64.15953826904297,49.65258026123047,117.27833557128906,99.34517669677734,14.766240119934082,169.1199951171875,72.85951232910156
2021-02-24,362.87371826171875,64.36180877685547,49.33390426635742,116.5090103149414,99.20867919921875,14.992476463317871,169.0,73.41670989990234
2021-02-25,354.1300048828125,63.266212463378906,48.20965576171875,114.60628509521484,97.88623809814453,14.870657920837402,165.82000732421875,72.01154327392578
2021-02-26,352.3052673339844,62.37289810180664,47.563438415527344,118.39510345458984,98.7650146484375,14.557406425476074,161.80999755859375,70.96167755126953
2021-03-01,360.8452453613281,63.54432678222656,48.838172912597656,116.83134460449219,98.65401458740234,14.435589790344238,161.52999877929688,71.27664947509766
2021-03-02,358.0294189453125,63.476905822753906,48.360145568847656,116.83966827392578,98.83332061767578,14.496499061584473,162.41000366210938,70.5902099609375
2021-03-03,353.2871398925781,63.08924102783203,48.26276779174805,115.57247924804688,98.30400848388672,14.583512306213379,160.6199951171875,70.18643188476562
2021-03-04,348.91522216796875,62.490867614746094,47.138526916503906,114.8270492553711,97.8173828125,14.809748649597168,159.0399932861328,69.3869400024414
2021-03-05,355.3341064453125,62.8953857421875,47.65195846557617,115.05065155029297,97.68081665039062,15.114297866821289,159.13999938964844,70.1460189819336
2021-03-08,353.5649719238281,62.676292419433594,46.36837387084961,114.15616607666016,97.29667663574219,14.905463218688965,157.49000549316406,70.7517318725586
2021-03-09,358.613037109375,63.519039154052734,47.38638687133789,115.73814392089844,97.75764465332031,14.905463218688965,160.83999633789062,71.22012329101562
2021-03-10,360.8452453613281,63.78873825073242,47.1739387512207,115.97004699707031,97.9625244140625,15.001179695129395,161.66000366210938,71.93077850341797
2021-03-11,364.50390625,64.12582397460938,48.66112518310547,115.13351440429688,97.9283676147461,15.227415084838867,161.52000427246094,72.77066802978516
2021-03-12,364.99481201171875,64.28595733642578,47.79359817504883,112.69021606445312,97.21978759765625,15.15780258178711,161.49000549316406,73.99009704589844
2021-03-15,367.1715087890625,64.3365249633789,47.90867233276367,113.35274505615234,97.33934020996094,15.105596542358398,162.1999969482422,75.0884017944336
2021-03-16,366.7083740234375,64.44609069824219,48.112274169921875,112.8972396850586,97.322265625,15.044684410095215,162.35000610351562,74.78150939941406
2021-03-17,367.9588928222656,64.8253173828125,48.17424774169922,112.05242156982422,97.1600341796875,15.044684410095215,163.50999450683594,74.84612274169922
2021-03-18,362.6051330566406,64.23540496826172,47.28900909423828,110.9177474975586,96.55390167236328,14.331171989440918,162.55999755859375,74.08699798583984
2021-03-19,361.93414306640625,64.41236877441406,47.87326431274414,111.60517883300781,96.49414825439453,14.644421577453613,163.24000549316406,73.07752990722656
2021-03-22,364.8241882324219,64.47135925292969,47.731632232666016,112.85582733154297,96.81002044677734,14.618317604064941,163.0,73.5943832397461
2021-03-23,361.95281982421875,63.578033447265625,46.819847106933594,113.87455749511719,97.28810119628906,14.20935344696045,161.80999755859375,73.48939514160156
2021-03-24,360.11285400390625,63.25779342651367,45.74871826171875,114.48746490478516,97.41617584228516,14.583512306213379,162.3699951171875,73.07752990722656
2021-03-25,362.138671875,63.729732513427734,45.96116256713867,113.58467864990234,97.28810119628906,14.252860069274902,161.77999877929688,73.82160949707031
2021-03-26,367.97454833984375,64.5556411743164,47.156227111816406,113.18714141845703,96.96369934082031,14.592214584350586,162.24000549316406,75.41370391845703
2021-03-29,367.78857421875,64.30281829833984,46.82869338989258,112.22640991210938,96.63075256347656,14.609618186950684,160.30999755859375,74.9750747680664
2021-03-30,366.8128662109375,64.21853637695312,46.97918701171875,112.81446838378906,96.54534912109375,14.374679565429688,157.57000732421875,75.0725326538086
2021-03-31,368.2996826171875,63.94042205810547,47.21820068359375,112.18496704101562,96.4087905883789,14.45299243927002,159.9600067138672,74.61766052246094
2021-04-01,372.27703857421875,64.77476501464844,47.678524017333984,114.04688262939453,96.8359146118164,14.696629524230957,161.97999572753906,75.97418975830078
2021-04-05,377.6203918457031,65.71865844726562,47.86441421508789,113.54927825927734,96.56253814697266,14.479095458984375,161.9199981689453,76.26661682128906
2021-04-06,377.3973388671875,65.0191650390625,48.12998580932617,114.32064819335938,97.03238677978516,14.531305313110352,163.22000122070312,76.46156311035156
2021-04-07,377.83416748046875,65.15400695800781,47.42179489135742,113.52444458007812,96.97256469726562,14.574811935424805,162.75999450683594,76.51842498779297
2021-04-08,379.6276550292969,65.52481842041016,47.81129837036133,114.46158599853516,97.30571746826172,14.653122901916504,164.50999450683594,76.234130859375
2021-04-09,382.38751220703125,65.7270736694336,47.40409469604492,114.04688262939453,97.04944610595703,14.600915908813477,163.27000427246094,76.14479064941406
2021-04-12,382.5269775390625,65.36468505859375,47.12081527709961,113.99707794189453,96.98965454101562,14.609618186950684,162.27999877929688,76.591552734375
2021-04-13,383.66058349609375,65.74393463134766,47.31557083129883,114.85135650634766,97.39118194580078,14.766240119934082,163.42999267578125,76.97332000732422
2021-04-14,382.3504333496094,65.79449462890625,47.55458450317383,114.4864273071289,97.27156066894531,15.105596542358398,162.72000122070312,76.5671615600586
2021-04-15,386.457763671875,66.34229278564453,47.988346099853516,116.40229797363281,97.8951644897461,15.201311111450195,165.35000610351562,77.907470703125
2021-04-16,387.7494812011719,66.82266998291016,48.112274169921875,115.49832153320312,97.6303482055664,15.175206184387207,166.35000610351562,78.07804870605469
2021-04-19,385.844482421875,66.70469665527344,47.935237884521484,115.16654968261719,97.52781677246094,15.192608833312988,165.88999938964844,78.23239135742188
2021-04-20,383.01947021484375,65.50796508789062,47.54573059082031,115.69733428955078,97.81825256347656,15.166505813598633,166.47999572753906,78.87408447265625
2021-04-21,386.6436462402344,66.18218231201172,47.837852478027344,115.92955017089844,97.86949920654297,15.105596542358398,168.1300048828125,79.39396667480469
2021-04-22,383.1124267578125,65.96305847167969,47.66966247558594,116.4355239868164,97.94638061523438,15.227415084838867,167.0399932861328,78.96345520019531
2021-04-23,387.2661437988281,66.63726806640625,48.360145568847656,116.1617660522461,97.81825256347656,15.34923267364502,166.39999389648438,79.42645263671875
2021-04-26,388.07470703125,66.68783569335938,48.42211151123047,115.9959487915039,97.71578979492188,15.45365047454834,166.83999633789062,79.6620101928711
2021-04-27,387.99102783203125,66.4687271118164,48.39555358886719,114.98409271240234,97.33135986328125,15.584172248840332,166.4199981689453,79.65389251708984
2021-04-28,387.87957763671875,66.63726806640625,48.75850296020508,115.05870819091797,97.45950317382812,15.610275268554688,166.91000366210938,79.48332977294922
2021-04-29,390.3514404296875,66.66253662109375,48.64341735839844,114.71865844726562,97.28865051269531,15.714691162109375,166.22000122070312,80.16565704345703
2021-04-30,387.78662109375,65.82820892333984,47.78474426269531,114.98409271240234,97.37409210205078,15.584172248840332,165.66000366210938,80.48242950439453
2021-05-03,388.6230163574219,66.55298614501953,47.78474426269531,115.05306243896484,97.53988647460938,15.758198738098145,167.80999755859375,80.3281021118164
2021-05-04,386.22540283203125,65.56696319580078,47.244754791259766,115.83381652832031,97.66812896728516,16.0018367767334,166.5800018310547,79.80824279785156
2021-05-05,386.3462219238281,66.46029663085938,47.466060638427734,116.02485656738281,97.78777313232422,16.062746047973633,167.27000427246094,78.48419189453125
2021-05-06,389.4314880371094,67.0080795288086,47.917537689208984,116.2158432006836,97.83050537109375,16.14105796813965,170.05999755859375,78.92284393310547
2021-05-07,392.26568603515625,67.76656341552734,48.41326141357422,115.64273071289062,97.86471557617188,16.29768180847168,171.58999633789062,79.96257781982422
2021-05-10,388.3813781738281,67.40418243408203,47.54573059082031,114.47164154052734,97.66812896728516,16.184566497802734,172.11000061035156,79.93820190429688
2021-05-11,384.915283203125,66.51927947998047,47.4129524230957,113.82373809814453,97.50569152832031,16.358592987060547,172.13999938964844,78.93095397949219
2021-05-12,376.737548828125,65.45738220214844,46.102813720703125,112.62772369384766,97.03555297851562,16.341190338134766,170.42999267578125,76.93270111083984
2021-05-13,381.26318359375,65.94619750976562,46.040836334228516,112.80213165283203,97.36038208007812,15.88871955871582,171.1300048828125,77.93183898925781
2021-05-14,387.1175231933594,67.05020904541016,46.872962951660156,113.85699462890625,97.57408905029297,16.019241333007812,172.69000244140625,78.85785675048828
2021-05-17,386.132568359375,66.92382049560547,46.82869338989258,113.61611938476562,97.48004150390625,16.219369888305664,174.6999969482422,78.9390640258789
2021-05-18,382.8056945800781,67.06708526611328,47.457210540771484,113.32540130615234,97.48004150390625,16.14105796813965,175.0399932861328,78.955322265625
2021-05-19,381.802001953125,66.47713470458984,47.31557083129883,113.05130004882812,97.18944549560547,15.810405731201172,175.16000366210938,78.7035140991211
2021-05-20,385.9095153808594,67.35362243652344,47.589996337890625,113.98153686523438,97.59117889404297,15.645079612731934,175.9600067138672,79.58892822265625
2021-05-21,385.593505859375,67.44632720947266,47.04114532470703,114.34701538085938,97.62535095214844,15.79300308227539,176.0399932861328,79.50770568847656
2021-05-24,389.5243835449219,67.85926055908203,47.43065643310547,114.77063751220703,97.7193832397461,16.01053810119629,176.35000610351562,80.49867248535156
2021-05-25,388.6601257324219,67.87613677978516,47.89982604980469,115.83381652832031,98.07840728759766,15.958329200744629,177.9499969482422,80.47431945800781
2021-05-26,389.4314880371094,67.83397674560547,48.2539176940918,115.63448333740234,97.96728515625,15.98443603515625,177.63999938964844,80.83173370361328
2021-05-27,389.6358642578125,67.96041107177734,48.26276779174805,115.16930389404297,97.79634094238281,16.236774444580078,177.7100067138672,80.6448974609375
2021-05-28,390.3327941894531,68.12052917480469,48.572601318359375,114.98657989501953,97.78777313232422,16.184566497802734,178.3800048828125,81.13227081298828
2021-06-01,389.9890441894531,68.36493682861328,49.57291030883789,114.96077728271484,97.76981353759766,16.471712112426758,177.89999389648438,82.59440612792969
2021-06-02,390.6023864746094,68.59248352050781,49.65258026123047,115.22698974609375,97.88105010986328,16.558727264404297,178.77000427246094,83.56106567382812
2021-06-03,389.15264892578125,68.25536346435547,49.12144470214844,114.79444885253906,97.63297271728516,16.419504165649414,175.27000427246094,83.25236511230469
2021-06-04,392.7117614746094,68.83688354492188,49.564064025878906,116.36646270751953,98.17186737060547,16.602231979370117,177.16000366210938,83.2929916381836
2021-06-07,392.33074951171875,69.06442260742188,49.316192626953125,116.00883483886719,98.0948486328125,16.628337860107422,177.8699951171875,84.27587127685547
2021-06-08,392.4144287109375,69.03071594238281,49.077178955078125,116.82395935058594,98.37714385986328,16.793663024902344,177.32000732421875,84.97444152832031
2021-06-09,391.8289794921875,68.8453140258789,48.935543060302734,117.8553695678711,98.68505096435547,16.715351104736328,176.97999572753906,85.08818054199219
2021-06-10,393.65032958984375,69.03495788574219,49.32763671875,118.5624008178711,99.03578186035156,16.776262283325195,177.74000549316406,85.69739532470703
2021-06-11,394.3009033203125,69.19727325439453,49.15870666503906,118.37109375,98.89037322998047,16.724050521850586,175.74000549316406,85.35621643066406
2021-06-14,395.18365478515625,69.3168716430664,49.29207229614258,117.46446228027344,98.58244323730469,16.628337860107422,174.7100067138672,85.68927764892578
2021-06-15,394.458740234375,69.40229034423828,48.9542121887207,117.3230972290039,98.59956359863281,16.558727264404297,174.0500030517578,84.77136993408203
2021-06-16,392.25640869140625,68.97515869140625,48.28738784790039,117.22323608398438,97.92379760742188,16.463010787963867,171.11000061035156,84.2190170288086
2021-06-17,392.1263427734375,68.49675750732422,48.554115295410156,118.97825622558594,98.27449035644531,16.03664207458496,165.85000610351562,84.11338806152344
2021-06-18,386.83642578125,67.07864379882812,48.216251373291016,121.21581268310547,98.83051300048828,16.201969146728516,164.92999267578125,82.68379211425781
2021-06-21,392.3742980957031,67.95855712890625,48.420753479003906,119.186279296875,98.5140151977539,16.402101516723633,166.9499969482422,84.38957214355469
2021-06-22,394.4720764160156,67.96709442138672,48.1984748840332,119.4774169921875,98.693603515625,16.428203582763672,166.25,83.9509506225586
2021-06-23,393.9965515136719,67.53141784667969,48.49188232421875,119.169677734375,98.49689483642578,16.532621383666992,166.13999938964844,83.80474090576172
2021-06-24,396.32733154296875,68.18067169189453,48.93643569946289,119.36087036132812,98.47977447509766,16.593528747558594,166.0399932861328,83.62394714355469
2021-06-25,397.7351989746094,68.32589721679688,49.345420837402344,118.12158203125,98.27449035644531,16.5239200592041,166.58999633789062,84.18841552734375
2021-06-28,398.53692626953125,67.89022064208984,49.38987350463867,119.3359603881836,98.58244323730469,16.51521873474121,166.5800018310547,83.9429931640625
2021-06-29,398.75140380859375,67.90728759765625,49.35431671142578,119.53556823730469,98.63375854492188,16.593528747558594,164.8300018310547,83.71392059326172
2021-06-30,399.08709716796875,67.38617706298828,49.03423309326172,120.06793975830078,98.78771209716797,16.750154495239258,165.6300048828125,83.27218627929688
2021-07-01,401.296630859375,67.54849243164062,48.758609771728516,120.07465362548828,98.7166976928711,16.811067581176758,166.1999969482422,83.63211822509766
2021-07-02,404.36395263671875,67.7791519165039,48.70526123046875,120.79920959472656,99.07618713378906,16.967689514160156,167.2899932861328,83.88573455810547
2021-07-06,403.6274108886719,67.33491516113281,47.851722717285156,122.21508026123047,99.59832000732422,16.506515502929688,168.1199951171875,84.4992904663086
2021-07-07,405.0538635253906,67.70227813720703,47.79837417602539,123.29779052734375,99.88931274414062,16.306385040283203,168.75999450683594,84.79380798339844
2021-07-08,401.7535095214844,66.83090209960938,46.80257797241211,123.78082275390625,100.14611053466797,16.445608139038086,168.64999389648438,84.55655670166016
2021-07-09,406.0421142578125,67.96709442138672,47.611663818359375,122.0401382446289,99.64111328125,16.637039184570312,169.2100067138672,85.94727325439453
2021-07-12,407.4964904785156,68.25755310058594,47.6561164855957,121.88190460205078,99.58973693847656,16.66314125061035,169.0,86.68355560302734
2021-07-13,406.1073913574219,67.89876556396484,47.7005729675293,120.94908142089844,99.28160095214844,16.8023624420166,169.22000122070312,85.47279357910156
2021-07-14,406.71337890625,68.05252838134766,47.905067443847656,122.32334899902344,99.70954895019531,16.637039184570312,171.0399932861328,86.06999206542969
2021-07-15,405.32421875,67.40326690673828,48.02064895629883,123.6726303100586,100.12901306152344,16.550025939941406,171.07000732421875,86.2090835571289
2021-07-16,402.1450500488281,66.90779113769531,47.64722442626953,123.43941497802734,100.11186218261719,16.550025939941406,169.41000366210938,86.15180206298828
2021-07-19,396.20623779296875,65.6947021484375,46.84702682495117,126.14619445800781,100.96781158447266,15.88871955871582,169.61000061035156,84.58109283447266
2021-07-20,401.8839416503906,66.17308807373047,46.9981803894043,124.93023681640625,100.83943176269531,16.1236572265625,169.38999938964844,86.57720947265625
2021-07-21,405.1377258300781,67.18115997314453,47.300472259521484,123.34780883789062,100.25739288330078,16.445608139038086,168.75999450683594,86.56901550292969
2021-07-22,405.9861755371094,67.20677185058594,47.38938903808594,124.51378631591797,100.4885025024414,16.576128005981445,169.08999633789062,85.88184356689453
2021-07-23,410.16290283203125,67.6766357421875,46.68699264526367,123.68091583251953,100.33442687988281,16.66314125061035,168.55999755859375,86.59357452392578
2021-07-26,411.1698913574219,67.7706069946289,45.79788589477539,123.3144760131836,100.26594543457031,16.784961700439453,168.16000366210938,86.63447570800781
2021-07-27,409.2959289550781,67.49723815917969,44.87321853637695,124.63038635253906,100.69391632080078,16.689245223999023,168.44000244140625,87.12530517578125
2021-07-28,409.1280822753906,67.78770446777344,46.091285705566406,124.63868713378906,100.77953338623047,16.76755714416504,169.2899932861328,86.82262420654297
2021-07-29,410.82489013671875,68.25755310058594,46.32246017456055,123.94747161865234,100.47139739990234,17.063405990600586,171.1699981689453,86.83899688720703
2021-07-30,408.8297424316406,67.90728759765625,45.877906799316406,124.53044128417969,100.75383758544922,16.967689514160156,169.82000732421875,86.95352172851562
2021-08-02,407.97198486328125,68.24901580810547,46.206871032714844,125.64118194580078,101.19578552246094,16.784961700439453,169.61000061035156,86.7653579711914
2021-08-03,411.291015625,68.7359619140625,46.40247344970703,125.70792388916016,101.22146606445312,16.706647872924805,169.49000549316406,86.87171173095703
2021-08-04,409.267822265625,68.53092193603516,46.642539978027344,125.96639251708984,101.19578552246094,16.436904907226562,169.52999877929688,86.60176086425781
2021-08-05,411.85980224609375,68.86408996582031,46.571407318115234,125.32432556152344,100.82748413085938,16.680545806884766,168.86000061035156,87.61615753173828
2021-08-06,412.540283203125,68.6078109741211,46.18020248413086,123.2313232421875,100.23649597167969,16.541322708129883,164.63999938964844,87.46073150634766
2021-08-09,412.2046813964844,68.57363891601562,46.33135223388672,122.78929138183594,100.02240753173828,16.306385040283203,161.72000122070312,86.99441528320312
2021-08-10,412.7174987792969,68.7274169921875,46.39359664916992,122.22225189208984,99.83393859863281,16.602231979370117,161.77000427246094,86.16816711425781
2021-08-11,413.7430725097656,69.19727325439453,46.518062591552734,122.14723205566406,99.9453125,16.750154495239258,164.0,86.67536926269531
2021-08-12,414.9830017089844,69.13745880126953,46.10906982421875,121.94706726074219,99.84251403808594,16.689245223999023,164.0399932861328,86.86353302001953
2021-08-13,415.73822021484375,69.55606842041016,45.993492126464844,123.87332153320312,100.41637420654297,16.593528747558594,166.38999938964844,87.3380126953125
2021-08-16,416.7171325683594,69.19727325439453,45.57560348510742,124.17356872558594,100.63911437988281,16.550025939941406,167.22000122070312,87.2316665649414
2021-08-17,413.9853820800781,68.54801177978516,44.73984909057617,124.12354278564453,100.58769989013672,16.36729621887207,166.97000122070312,87.14167022705078
2021-08-18,409.4543151855469,68.28318786621094,44.81098937988281,124.5405502319336,100.53630828857422,16.175865173339844,167.10000610351562,86.34814453125
2021-08-19,410.0883483886719,67.6082992553711,44.046348571777344,125.4577407836914,100.75897216796875,15.949628829956055,166.61000061035156,86.7653579711914
2021-08-20,413.35150146484375,67.87313842773438,44.01078796386719,125.54115295410156,100.66473388671875,15.575468063354492,166.6999969482422,87.1989517211914
2021-08-23,416.9874572753906,68.50529479980469,44.6776123046875,125.4577407836914,100.69046020507812,16.14105796813965,168.72999572753906,87.03532409667969
2021-08-24,417.6494140625,68.65052795410156,45.691192626953125,124.48206329345703,100.41637420654297,16.48041534423828,168.64999389648438,86.65081787109375
2021-08-25,418.5257873535156,68.6761474609375,45.744544982910156,123.44808197021484,100.02240753173828,16.628337860107422,167.47999572753906,86.59357452392578
2021-08-26,416.05517578125,68.31735229492188,45.30887985229492,123.79000091552734,100.02240753173828,16.497814178466797,167.6699981689453,86.62628936767578
2021-08-27,419.7751159667969,68.94097900390625,45.869014739990234,124.63224792480469,100.34786224365234,16.706647872924805,170.19000244140625,87.53435516357422
2021-08-30,421.62109375,68.92390441894531,45.966819763183594,124.9574203491211,100.54486083984375,16.76755714416504,169.35000610351562,88.4096908569336
2021-08-31,420.9964904785156,68.88973999023438,46.598079681396484,124.10677337646484,100.3564224243164,16.689245223999023,169.69000244140625,88.82691955566406
2021-09-01,421.2201843261719,69.51336669921875,47.19377899169922,124.31475067138672,100.3992691040039,16.61093521118164,169.6999969482422,90.2503662109375
2021-09-02,422.51611328125,69.79527282714844,46.98040008544922,124.85741424560547,100.51927185058594,16.8023624420166,169.25,90.72486114501953
2021-09-03,422.41351318359375,70.11135864257812,47.229347229003906,123.7219467163086,100.27925872802734,16.819766998291016,171.05999755859375,90.74122619628906
2021-09-07,420.9032287597656,70.1626205444336,47.504966735839844,122.67822265625,99.88502502441406,16.628337860107422,167.7100067138672,89.71863555908203
2021-09-08,420.390380859375,69.60733795166016,46.81147003173828,123.51322174072266,100.1593017578125,16.750154495239258,167.2899932861328,90.16856384277344
2021-09-09,418.59100341796875,69.48773193359375,46.72255325317383,125.00778198242188,100.4421157836914,16.628337860107422,168.02999877929688,88.33607482910156
2021-09-10,415.2906494140625,69.33395385742188,46.66921615600586,123.90557098388672,100.12501525878906,16.845870971679688,167.17999267578125,87.04349517822266
2021-09-13,416.3534851074219,69.88070678710938,46.79368591308594,124.65705108642578,100.2449951171875,16.97639274597168,167.74000549316406,87.63253784179688
2021-09-14,414.106689453125,69.59024810791016,46.40247344970703,126.16837310791016,100.62213134765625,16.967689514160156,168.82000732421875,87.47708892822266
2021-09-15,417.5655517578125,69.79527282714844,46.39359664916992,125.72582244873047,100.4506607055664,17.246135711669922,167.8300018310547,87.75524139404297
2021-09-16,416.9035949707031,69.6842269897461,45.869014739990234,125.14964294433594,100.13357543945312,17.12431526184082,164.02999877929688,87.82884979248047
2021-09-17,412.84246826171875,68.77012634277344,45.67341613769531,124.54853057861328,99.84217071533203,16.98509407043457,163.77000427246094,87.04349517822266
2021-09-20,405.9586486816406,67.49723815917969,44.44644546508789,126.09319305419922,100.34786987304688,16.784961700439453,164.94000244140625,86.51175689697266
2021-09-21,405.5751647949219,68.1635971069336,44.775413513183594,125.9846420288086,100.28785705566406,16.8023624420166,166.0399932861328,86.55265808105469
2021-09-22,409.5315246582031,68.50529479980469,45.33554458618164,126.73609161376953,100.38213348388672,16.99379539489746,165.4199981689453,87.3952865600586
2021-09-23,414.5072937011719,69.24853515625,45.691192626953125,123.87223052978516,99.47362518310547,17.25483512878418,163.50999450683594,87.2234878540039
2021-09-24,415.19012451171875,68.59928894042969,45.148834228515625,122.66159057617188,99.17363739013672,17.333147048950195,163.3000030517578,86.29085540771484
2021-09-27,414.0022888183594,68.55655670166016,45.44223403930664,122.21067810058594,98.907958984375,17.568084716796875,163.63999938964844,85.1302261352539
2021-09-28,405.6594543457031,67.0615463256836,44.85542678833008,120.3070068359375,98.53083038330078,17.428863525390625,162.0500030517578,84.55399322509766
2021-09-29,406.3421936035156,66.90779113769531,44.43755340576172,120.51571655273438,98.6336669921875,17.446266174316406,161.32000732421875,85.18783569335938
2021-09-30,401.37567138671875,66.64295196533203,44.79319381713867,120.49901580810547,98.75367736816406,17.559385299682617,164.22000122070312,83.7802505493164
2021-10-01,406.1457824707031,66.80526733398438,44.74874496459961,121.5131607055664,99.15678405761719,17.794321060180664,164.58999633789062,84.9655990600586
2021-10-04,400.9080505371094,66.10475158691406,44.09080505371094,121.20378875732422,99.0367202758789,18.08146858215332,165.36000061035156,84.9820556640625
2021-10-05,405.0794372558594,66.5575180053711,44.40199279785156,120.03338623046875,98.7279281616211,18.307703018188477,164.58999633789062,84.39761352539062
2021-10-06,406.76300048828125,66.11329650878906,44.153038024902344,120.7105712890625,98.75367736816406,18.003156661987305,165.02999877929688,85.20429229736328
2021-10-07,410.2798156738281,66.62586212158203,45.015472412109375,119.44820404052734,98.35911560058594,18.22939109802246,164.16000366210938,85.43478393554688
2021-10-08,409.5315246582031,66.61732482910156,45.18440628051758,118.61225128173828,98.14472961425781,18.290300369262695,164.22999572753906,84.6280746459961
2021-10-11,406.566650390625,66.40376281738281,45.095489501953125,118.31127166748047,97.90457916259766,18.412118911743164,163.9199981689453,84.84210968017578
2021-10-12,405.5658264160156,66.43792724609375,44.864322662353516,120.33436584472656,98.3505630493164,18.412118911743164,164.66000366210938,85.95335388183594
2021-10-13,407.02490234375,67.0957260131836,45.486698150634766,121.50473022460938,98.53925323486328,18.51653480529785,167.58999633789062,86.5789566040039
2021-10-14,413.87127685546875,67.76206970214844,45.62895202636719,121.95621490478516,98.77084350585938,18.707965850830078,168.0,87.63259887695312
2021-10-15,417.02325439453125,68.32589721679688,46.18020248413086,121.24561309814453,98.2819595336914,18.864591598510742,165.3300018310547,87.56673431396484
2021-10-18,418.25787353515625,68.03544616699219,46.06462097167969,121.81411743164062,98.14472961425781,18.7514705657959,164.9199981689453,87.78897857666016
2021-10-19,421.4847412109375,68.44549560546875,46.6781005859375,120.13374328613281,97.79304504394531,18.79498291015625,165.4499969482422,87.83015441894531
2021-10-20,423.1401062011719,68.68470001220703,46.66921615600586,119.32278442382812,97.75019836425781,19.003812789916992,166.89999389648438,89.21304321289062
2021-10-21,424.24383544921875,68.36006164550781,46.366912841796875,119.1806869506836,97.49286651611328,18.7166690826416,166.75,89.33653259277344
2021-10-22,423.8042297363281,68.77012634277344,46.26911544799805,120.49323272705078,97.74161529541016,18.803682327270508,167.77000427246094,89.75633239746094
2021-10-25,426.0770568847656,68.6334228515625,46.50917053222656,120.3092269897461,97.86167907714844,18.899396896362305,168.92999267578125,90.0444107055664
2021-10-26,426.4604797363281,68.77012634277344,46.26911544799805,121.30411529541016,97.98173522949219,18.925500869750977,167.67999267578125,90.29136657714844
2021-10-27,424.5711975097656,68.49675750732422,45.89569091796875,123.51119995117188,98.53068542480469,18.577444076538086,168.1199951171875,89.52584838867188
2021-10-28,428.66778564453125,69.16310119628906,45.940147399902344,123.09314727783203,98.2733383178711,18.673158645629883,168.0800018310547,90.77703094482422
2021-10-29,429.5377197265625,68.76158142089844,45.27330780029297,123.46939849853516,98.31623840332031,18.577444076538086,166.64999389648438,89.75633239746094
2021-11-01,430.2765808105469,69.42792510986328,45.62895202636719,122.58039093017578,98.30853271484375,18.7166690826416,167.52000427246094,90.20082092285156
2021-11-02,432.01617431640625,69.28269958496094,45.219970703125,123.12450408935547,98.5488510131836,18.768875122070312,167.16000366210938,90.62884521484375
2021-11-03,434.65380859375,69.8465347290039,45.433353424072266,121.8521728515625,98.23983764648438,18.290300369262695,165.77000427246094,90.93343353271484
2021-11-04,436.70208740234375,69.80380249023438,45.32666015625,123.13287353515625,98.77198791503906,18.177183151245117,167.64999389648438,90.06912231445312
2021-11-05,438.21722412109375,69.90633392333984,45.27330780029297,124.97444152832031,99.31270599365234,18.429523468017578,169.83999633789062,90.53006744384766
2021-11-08,438.5914001464844,69.89778900146484,45.691192626953125,124.7400894165039,98.88359832763672,18.542640686035156,170.4499969482422,90.45600128173828
2021-11-09,437.14166259765625,69.7440185546875,45.51336669921875,126.36392974853516,99.33850860595703,18.690563201904297,171.2899932861328,90.6124038696289
2021-11-10,433.6249694824219,68.89826965332031,45.32666015625,124.05363464355469,98.48876953125,18.455625534057617,173.14999389648438,90.19259643554688
2021-11-11,433.76513671875,69.14602661132812,46.10906982421875,123.86952209472656,98.17120361328125,18.58614730834961,174.1199951171875,90.34074401855469
2021-11-12,437.03875732421875,69.52190399169922,46.233551025390625,123.32534790039062,98.37721252441406,18.560043334960938,174.4499969482422,90.27491760253906
2021-11-15,437.1883544921875,69.39376831054688,46.08240509033203,121.77678680419922,97.99095153808594,18.568744659423828,174.17999267578125,90.9087142944336
2021-11-16,438.9187316894531,69.23999786376953,46.1446418762207,121.4670639038086,97.90511322021484,18.542640686035156,172.9199981689453,90.30785369873047
2021-11-17,437.8525695800781,69.15455627441406,45.904579162597656,122.42972564697266,98.25702667236328,18.377315521240234,174.5,90.58770751953125
2021-11-18,439.33966064453125,69.222900390625,45.34444046020508,122.89010620117188,98.31709289550781,18.43822479248047,173.94000244140625,90.60416412353516
2021-11-19,438.553955078125,68.6334228515625,45.27330780029297,124.18762969970703,98.58318328857422,18.142377853393555,172.61000061035156,90.06912231445312
2021-11-22,437.3194274902344,68.23194122314453,44.90877914428711,122.73108673095703,97.86219787597656,18.272899627685547,168.74000549316406,89.6246109008789
2021-11-23,437.8992614746094,68.1635971069336,44.864322662353516,120.95653533935547,97.45880889892578,18.60354995727539,167.27999877929688,90.3489761352539
2021-11-24,439.0683898925781,67.71080017089844,44.80208969116211,122.89847564697266,97.75919342041016,18.533939361572266,167.1199951171875,91.44377899169922
2021-11-26,429.2757263183594,65.89117431640625,43.299503326416016,126.00401306152344,99.02091217041016,17.428863525390625,166.85000610351562,88.9002456665039
2021-11-29,434.5415344238281,66.22434997558594,43.46842956542969,124.99114227294922,98.79772186279297,17.428863525390625,166.6199951171875,89.55876159667969
2021-11-30,426.0862731933594,65.64341735839844,43.42396926879883,126.89127349853516,99.38997650146484,16.950286865234375,165.5,87.86308288574219
2021-12-01,421.353759765625,65.2675552368164,43.584007263183594,127.67405700683594,99.57722473144531,16.8023624420166,166.16000366210938,86.4143295288086
2021-12-02,427.8072509765625,66.07911682128906,44.117469787597656,127.83330535888672,99.36246490478516,16.950286865234375,165.24000549316406,89.00725555419922
2021-12-03,424.0848083496094,65.80574798583984,43.49509811401367,129.3585968017578,99.9465560913086,16.967689514160156,166.6300048828125,88.7109146118164
2021-12-06,429.10736083984375,66.43792724609375,43.83295822143555,127.58184814453125,99.44837951660156,17.263538360595703,166.22000122070312,90.26667785644531
2021-12-07,437.9833984375,67.8389663696289,44.52646255493164,126.55103302001953,99.07044219970703,17.524578094482422,166.80999755859375,91.56725311279297
2021-12-08,439.1431884765625,67.96709442138672,44.70428466796875,124.36366271972656,98.75264739990234,17.75951385498047,166.89999389648438,92.22576141357422
2021-12-09,436.1783447265625,67.40326690673828,44.49089813232422,125.05924987792969,99.00176239013672,17.489770889282227,165.8800048828125,90.89228057861328
2021-12-10,440.2842712402344,67.54849243164062,44.52646255493164,124.75753784179688,99.07044219970703,17.689905166625977,166.5800018310547,91.17214965820312
2021-12-13,436.3840637207031,66.91575622558594,43.8203239440918,126.6013412475586,99.54287719726562,17.602890014648438,167.0,92.02822875976562
2021-12-14,433.3817138671875,66.55941009521484,43.72112274169922,126.29960632324219,99.37103271484375,17.446266174316406,165.44000244140625,90.85110473632812
2021-12-15,440.1533203125,67.46334075927734,43.59486389160156,125.08441925048828,99.22506713867188,17.533281326293945,166.14999389648438,92.12699127197266
2021-12-16,436.2718505859375,67.47201538085938,43.64897537231445,125.13309478759766,99.51390838623047,17.637699127197266,168.16000366210938,92.09405517578125
2021-12-17,431.628662109375,66.62024688720703,43.432533264160156,126.55094146728516,99.73745727539062,17.428863525390625,167.8000030517578,91.97882080078125
2021-12-20,427.0389709472656,66.47249603271484,42.78321075439453,125.60292053222656,99.65149688720703,17.307043075561523,167.08999633789062,91.26268768310547
2021-12-21,434.6227722167969,67.21127319335938,43.50468063354492,125.12467956542969,99.25601196289062,17.672502517700195,167.02000427246094,92.29161071777344
2021-12-22,438.9683532714844,67.83705139160156,43.71210479736328,125.70358276367188,99.3505630493164,17.881336212158203,168.58999633789062,93.23825073242188
2021-12-23,441.69970703125,68.23686218261719,43.937564849853516,124.61282348632812,99.14424896240234,17.97705078125,168.97000122070312,93.13945770263672
2021-12-27,447.9507751464844,68.76702880859375,44.13597106933594,124.91490173339844,99.17863464355469,18.203285217285156,169.3699951171875,94.72064208984375
2021-12-28,447.5846252441406,68.79312133789062,43.991676330566406,124.41988372802734,99.16144561767578,18.168479919433594,168.63999938964844,95.06961059570312
2021-12-29,448.1571960449219,68.76702880859375,43.79327392578125,123.06068420410156,98.65418243408203,18.2554931640625,168.58999633789062,95.70939636230469
2021-12-30,446.9183044433594,68.58676147460938,44.29496383666992,124.09271240234375,98.98088836669922,18.168479919433594,169.8000030517578,96.12484741210938
2021-12-31,445.7919616699219,68.52579498291016,44.07839584350586,124.33597564697266,98.8691177368164,18.08146858215332,170.9600067138672,96.39070129394531
2022-01-03,448.373046875,68.96998596191406,44.39421463012695,121.07218170166016,97.94923400878906,18.151077270507812,168.3300018310547,95.63460540771484
2022-01-04,448.2228088378906,69.36189270019531,44.24081802368164,120.5687255859375,97.8976821899414,18.368614196777344,169.57000732421875,95.51828002929688
2022-01-05,439.615966796875,68.75223541259766,43.51896667480469,119.91432189941406,97.48499298095703,18.290300369262695,169.05999755859375,92.78468322753906
2022-01-06,439.20306396484375,68.40386199951172,43.717472076416016,120.22466278076172,97.2442398071289,18.44692611694336,166.99000549316406,92.86778259277344
2022-01-07,437.4667053222656,68.60417175292969,44.114498138427734,119.36050415039062,96.9261245727539,18.48172950744629,167.75,92.2529067993164
2022-01-10,436.9222412109375,67.9683837890625,44.114498138427734,119.6541748046875,96.90032958984375,18.403417587280273,168.25999450683594,91.72114562988281
2022-01-11,440.9018859863281,68.70868682861328,45.13412094116211,120.45125579833984,97.13249969482422,18.760173797607422,170.2899932861328,91.8624038696289
2022-01-12,442.09393310546875,69.37932586669922,45.88304901123047,119.98982238769531,97.14968872070312,18.908098220825195,170.74000549316406,91.97042083740234
2022-01-13,436.0024719238281,68.8741683959961,45.23337936401367,121.05536651611328,97.45915222167969,18.707965850830078,170.16000366210938,91.78763580322266
2022-01-14,436.1807556152344,68.80448913574219,45.21532440185547,119.22628784179688,96.7885971069336,18.95160484313965,169.6699981689453,90.95673370361328
2022-01-18,428.4561462402344,67.79420471191406,44.412261962890625,117.54822540283203,96.05780792236328,19.099529266357422,169.38999938964844,90.00122833251953
2022-01-19,424.0072937011719,67.73323059082031,44.60174560546875,118.36210632324219,96.28993225097656,19.20394515991211,172.0800018310547,88.78813934326172
2022-01-20,419.3143310546875,67.40228271484375,44.863426208496094,119.0920181274414,96.49626159667969,19.13433265686035,171.64999389648438,87.64983367919922
2022-01-21,411.0829772949219,66.48778533935547,44.213748931884766,120.51000213623047,97.05511474609375,19.151735305786133,171.08999633789062,87.43378448486328
2022-01-24,412.8287048339844,65.82586669921875,43.59115219116211,119.51994323730469,96.96910858154297,19.10822868347168,172.02999877929688,87.59998321533203
2022-01-25,407.78851318359375,65.42524719238281,43.509952545166016,119.3269271850586,96.84014892578125,19.282257080078125,172.5800018310547,87.2509994506836
2022-01-26,406.76544189453125,65.17266845703125,42.95952606201172,117.88381958007812,96.15237426757812,19.325763702392578,169.7899932861328,85.88836669921875
2022-01-27,404.7569274902344,64.86784362792969,42.46324920654297,120.048583984375,96.55644226074219,19.421480178833008,167.60000610351562,84.4675521850586
2022-01-28,414.8092041015625,65.0855712890625,42.670780181884766,120.0904769897461,96.77998352050781,19.43888282775879,167.10000610351562,87.20114135742188
2022-01-31,422.2803039550781,66.034912109375,44.06938171386719,119.46956634521484,96.77998352050781,19.50849151611328,168.08999633789062,88.27300262451172
2022-02-01,425.1336364746094,66.66197967529297,44.3400764465332,119.07299041748047,96.64915466308594,19.58680534362793,168.22999572753906,87.95726013183594
2022-02-02,429.2634582519531,67.15840911865234,44.26789093017578,119.47635650634766,96.84709930419922,19.665117263793945,168.83999633789062,89.07894134521484
2022-02-03,419.1736145019531,66.09586334228516,43.79868698120117,118.5437240600586,96.43403625488281,19.70862579345703,168.60000610351562,88.13175201416016
2022-02-04,421.1446533203125,66.25263977050781,43.906959533691406,116.79608154296875,95.69395446777344,19.865249633789062,168.86000061035156,87.25931549072266
2022-02-07,419.7930908203125,66.36585235595703,43.816734313964844,116.87171173095703,95.71978759765625,19.908756256103516,170.11000061035156,87.13468170166016
2022-02-08,423.2470397949219,66.70552825927734,44.24081802368164,116.09031677246094,95.40996551513672,19.734729766845703,170.6300048828125,86.72754669189453
2022-02-09,429.4417419433594,67.7854995727539,44.93560791015625,116.30875396728516,95.53910064697266,19.934860229492188,171.2100067138672,88.68843841552734
2022-02-10,421.72662353515625,66.9232406616211,44.63783645629883,114.46033477783203,94.66130065917969,19.830446243286133,170.55999755859375,86.59461212158203
2022-02-11,413.4106750488281,65.9129638671875,43.96110534667969,116.15751647949219,95.64231872558594,20.12628936767578,173.80999755859375,85.80526733398438
2022-02-14,412.05902099609375,65.4862060546875,43.65431213378906,114.71238708496094,94.97969818115234,20.2307071685791,174.74000549316406,85.02423095703125
2022-02-15,418.70428466796875,66.68810272216797,44.60174560546875,113.41008758544922,94.69571685791016,19.900054931640625,173.0800018310547,85.78863525390625
2022-02-16,419.1736145019531,66.94068908691406,44.92658233642578,114.08224487304688,94.89363098144531,19.926158905029297,174.86000061035156,86.18746948242188
2022-02-17,410.2194519042969,65.86070251464844,44.403236389160156,114.93089294433594,95.40138244628906,20.09148597717285,177.25,85.27350616455078
2022-02-18,407.5633544921875,65.58201599121094,43.96110534667969,116.14076232910156,95.7111587524414,20.169797897338867,177.1199951171875,84.75835418701172
2022-02-22,403.1894226074219,64.81558227539062,43.3385009765625,116.44316101074219,95.70256805419922,20.456945419311523,177.49000549316406,84.45091247558594
2022-02-23,396.0373229980469,64.28430938720703,42.83320617675781,114.83838653564453,95.20344543457031,20.648374557495117,178.2899932861328,83.05503845214844
2022-02-24,401.997314453125,63.42206954956055,41.94892883300781,114.91404724121094,95.42720031738281,20.735387802124023,177.13999938964844,84.45091247558594
2022-02-25,410.8670959472656,65.0071792602539,42.724918365478516,114.99806213378906,95.40138244628906,20.422136306762695,176.5500030517578,86.48658752441406
2022-02-28,409.81585693359375,63.770442962646484,42.16548538208008,117.51869201660156,96.48568725585938,20.770193099975586,178.3800048828125,85.19872283935547
2022-03-01,403.5742492675781,62.37693405151367,41.606048583984375,118.87738037109375,97.4253921508789,21.605525970458984,181.6199951171875,84.75003814697266
2022-03-02,410.9984130859375,63.16078567504883,41.67822265625,114.81381225585938,95.96113586425781,22.310335159301758,179.72999572753906,86.33702087402344
2022-03-03,408.95233154296875,61.91533279418945,41.09172058105469,115.98326873779297,96.37457275390625,22.55397605895996,180.8000030517578,87.04327392578125
2022-03-04,405.6297607421875,60.1212043762207,40.2615852355957,117.98558807373047,97.33062744140625,23.50242805480957,183.67999267578125,87.4421157836914
2022-03-07,393.672119140625,58.21382522583008,38.75470733642578,117.08539581298828,96.91720581054688,24.01580810546875,186.41000366210938,85.7138442993164
2022-03-08,390.6874084472656,58.71897506713867,38.88103103637695,115.90752410888672,96.28840637207031,24.424772262573242,191.50999450683594,85.29843139648438
2022-03-09,401.16204833984375,61.17503356933594,39.981868743896484,114.77180480957031,95.69408416748047,22.484363555908203,185.82000732421875,86.61119842529297
2022-03-10,399.3505554199219,60.44344711303711,39.23293685913086,113.12277221679688,95.25484466552734,22.21462059020996,186.39999389648438,86.82725524902344
2022-03-11,394.27288818359375,59.79023361206055,38.41182327270508,113.50137329101562,95.2289810180664,22.597482681274414,185.08999633789062,86.13761901855469
2022-03-14,391.3913879394531,60.33893966674805,37.48243713378906,110.85124969482422,94.02310943603516,21.936176300048828,182.3000030517578,85.464599609375
2022-03-15,399.99822998046875,60.91374969482422,37.53656768798828,110.65777587890625,93.98004913330078,21.396690368652344,178.88999938964844,86.03789520263672
2022-03-16,408.8677673339844,63.099815368652344,40.559349060058594,111.74305725097656,93.850830078125,21.21396255493164,180.00999450683594,87.05989837646484
2022-03-17,413.9831848144531,63.6310920715332,40.3518180847168,110.91015625,93.66998291015625,22.232025146484375,180.88999938964844,88.40591430664062
2022-03-18,418.5174865722656,64.24946594238281,40.9293098449707,112.26470184326172,93.94561004638672,22.336442947387695,179.3000030517578,88.40591430664062
2022-03-21,418.39501953125,63.84883117675781,40.29767608642578,109.66503143310547,92.7225112915039,23.17177391052246,180.6699981689453,87.86585235595703
2022-03-22,423.2908630371094,64.44978332519531,41.028560638427734,108.260009765625,92.21430206298828,23.119565963745117,179.36000061035156,88.09019470214844
2022-03-23,417.839599609375,63.61369323730469,40.75786209106445,110.63253021240234,92.83446502685547,23.693857192993164,181.80999755859375,87.10189056396484
2022-03-24,424.1382751464844,64.2059097290039,40.97441864013672,109.76595306396484,92.31766510009766,23.458919525146484,183.1300048828125,87.65325164794922
2022-03-25,426.20953369140625,64.24076080322266,40.64957809448242,108.24321746826172,91.37020111083984,23.63294792175293,182.3800048828125,88.7476806640625
2022-03-28,429.2411804199219,64.03173065185547,40.7849235534668,109.16861724853516,91.5769271850586,22.606184005737305,179.05999755859375,89.69172668457031
2022-03-29,434.55120849609375,65.45137023925781,41.479713439941406,109.99311065673828,92.0334243774414,22.693199157714844,179.13999938964844,92.32330322265625
2022-03-30,431.8680114746094,65.1813735961914,41.3624153137207,110.85124969482422,92.39518737792969,23.102161407470703,180.5800018310547,91.65496826171875
2022-03-31,425.2209777832031,64.10140228271484,40.73981857299805,111.1204833984375,92.5674819946289,22.67579460144043,180.64999389648438,90.5354995727539
2022-04-01,426.4261169433594,64.70235443115234,41.41655731201172,111.5434799194336,91.96471405029297,22.823720932006836,179.5,92.29825592041016
2022-04-04,430.07916259765625,64.96363830566406,42.14743423461914,110.76828002929688,91.90435028076172,23.2587890625,180.3699951171875,91.84712219238281
2022-04-05,424.64666748046875,64.083984375,41.37144088745117,108.26573181152344,90.8092041015625,23.067358016967773,179.24000549316406,91.39599609375
2022-04-06,420.4004821777344,63.31755447387695,40.83004379272461,107.38943481445312,90.4901351928711,22.884628295898438,179.66000366210938,92.4820327758789
2022-04-07,422.5188903808594,63.45691680908203,40.50521469116211,106.5805435180664,90.2659683227539,22.962940216064453,180.33999633789062,91.56307220458984
2022-04-08,421.3890686035156,63.4830322265625,40.54130172729492,105.42618560791016,89.8089370727539,23.250085830688477,181.47000122070312,91.71346282958984
2022-04-11,414.1865539550781,62.812408447265625,40.03599548339844,103.75784301757812,89.37779998779297,23.058656692504883,182.3699951171875,90.72764587402344
2022-04-12,412.6518859863281,62.342105865478516,39.9096794128418,103.61461639404297,89.8089370727539,23.746063232421875,183.77000427246094,90.59397888183594
2022-04-13,417.3782043457031,63.012725830078125,40.43302536010742,103.82527923583984,90.00727844238281,24.26814842224121,184.64999389648438,91.23725891113281
2022-04-14,412.1811218261719,62.72530746459961,39.9096794128418,101.74403381347656,89.19671630859375,24.450878143310547,184.0399932861328,90.84459686279297
2022-04-18,412.35064697265625,62.35952377319336,39.77433395385742,101.23846435546875,88.93802642822266,24.72932243347168,184.61000061035156,90.47701263427734
2022-04-19,419.0070495605469,62.655643463134766,39.5758171081543,100.48013305664062,88.35165405273438,24.0941219329834,181.82000732421875,92.44863891601562
2022-04-20,418.69635009765625,63.07369613647461,39.341217041015625,102.50234985351562,89.04148864746094,24.120222091674805,182.7100067138672,93.98583984375
2022-04-21,412.4353332519531,62.39435958862305,38.58326721191406,101.74403381347656,88.54997253417969,24.085420608520508,182.05999755859375,93.33419799804688
2022-04-22,401.1184387207031,61.37535858154297,38.240386962890625,101.10365295410156,88.59308624267578,23.62424659729004,180.2899932861328,91.69676971435547
2022-04-25,403.4439697265625,61.0792350769043,37.96065902709961,102.11477661132812,89.1622314453125,23.450220108032227,177.0500030517578,91.46282196044922
2022-04-26,391.75994873046875,59.37218475341797,37.130531311035156,103.1427230834961,89.7572250366211,23.77216911315918,177.32000732421875,89.95904541015625
2022-04-27,392.8614807128906,59.64216995239258,37.56364822387695,101.81983947753906,89.2571029663086,23.9374942779541,175.97999572753906,89.36587524414062
2022-04-28,402.78497314453125,60.48699188232422,38.10503387451172,101.97152709960938,89.12775421142578,24.137624740600586,176.92999267578125,91.01168823242188
2022-04-29,387.89971923828125,59.78152084350586,38.240386962890625,100.64863586425781,88.65345764160156,23.954898834228516,176.91000366210938,86.83454132080078
2022-05-02,390.2347412109375,59.63346481323242,38.186248779296875,98.90399932861328,87.99300384521484,24.320358276367188,173.6300048828125,84.73761749267578
2022-05-03,392.0235290527344,60.0776481628418,38.465965270996094,99.57080078125,88.09657287597656,23.981002807617188,174.08999633789062,85.7902603149414
2022-05-04,403.9618225097656,61.13148880004883,38.88103103637695,100.11941528320312,88.66642761230469,24.72932243347168,175.8000030517578,86.77606201171875
2022-05-05,389.6038513183594,59.16315841674805,37.44634246826172,97.3763198852539,87.77716827392578,24.598800659179688,175.1300048828125,84.4619140625
2022-05-06,387.2784118652344,58.58833312988281,36.93201446533203,95.94146728515625,87.27641296386719,24.624902725219727,175.4199981689453,83.45941162109375
2022-05-09,374.8787536621094,56.8203239440918,35.867271423339844,96.78546905517578,87.92393493652344,23.511127471923828,172.8800048828125,79.78352355957031
2022-05-10,375.7449035644531,57.24708557128906,36.03871154785156,97.66329193115234,88.21746826171875,23.371906280517578,171.4199981689453,78.32988739013672
2022-05-11,369.7757568359375,56.907413482666016,35.78607177734375,99.54546356201172,88.76139068603516,23.946197509765625,172.82000732421875,78.16278839111328
2022-05-12,369.3898010253906,56.768070220947266,35.55146789550781,99.35981750488281,89.0549545288086,24.059314727783203,170.1699981689453,78.77265930175781
2022-05-13,378.2210693359375,58.3444709777832,36.53499984741211,97.89119720458984,88.58868408203125,24.38996696472168,168.7899932861328,80.85285949707031
2022-05-16,376.6864318847656,58.396732330322266,36.390628814697266,97.78986358642578,88.95995330810547,24.790231704711914,170.39999389648438,80.34326171875
2022-05-17,384.43499755859375,59.485408782958984,37.2839241027832,96.60823059082031,88.28655242919922,24.520488739013672,169.3300018310547,81.43766784667969
2022-05-18,368.93780517578125,58.06576919555664,36.390628814697266,98.6677017211914,88.91680908203125,23.989704132080078,169.4199981689453,79.07340240478516
2022-05-19,366.67822265625,58.623172760009766,36.968116760253906,98.90399932861328,89.2362289428711,24.29425048828125,171.91000366210938,78.7225341796875
2022-05-20,366.83837890625,59.0238037109375,37.12150573730469,100.02658081054688,89.65066528320312,24.329055786132812,172.02999877929688,79.22379302978516
2022-05-23,373.701904296875,60.025394439697266,37.40122604370117,98.3807144165039,89.10672760009766,24.51178741455078,172.8300018310547,80.14274597167969
2022-05-24,370.8490295410156,59.92958068847656,36.751556396484375,100.32202911376953,89.87511444091797,24.494382858276367,174.1300048828125,80.8194351196289
2022-05-25,374.1256103515625,59.946998596191406,36.93201446533203,100.71868133544922,90.05638885498047,24.668411254882812,173.0800018310547,81.5044937133789
2022-05-26,381.6011047363281,60.60892105102539,37.50950622558594,100.26293182373047,90.01327514648438,24.938154220581055,172.75999450683594,81.60476684570312
2022-05-27,390.96905517578125,61.340518951416016,37.94261932373047,100.50769805908203,90.14274597167969,25.23400115966797,172.85000610351562,83.79358673095703
2022-05-31,388.775390625,60.97472381591797,38.47499465942383,98.3807144165039,89.20171356201172,25.059972763061523,171.13999938964844,82.76599884033203
2022-06-01,385.6307373046875,60.330223083496094,38.20429229736328,98.26825714111328,88.69942474365234,25.181795120239258,172.22999572753906,82.08094024658203
2022-06-02,392.9744567871094,61.584373474121094,38.86298751831055,98.31902313232422,88.82913208007812,25.756084442138672,174.35000610351562,83.20879364013672
2022-06-03,386.525146484375,60.70471954345703,38.231353759765625,98.1076431274414,88.65625,25.999723434448242,172.5800018310547,82.09766387939453
2022-06-06,387.7019958496094,60.9485969543457,38.43888854980469,96.29817199707031,87.99064636230469,26.11284065246582,171.82000732421875,81.83867645263672
2022-06-07,391.42095947265625,61.13148880004883,38.55619430541992,97.33818817138672,88.34503936767578,26.286865234375,172.94000244140625,82.96651458740234
2022-06-08,387.1654052734375,60.27797317504883,38.763729095458984,96.47572326660156,88.01654815673828,26.521804809570312,172.77999877929688,81.05335998535156
2022-06-09,377.95745849609375,59.0120849609375,37.84646224975586,96.79702758789062,87.9387435913086,26.565311431884766,172.22999572753906,79.13188171386719
2022-06-10,366.998291015625,57.58775329589844,37.4278678894043,96.19670104980469,87.07432556152344,26.304269790649414,174.5399932861328,77.37747955322266
2022-06-13,353.0641174316406,55.68269729614258,36.11748123168945,93.1781005859375,85.52698516845703,26.0084228515625,169.92999267578125,73.50944519042969
2022-06-14,352.00018310546875,55.157466888427734,36.617977142333984,92.00286102294922,84.8440933227539,25.72127914428711,168.57000732421875,72.94972229003906
2022-06-15,357.0184326171875,56.19011688232422,37.10026931762695,93.71925354003906,86.0283203125,25.73868179321289,170.77000427246094,74.67904663085938
2022-06-16,345.2025451660156,54.952728271484375,35.96278762817383,94.4633560180664,86.59022521972656,25.85179901123047,172.69000244140625,72.71578979492188
2022-06-17,345.9466857910156,54.730167388916016,36.099281311035156,94.76773834228516,86.61618041992188,24.92945098876953,171.27000427246094,73.26716613769531
2022-06-21,354.6553649902344,55.55806350708008,36.68167495727539,93.16123962402344,86.1666488647461,24.868541717529297,170.6300048828125,74.28638458251953
2022-06-22,354.012451171875,55.184181213378906,36.02648162841797,95.72319793701172,87.255859375,24.424772262573242,171.30999755859375,75.23043823242188
2022-06-23,357.4826965332031,55.121864318847656,36.13568115234375,96.50955963134766,87.74858093261719,23.876585006713867,170.25999450683594,76.65971374511719
2022-06-24,368.848388671875,56.76875305175781,36.99106979370117,95.17359161376953,87.43740844726562,24.102821350097656,170.08999633789062,78.290771484375
2022-06-27,367.43951416015625,56.52839279174805,37.03657531738281,94.36188507080078,86.94466400146484,24.050613403320312,169.89999389648438,78.1730728149414
2022-06-28,359.9316711425781,56.145606994628906,36.80907440185547,94.80155181884766,87.05702209472656,24.337759017944336,169.6199951171875,77.22299194335938
2022-06-29,359.63861083984375,55.93195724487305,36.66347885131836,96.28125,87.75721740722656,23.92009162902832,169.49000549316406,76.7437744140625
2022-06-30,356.71673583984375,55.6292839050293,36.490577697753906,97.12678527832031,88.43148040771484,23.18047523498535,168.4600067138672,76.6008529663086
2022-07-01,360.4895324707031,55.7628173828125,36.26307678222656,98.12395477294922,89.37946319580078,23.293594360351562,168.32000732421875,77.97969055175781
2022-07-05,361.17041015625,54.56993103027344,35.980987548828125,98.89493560791016,89.70845031738281,21.727344512939453,164.75,77.7610855102539
2022-07-06,362.39019775390625,54.614444732666016,35.762577056884766,97.2343978881836,88.94662475585938,21.4053955078125,162.13999938964844,77.61815643310547
2022-07-07,367.8177185058594,55.44233703613281,36.48147201538086,96.37872314453125,88.40117645263672,22.29293441772461,162.22999572753906,77.82833862304688
2022-07-08,367.5151672363281,55.50465393066406,36.48147201538086,95.31121063232422,87.86444091796875,22.68449592590332,162.3000030517578,77.4163818359375
2022-07-11,363.31683349609375,54.60554122924805,35.50778579711914,96.9548110961914,88.55702209472656,22.6409912109375,161.42999267578125,77.24822998046875
2022-07-12,360.1018981933594,54.59664535522461,35.37128448486328,97.5309066772461,88.76478576660156,21.614229202270508,160.8300018310547,76.945556640625
2022-07-13,358.2107238769531,54.56993103027344,35.28938674926758,98.64922332763672,89.14572143554688,21.736047744750977,161.60000610351562,76.57563781738281
2022-07-14,357.3408508300781,53.804351806640625,34.97089767456055,97.84437561035156,88.65225219726562,21.53591537475586,159.3300018310547,75.88622283935547
2022-07-15,364.16790771484375,54.658958435058594,35.15289306640625,98.39505767822266,88.95524597167969,21.814359664916992,159.00999450683594,77.17256927490234
2022-07-18,361.1609802246094,54.881507873535156,35.39858627319336,97.36993408203125,88.695556640625,22.223323822021484,159.16000366210938,76.62608337402344
2022-07-19,370.9191589355469,56.37706756591797,35.980987548828125,96.84465789794922,88.28865814208984,22.310335159301758,159.5399932861328,78.6102523803711
2022-07-20,373.2831726074219,56.003173828125,35.82628631591797,97.09882354736328,88.20207977294922,22.29293441772461,158.0399932861328,78.42529296875
2022-07-21,377.0843811035156,56.581809997558594,36.23578643798828,98.77630615234375,89.20632934570312,21.91877555847168,160.27000427246094,79.04743194580078
2022-07-22,373.58575439453125,56.43937683105469,35.87178039550781,100.4368667602539,90.22792053222656,21.657732009887695,160.6699981689453,79.45941925048828
2022-07-25,374.03961181640625,56.875579833984375,35.99919128417969,99.4541015625,89.9075698852539,22.04929542541504,160.22999572753906,79.59391784667969
2022-07-26,369.61431884765625,56.08329391479492,35.717079162597656,99.53031158447266,89.94219970703125,22.092802047729492,160.0399932861328,79.67800903320312
2022-07-27,379.2119140625,57.409706115722656,36.381378173828125,98.97113800048828,90.12401580810547,22.597482681274414,161.6699981689453,80.15721130371094
2022-07-28,383.9681396484375,57.70347595214844,36.53607177734375,99.75907135009766,91.0157241821289,22.614885330200195,163.63999938964844,82.7551498413086
2022-07-29,389.5658874511719,58.50466537475586,36.36317443847656,99.48797607421875,91.05036163330078,22.719301223754883,164.10000610351562,83.20074462890625
2022-08-01,388.4122619628906,58.58478546142578,36.053775787353516,101.88397979736328,91.58285522460938,22.258129119873047,165.02999877929688,82.52815246582031
2022-08-02,385.8498229980469,57.65006637573242,35.880882263183594,99.7281494140625,90.3166732788086,22.14501190185547,164.0500030517578,81.46881103515625
2022-08-03,391.8919372558594,57.988338470458984,36.16297912597656,101.29834747314453,90.68960571289062,21.95357894897461,164.4499969482422,81.72943878173828
2022-08-04,391.6272888183594,58.28211212158203,36.41777420043945,101.26438903808594,91.14923095703125,21.718643188476562,167.1699981689453,81.60333251953125
2022-08-05,390.9653015136719,57.872615814208984,36.45417785644531,98.85394287109375,89.83098602294922,21.64033317565918,165.2899932861328,81.83035278320312
2022-08-08,390.51141357421875,58.00614547729492,36.499671936035156,100.4496078491211,90.36003112792969,21.9013729095459,166.69000244140625,82.561767578125
2022-08-09,388.9607238769531,57.6945686340332,36.36317443847656,100.05915832519531,90.09117126464844,22.0841007232666,167.1999969482422,83.01580810546875
2022-08-10,397.1304016113281,58.994285583496094,36.81816864013672,99.40560913085938,90.1432113647461,22.388647079467773,166.77999877929688,84.27690887451172
2022-08-11,397.1304016113281,58.97647476196289,36.963768005371094,97.08854675292969,89.5447998046875,22.823720932006836,166.33999633789062,84.07514190673828
2022-08-12,403.85345458984375,59.43048095703125,37.355064392089844,98.07308197021484,89.90038299560547,22.701900482177734,167.8699951171875,85.52122497558594
2022-08-15,405.5177001953125,59.074405670166016,37.18216323852539,97.98822021484375,90.18653869628906,22.42345428466797,165.7100067138672,85.86592102050781
2022-08-16,406.3119812011719,59.056602478027344,37.17306900024414,98.39561462402344,90.08248901367188,22.17111587524414,165.4199981689453,85.63893127441406
2022-08-17,403.4279479980469,58.58478546142578,37.018375396728516,97.36861419677734,89.47543334960938,22.258129119873047,164.35000610351562,85.1260757446289
2022-08-18,404.6004943847656,58.388938903808594,36.80907440185547,97.51293182373047,89.64886474609375,22.597482681274414,163.9199981689453,84.56275177001953
2022-08-19,399.1634216308594,57.58775329589844,36.30857849121094,95.94271087646484,88.87702941894531,22.58877944946289,162.72000122070312,83.67156982421875
2022-08-22,390.8518371582031,56.608516693115234,35.99007797241211,95.62022399902344,88.48673248291016,22.788915634155273,161.63999938964844,81.84713745117188
2022-08-23,389.90631103515625,56.63522720336914,36.181175231933594,95.09398651123047,88.2698974609375,23.163074493408203,162.77000427246094,80.79621124267578
2022-08-24,391.1544494628906,56.70643997192383,36.17207717895508,94.39799499511719,87.97505950927734,23.40671157836914,163.25,81.25862884521484
2022-08-25,396.67657470703125,57.32958221435547,36.95466995239258,95.71355438232422,88.53877258300781,23.076059341430664,163.75,82.46929168701172
2022-08-26,383.2494812011719,55.825130462646484,36.4086799621582,96.43500518798828,88.4347152709961,23.17177391052246,161.75999450683594,80.39263916015625
2022-08-29,380.7153015136719,55.70050048828125,36.181175231933594,95.63717651367188,87.93167877197266,23.511127471923828,161.86000061035156,79.66960144042969
2022-08-30,376.5359191894531,55.29991149902344,35.75348663330078,95.87481689453125,87.90565490722656,22.8585262298584,160.50999450683594,78.56820678710938
2022-08-31,373.6708679199219,54.926021575927734,35.880882263183594,94.95816040039062,87.54141998291016,22.379947662353516,159.27000427246094,78.19828033447266
2022-09-01,374.84326171875,54.18714141845703,35.598785400390625,93.21965026855469,86.84549713134766,21.9013729095459,157.8699951171875,78.3412094116211
2022-09-02,370.890869140625,53.83106231689453,35.27118682861328,93.74701690673828,87.3320083618164,22.04929542541504,159.25999450683594,77.24822998046875
2022-09-06,369.49151611328125,53.69752502441406,34.85259246826172,91.42501831054688,86.35900115966797,21.91877555847168,158.3300018310547,77.94605255126953
2022-09-07,376.12933349609375,54.16933822631836,35.161991119384766,92.8709487915039,86.92372131347656,21.396690368652344,159.94000244140625,79.46780395507812
2022-09-08,378.58782958984375,54.2049446105957,34.97089767456055,91.91835021972656,86.60222625732422,21.483707427978516,158.97999572753906,79.6864013671875
2022-09-09,384.46923828125,55.58477783203125,35.48958969116211,92.12245178222656,86.61093139648438,22.092802047729492,159.82000732421875,80.55238342285156
2022-09-12,388.6014709472656,56.359256744384766,36.01737976074219,91.3655014038086,86.40241241455078,22.39735221862793,160.6300048828125,81.33428192138672
2022-09-13,371.70404052734375,54.400794982910156,34.907196044921875,91.57814025878906,85.9158935546875,22.28423309326172,158.5399932861328,78.22349548339844
2022-09-14,373.12237548828125,54.57883834838867,35.0800895690918,91.892822265625,85.95932006835938,22.379947662353516,157.92999267578125,77.33231353759766
2022-09-15,368.8862609863281,54.098121643066406,34.70699691772461,91.83325958251953,85.6639404296875,21.727344512939453,154.97999572753906,75.90302276611328
2022-09-16,366.07208251953125,53.76874923706055,34.38850402832031,91.0677719116211,85.73345184326172,21.649030685424805,155.83999633789062,75.91143035888672
2022-09-19,368.91094970703125,53.955692291259766,34.497703552246094,91.28043365478516,85.49018859863281,21.718643188476562,155.9600067138672,75.8021469116211
2022-09-20,364.67633056640625,53.03877258300781,34.30660629272461,90.37034606933594,84.96019744873047,21.69253921508789,155.07000732421875,73.96088409423828
2022-09-21,358.3149719238281,52.34440612792969,33.73330307006836,91.88431549072266,85.29903411865234,21.5620174407959,155.7899932861328,72.7922592163086
2022-09-22,355.30517578125,52.19306945800781,33.56950759887695,89.53678131103516,84.01323699951172,21.622928619384766,155.6999969482422,71.86741638183594
2022-09-23,349.3521423339844,50.52836990356445,32.74142074584961,89.90254974365234,84.11746978759766,20.892011642456055,153.00999450683594,70.91219329833984
2022-09-26,345.8960876464844,49.78059768676758,32.34102249145508,88.18446350097656,82.71869659423828,20.404733657836914,151.22999572753906,68.92350769042969
2022-09-27,345.0131530761719,49.442317962646484,32.304622650146484,85.86246490478516,82.15399169921875,20.622272491455078,151.5399932861328,68.00567626953125
2022-09-28,351.8017272949219,50.63520050048828,32.58671951293945,88.73728942871094,84.0045166015625,21.19655990600586,154.69000244140625,69.41644287109375
2022-09-29,344.45294189453125,50.03875732421875,31.858726501464844,88.27801513671875,83.61357116699219,21.066038131713867,154.66000366210938,67.37676239013672
2022-09-30,339.12652587890625,49.860721588134766,31.740432739257812,87.13829803466797,83.39637756347656,20.80499839782715,154.6699981689453,68.1331558227539
2022-10-03,348.0798645019531,50.848846435546875,32.259124755859375,88.52289581298828,84.38614654541016,21.27487564086914,158.42999267578125,69.34844970703125
2022-10-04,358.8657531738281,52.88743209838867,33.31471633911133,88.27560424804688,84.56022644042969,21.849164962768555,160.6999969482422,70.75071716308594
2022-10-05,358.0301513671875,52.32659912109375,33.33291244506836,87.43156433105469,83.75934600830078,22.240726470947266,159.80999755859375,69.36544799804688
2022-10-06,354.3367919921875,51.40968704223633,33.13270950317383,86.94562530517578,83.29800415039062,22.379947662353516,159.6300048828125,67.4362564086914
2022-10-07,344.45294189453125,50.59069061279297,32.44112777709961,86.1015396118164,82.88887023925781,22.614885330200195,157.8800048828125,65.81304931640625
2022-10-10,341.8229675292969,50.305824279785156,31.986129760742188,84.76301574707031,82.4013900756836,22.362548828125,155.47999572753906,65.19264221191406
2022-10-11,339.6581726074219,49.75388717651367,31.476533889770508,85.13815307617188,82.61032104492188,22.04059410095215,155.16000366210938,65.85552215576172
2022-10-12,338.537841796875,49.59365463256836,31.512935638427734,85.5558853149414,82.88016510009766,22.04059410095215,155.99000549316406,65.1671371459961
2022-10-13,347.47222900390625,50.617401123046875,31.60392951965332,84.73741149902344,82.53197479248047,22.345142364501953,154.91000366210938,66.35693359375
2022-10-14,339.5537414550781,49.860721588134766,31.130735397338867,84.03829956054688,82.07060241699219,21.9013729095459,152.97999572753906,64.70821380615234
2022-10-17,348.279296875,51.089202880859375,31.986129760742188,83.62906646728516,82.15764617919922,21.849164962768555,153.4199981689453,67.1473159790039
2022-10-18,352.3713684082031,51.454200744628906,31.995229721069336,83.82518005371094,82.3665542602539,21.614229202270508,153.75,67.87818145751953
2022-10-19,349.8743591308594,50.822147369384766,31.412837982177734,82.29905700683594,81.5047836303711,21.605525970458984,151.69000244140625,66.18696594238281
2022-10-20,346.9405517578125,50.706417083740234,31.613035202026367,80.8923110961914,80.89542388916016,21.622928619384766,151.4499969482422,65.89801788330078
2022-10-21,355.37164306640625,51.62333297729492,32.09532928466797,79.43441009521484,81.07823944091797,21.649030685424805,154.14999389648438,66.41644287109375
2022-10-24,359.7201843261719,51.632232666015625,30.875940322875977,78.77792358398438,80.9737777709961,21.709941864013672,153.64999389648438,66.4079360961914
2022-10-25,365.4643859863281,52.771705627441406,31.130735397338867,81.07131958007812,81.98355102539062,21.831762313842773,154.0,69.01699829101562
2022-10-26,362.71099853515625,53.270225524902344,31.640335083007812,82.2393798828125,82.4013900756836,22.240726470947266,154.97999572753906,68.97451782226562
2022-10-27,360.77410888671875,52.771705627441406,31.394636154174805,83.10050201416016,82.984619140625,22.27553367614746,154.74000549316406,69.07649993896484
2022-10-28,369.3572082519531,53.29693603515625,31.20353889465332,82.52928161621094,82.55806732177734,22.014488220214844,153.16000366210938,70.59774017333984
2022-10-31,366.6891784667969,52.79840850830078,31.112533569335938,81.94097137451172,82.18376159667969,21.857866287231445,151.91000366210938,70.521240234375
2022-11-01,365.0845947265625,53.21681213378906,31.685834884643555,82.7067642211914,82.1689224243164,22.188518524169922,153.4600067138672,70.49574279785156
2022-11-02,355.92236328125,52.44233322143555,31.421932220458984,82.34782409667969,82.02935791015625,22.388647079467773,152.38999938964844,68.5580825805664
2022-11-03,352.2574462890625,51.997222900390625,31.60392951965332,81.90337371826172,81.67166900634766,22.371246337890625,151.80999755859375,68.46458435058594
2022-11-04,357.32757568359375,54.08031463623047,32.941619873046875,80.52735137939453,81.49720001220703,23.128267288208008,156.47000122070312,69.3994369506836
2022-11-07,360.74560546875,54.249454498291016,32.95981216430664,79.72396087646484,81.2093276977539,22.92813491821289,155.85000610351562,69.3994369506836
2022-11-08,362.6919250488281,54.86370849609375,33.196414947509766,80.59571075439453,81.75018310546875,22.649690628051758,159.4499969482422,69.61190795898438
2022-11-09,355.2197265625,54.098121643066406,32.62311935424805,80.86064910888672,82.02935791015625,22.127609252929688,158.64999389648438,68.89804077148438
2022-11-10,374.7405700683594,57.13374328613281,33.80610275268555,83.97168731689453,83.87007904052734,22.327739715576172,163.47999572753906,73.93769073486328
2022-11-11,378.3675537109375,58.27320861816406,34.725189208984375,83.66400146484375,83.69561004638672,22.754106521606445,164.55999755859375,73.92919158935547
2022-11-14,375.14886474609375,57.65896987915039,34.515899658203125,83.45887756347656,83.49492645263672,22.41475486755371,164.9199981689453,72.12748718261719
2022-11-15,378.34857177734375,58.04175567626953,35.307586669921875,84.80926513671875,84.11434173583984,22.67579460144043,165.5,72.90934753417969
2022-11-16,375.46221923828125,57.908233642578125,34.7433967590332,86.6639175415039,84.73371124267578,22.42345428466797,165.1199951171875,72.2464599609375
2022-11-17,374.3133239746094,57.88151550292969,34.80709457397461,85.74939727783203,84.15795135498047,22.04929542541504,163.9199981689453,71.7535400390625
2022-11-18,376.0128173828125,57.997249603271484,34.606895446777344,85.15968322753906,83.861328125,21.892671585083008,162.7899932861328,72.66288757324219
2022-11-21,374.6456298828125,57.56104278564453,34.170101165771484,85.51863098144531,83.8089828491211,21.814359664916992,161.8800048828125,73.04532623291016
2022-11-22,379.6872253417969,58.36223220825195,34.25200271606445,86.73229217529297,84.28880310058594,22.04059410095215,162.07000732421875,73.44476318359375
2022-11-23,382.0798645019531,59.003177642822266,34.534095764160156,88.24503326416016,84.74241638183594,21.736047744750977,163.0800018310547,73.50425720214844
2022-11-25,381.9944763183594,59.30586242675781,34.370304107666016,87.94591522216797,84.71626281738281,21.54461669921875,163.22000122070312,73.97168731689453
2022-11-28,375.8988952636719,58.540279388427734,34.21559143066406,88.19376373291016,84.75117492675781,21.414094924926758,161.92999267578125,71.99150085449219
2022-11-29,375.2532958984375,58.709407806396484,34.952693939208984,87.15966796875,84.39348602294922,21.69253921508789,162.72999572753906,73.18132019042969
2022-11-30,387.073974609375,59.7509651184082,35.96278762817383,87.80059814453125,85.1524429321289,22.17981719970703,164.80999755859375,74.85552978515625
2022-12-01,386.7891540527344,60.329586029052734,35.844482421875,90.60549926757812,86.0824966430664,22.066699981689453,167.83999633789062,74.6940689086914
2022-12-02,386.34295654296875,60.285091400146484,35.980987548828125,91.74488067626953,86.25730895996094,21.831762313842773,167.25999450683594,74.47308349609375
2022-12-05,379.39288330078125,59.492801666259766,35.57148742675781,90.4598617553711,85.38320922851562,21.266172409057617,164.38999938964844,73.11332702636719
2022-12-06,373.92401123046875,59.22573471069336,35.52598571777344,91.62496948242188,85.90767669677734,20.926815032958984,164.83999633789062,72.42491912841797
2022-12-07,373.2878723144531,59.22573471069336,35.31669235229492,93.78388214111328,86.65941619873047,20.822402954101562,166.3300018310547,72.56940460205078
2022-12-08,376.2121887207031,59.528411865234375,35.744384765625,93.52688598632812,86.169921875,20.787595748901367,166.47000122070312,73.07930755615234
2022-12-09,373.40185546875,59.56401824951172,35.50778579711914,91.09381103515625,85.53182220458984,20.81369972229004,167.05999755859375,72.94334411621094
2022-12-12,378.7852783203125,59.7420539855957,35.39858627319336,91.38508605957031,85.40941619873047,21.039936065673828,165.67999267578125,73.50425720214844
2022-12-13,381.6526184082031,60.58935546875,35.651729583740234,92.26749420166016,86.17863464355469,21.387990951538086,168.50999450683594,74.86402130126953
2022-12-14,379.2125244140625,60.53573226928711,35.670204162597656,92.66159057617188,86.41466522216797,21.55331802368164,168.10000610351562,74.35411071777344
2022-12-15,369.9363098144531,58.98949432373047,34.84797286987305,93.02313995361328,86.58283996582031,21.292274475097656,165.35000610351562,73.35978698730469
2022-12-16,365.56884765625,58.47110366821289,34.94959259033203,91.9840316772461,86.3638687133789,21.022531509399414,166.7899932861328,71.46459197998047
2022-12-19,362.4689025878906,58.32810592651367,34.97731018066406,90.43819427490234,85.6632080078125,20.983139038085938,166.32000732421875,70.55525207519531
2022-12-20,362.9649353027344,58.56047821044922,34.96806716918945,88.83226776123047,85.04138946533203,21.07943344116211,169.0800018310547,70.37677001953125
2022-12-21,368.39215087890625,59.16824722290039,35.28218078613281,89.05555725097656,85.14651489257812,21.350805282592773,168.8000030517578,70.98017120361328
2022-12-22,363.13653564453125,58.685611724853516,34.96806716918945,89.0384292602539,85.12022399902344,21.07943344116211,166.75999450683594,70.68196868896484
2022-12-23,365.2254943847656,58.891178131103516,34.921878814697266,87.73306274414062,84.73484802246094,21.4646053314209,167.25999450683594,71.31112670898438
2022-12-27,363.78521728515625,58.98055648803711,35.439239501953125,85.99829864501953,84.02544403076172,21.65719223022461,168.6699981689453,71.28527069091797
2022-12-28,359.2640686035156,58.35491180419922,34.921878814697266,85.49162292480469,83.8239974975586,21.41208267211914,167.91000366210938,70.0700454711914
2022-12-29,365.7309875488281,59.27550506591797,35.503910064697266,86.46204376220703,84.23564147949219,21.385820388793945,168.85000610351562,71.60416412353516
2022-12-30,364.767578125,58.66773223876953,35.01426315307617,85.50019073486328,83.88529968261719,21.578407287597656,169.63999938964844,71.0870590209961
2023-01-03,363.23199462890625,59.186119079589844,35.309898376464844,87.13189697265625,84.54218292236328,21.061925888061523,171.05999755859375,71.15599822998047
2023-01-04,366.03619384765625,59.97265625,36.372337341308594,88.32559967041016,85.19026184082031,20.685508728027344,172.6699981689453,72.76768493652344
2023-01-05,361.85845947265625,59.37382125854492,36.261470794677734,88.69483947753906,85.06768798828125,20.580461502075195,170.52000427246094,70.8112564086914
2023-01-06,370.15667724609375,60.893253326416016,37.019039154052734,90.3265609741211,86.16243743896484,20.69426155090332,173.7100067138672,72.71598052978516
2023-01-09,369.94683837890625,61.15243911743164,37.29619598388672,90.80747985839844,86.38136291503906,20.93937110900879,174.10000610351562,72.74182891845703
2023-01-10,372.54119873046875,61.331199645996094,37.56412124633789,89.30461120605469,85.83837890625,20.93937110900879,174.74000549316406,72.90558624267578
2023-01-11,377.2530212402344,61.795963287353516,37.721168518066406,90.75594329833984,86.39013671875,21.3157901763916,174.6199951171875,75.51705932617188
2023-01-12,378.62652587890625,62.70762634277344,37.90594482421875,92.54222869873047,87.160888671875,21.49086570739746,176.63999938964844,76.47374725341797
2023-01-13,380.095458984375,63.0383186340332,38.15538787841797,91.67485809326172,86.69667053222656,21.700963973999023,178.75999450683594,75.99970245361328
2023-01-17,379.399169921875,63.234962463378906,37.94289779663086,91.08226013183594,86.42518615722656,21.849777221679688,177.58999633789062,76.21517181396484
2023-01-18,373.4090881347656,63.011505126953125,37.68421936035156,93.28937530517578,87.5987777709961,21.613422393798828,177.0800018310547,75.10335540771484
2023-01-19,370.6908264160156,62.91319274902344,37.970611572265625,92.70540618896484,87.43234252929688,21.832271575927734,179.88999938964844,74.68966674804688
2023-01-20,377.59649658203125,63.46733856201172,38.552642822265625,91.20252227783203,86.85430908203125,21.963579177856445,179.2899932861328,75.5773696899414
2023-01-23,382.1270446777344,63.726531982421875,38.82979965209961,90.77313232421875,86.57405853271484,22.016101837158203,179.6300048828125,75.922119140625
2023-01-24,381.7170104980469,63.64609146118164,38.857513427734375,92.07845306396484,87.07328796386719,21.89354705810547,180.27999877929688,76.11175537109375
2023-01-25,381.86004638671875,64.066162109375,38.89447021484375,92.30175018310547,87.16962432861328,21.832271575927734,181.11000061035156,76.14620971679688
2023-01-26,386.0567321777344,64.11978912353516,39.26401901245117,91.87239837646484,86.85430908203125,21.92856216430664,179.47000122070312,76.99945831298828
2023-01-27,386.94384765625,63.994667053222656,39.07924270629883,91.64048767089844,86.72295379638672,21.683454513549805,179.22000122070312,77.86134338378906
2023-01-30,382.0888671875,63.58353042602539,38.29396057128906,91.30555725097656,86.45146179199219,21.403329849243164,178.75999450683594,76.87019348144531
2023-01-31,387.7069396972656,63.949974060058594,38.2108154296875,92.03553771972656,86.88935089111328,21.770994186401367,179.41000366210938,78.48188018798828
2023-02-01,391.82733154296875,64.52200317382812,38.68198013305664,93.14189910888672,87.51429748535156,21.359560012817383,181.6699981689453,78.96453857421875
2023-02-02,397.5312194824219,64.4326171875,38.45101547241211,93.262451171875,87.47914123535156,21.20198631286621,177.89999389648438,80.7572021484375
2023-02-03,393.3057556152344,63.83378219604492,37.76736068725586,91.86764526367188,86.54004669189453,20.668001174926758,173.4600067138672,79.24032592773438
2023-02-06,390.9021911621094,63.18132019042969,37.21304702758789,91.18744659423828,85.79402923583984,20.729276657104492,173.82000732421875,78.66288757324219
2023-02-07,396.0146484375,63.717586517333984,37.360862731933594,90.45563507080078,85.58336639404297,21.123201370239258,173.97999572753906,78.4905014038086
2023-02-08,391.684326171875,63.3243293762207,37.31467056274414,90.88612365722656,85.8993148803711,21.16697120666504,174.41000366210938,78.11990356445312
2023-02-09,388.2886962890625,63.440521240234375,37.49020004272461,90.02513122558594,85.51316833496094,21.000648498535156,173.02999877929688,77.26665496826172
2023-02-10,389.19482421875,63.1634521484375,37.1298942565918,89.0177993774414,85.10063171386719,21.298282623291016,173.36000061035156,77.5338363647461
2023-02-13,393.7636413574219,63.798038482666016,37.43477249145508,89.76679992675781,85.30252838134766,21.254512786865234,172.47999572753906,78.22332763671875
2023-02-14,393.5823974609375,63.914222717285156,37.3701057434082,89.5601806640625,84.91630554199219,21.324542999267578,172.61000061035156,77.60277557373047
2023-02-15,394.8605041503906,63.62821578979492,37.055992126464844,88.72502136230469,84.66178894042969,21.096940994262695,170.88999938964844,77.9130630493164
2023-02-16,389.4237060546875,63.315391540527344,37.06522750854492,87.46797180175781,84.38094329833984,21.03566551208496,170.75,77.15460205078125
2023-02-17,388.45086669921875,63.47627639770508,36.658729553222656,88.14816284179688,84.61792755126953,20.878093719482422,171.25999450683594,76.85295867919922
2023-02-21,380.65814208984375,62.77912521362305,36.19680404663086,86.43478393554688,83.69632720947266,20.904356002807617,170.6199951171875,75.31018829345703
2023-02-22,380.1335754394531,62.43055725097656,36.02127456665039,87.22689056396484,83.84553527832031,20.632984161376953,169.66000366210938,74.62933349609375
2023-02-23,382.1556701660156,62.7523193359375,36.19680404663086,88.07928466796875,84.17027282714844,20.79055404663086,169.57000732421875,75.18953704833984
2023-02-24,378.0733337402344,61.70658874511719,35.38380813598633,86.9341812133789,83.66122436523438,20.720523834228516,168.35000610351562,73.87088775634766
2023-02-27,379.3609924316406,62.43949890136719,35.56857681274414,87.17526245117188,83.91576385498047,20.73802947998047,169.00999450683594,73.98291015625
2023-02-28,377.95892333984375,61.9836540222168,35.31913375854492,87.57131958007812,84.04740142822266,20.799306869506836,169.77999877929688,73.87950134277344
2023-03-01,376.5091247558594,62.314361572265625,36.076698303222656,86.63053131103516,83.37548065185547,21.158218383789062,170.75999450683594,72.94868469238281
2023-03-02,379.437255859375,62.43949890136719,36.20603942871094,85.86237335205078,83.03246307373047,21.07943344116211,170.66000366210938,73.80194091796875
2023-03-03,385.5226745605469,63.35114288330078,36.529396057128906,87.94242858886719,83.70088958740234,21.41208267211914,172.49000549316406,74.92235565185547
2023-03-06,385.7897033691406,63.19026565551758,36.400054931640625,87.26057434082031,83.55136108398438,21.307035446166992,171.6199951171875,74.62933349609375
2023-03-07,379.8760070800781,62.135597229003906,35.790306091308594,87.79570007324219,83.56017303466797,20.869340896606445,168.6199951171875,72.88836669921875
2023-03-08,380.49609375,62.47524642944336,35.9381217956543,87.88201904296875,83.53380584716797,20.755537033081055,168.5399932861328,73.724365234375
2023-03-09,373.47601318359375,62.01941680908203,35.14360427856445,88.09779357910156,84.05265808105469,20.501676559448242,170.1999969482422,72.03509521484375
2023-03-10,368.0869445800781,61.35801696777344,34.958831787109375,91.13594818115234,85.60059356689453,20.720523834228516,173.8699951171875,69.6477279663086
2023-03-13,367.562255859375,60.93793869018555,35.01426315307617,91.34312438964844,86.63838958740234,20.589214324951172,177.86000061035156,70.5613021850586
2023-03-14,373.6381530761719,61.75128173828125,35.032737731933594,89.84127044677734,85.82044982910156,20.326595306396484,176.8300018310547,71.2421875
2023-03-15,371.3012390136719,59.838584899902344,34.43223571777344,91.57614135742188,87.06053161621094,19.853885650634766,178.2100067138672,71.19046783447266
2023-03-16,377.8157958984375,60.76811599731445,34.958831787109375,90.8597412109375,86.27778625488281,19.915163040161133,178.57000732421875,71.03531646728516
2023-03-17,373.3981018066406,60.044158935546875,34.74634552001953,92.22345733642578,87.2979965209961,19.853885650634766,183.77000427246094,69.42362976074219
2023-03-20,376.98858642578125,60.982627868652344,34.87568283081055,91.41213989257812,86.94619750976562,19.93267059326172,183.83999633789062,70.21653747558594
2023-03-21,381.9385986328125,61.90322494506836,35.189796447753906,90.62672424316406,86.18984985351562,20.002700805664062,180.3699951171875,69.9062728881836
2023-03-22,375.427978515625,61.68870544433594,35.3283805847168,91.83505249023438,87.3243637084961,20.055225372314453,183.44000244140625,67.29480743408203
2023-03-23,376.44287109375,61.69765853881836,35.81801986694336,91.83505249023438,87.82569122314453,20.002700805664062,185.74000549316406,66.87248992919922
2023-03-24,378.9130554199219,61.50996017456055,35.72563171386719,92.22345733642578,87.85206604003906,20.0989933013916,183.64999389648438,68.58739471435547
2023-03-27,379.6215515136719,62.09091567993164,35.53162384033203,90.05704498291016,86.77030944824219,20.475414276123047,181.9499969482422,68.50904846191406
2023-03-28,378.7694396972656,62.11772155761719,36.03974151611328,90.22107696533203,86.717529296875,20.571706771850586,183.44000244140625,68.34368133544922
2023-03-29,384.27484130859375,62.86849594116211,36.1413688659668,90.03980255126953,86.56802368164062,20.440397262573242,182.52999877929688,69.85833740234375
2023-03-30,386.52484130859375,63.60140609741211,36.501678466796875,90.4540786743164,86.699951171875,20.589214324951172,184.17999267578125,70.77238464355469
2023-03-31,391.9728088378906,63.923152923583984,36.45547866821289,91.8091812133789,87.17485046386719,20.781801223754883,183.22000122070312,72.28707122802734
2023-04-03,393.4664001464844,64.4326171875,36.529396057128906,92.24097442626953,87.58551788330078,21.123201370239258,184.5399932861328,71.7125244140625
2023-04-04,391.28338623046875,64.4415512084961,36.529396057128906,92.69956970214844,88.14950561523438,21.096940994262695,187.97999572753906,71.61676788330078
2023-04-05,390.2589416503906,63.994667053222656,36.24300003051758,93.6687240600586,88.5196304321289,21.17572784423828,187.8300018310547,71.23374938964844
2023-04-06,391.78131103515625,64.2985610961914,36.390811920166016,93.91098022460938,88.54605102539062,21.114450454711914,186.49000549316406,71.72122955322266
2023-04-10,392.18341064453125,64.25386047363281,36.42776870727539,92.39672088623047,87.67366027832031,21.114450454711914,185.11000061035156,72.05203247070312
2023-04-11,392.2886657714844,64.46837615966797,36.64949417114258,92.58709716796875,87.63838195800781,21.22825050354004,186.27999877929688,72.3567123413086
2023-04-12,390.6897888183594,64.87950134277344,36.390811920166016,92.49190521240234,87.89393615722656,21.394577026367188,187.19000244140625,72.00849914550781
2023-04-13,395.8792419433594,65.71073150634766,36.88969802856445,91.76506042480469,87.60315704345703,21.394577026367188,189.72000122070312,71.79086303710938
2023-04-14,394.91217041015625,65.44258880615234,36.69568634033203,90.92569732666016,87.17133331298828,21.42083740234375,186.36000061035156,70.67662048339844
2023-04-17,396.3291931152344,65.3263931274414,36.85274124145508,89.84408569335938,86.61617279052734,21.33329963684082,185.52999877929688,72.14777374267578
2023-04-18,396.58770751953125,65.68390655517578,36.806549072265625,90.16423797607422,86.7571792602539,21.37706756591797,186.25,71.98238372802734
2023-04-19,396.5206604003906,65.47834777832031,36.4370002746582,90.07771301269531,86.57209777832031,21.07943344116211,185.36000061035156,72.40892791748047
2023-04-20,394.3568115234375,65.47834777832031,36.38157653808594,90.84782409667969,87.07440185546875,20.895601272583008,186.08999633789062,71.69510650634766
2023-04-21,394.6632080078125,65.80903625488281,36.03974151611328,90.33731079101562,86.8629150390625,20.851831436157227,184.25,71.70381164550781
2023-04-24,395.0749206542969,65.97885131835938,35.95659637451172,91.21124267578125,87.28593444824219,21.018156051635742,184.80999755859375,71.43396759033203
2023-04-25,388.8035888671875,65.05826568603516,35.28218078613281,92.55249786376953,88.14950561523438,20.720523834228516,185.75,70.72884368896484
2023-04-26,387.15673828125,65.0135726928711,35.485435485839844,91.56603240966797,87.80581665039062,20.405380249023438,184.74000549316406,70.04985809326172
2023-04-27,394.8643493652344,65.82691955566406,35.96583557128906,90.65744018554688,87.2330322265625,20.431642532348633,184.75,71.6341781616211
2023-04-28,398.2345275878906,65.80010223388672,36.15061569213867,92.11983489990234,87.8851318359375,20.624231338500977,184.8000030517578,72.51339721679688
2023-05-01,397.83233642578125,65.7017822265625,36.0305061340332,89.46359252929688,86.8507308959961,20.44915199279785,183.97000122070312,71.97368621826172
2023-05-02,393.3610534667969,65.04037475585938,35.679439544677734,91.6930160522461,87.9814224243164,19.985193252563477,187.52000427246094,70.75497436523438
2023-05-03,390.6610412597656,65.21019744873047,35.6240119934082,92.20487213134766,88.55559539794922,19.73133087158203,189.11000061035156,70.47639465332031
2023-05-04,387.8940124511719,65.07612609863281,35.910404205322266,91.29396057128906,88.5379409790039,19.810115814208984,190.44000244140625,71.05964660644531
2023-05-05,395.0749206542969,66.032470703125,36.390811920166016,90.9903793334961,88.06092071533203,20.25656509399414,187.4600067138672,72.24352264404297
2023-05-08,395.18023681640625,66.05036926269531,36.4092903137207,89.7151870727539,87.52207946777344,20.35285758972168,187.69000244140625,71.82569885253906
2023-05-09,393.4472351074219,65.7822265625,36.187564849853516,89.39418029785156,87.41607666015625,20.414134979248047,189.02000427246094,71.52102661132812
2023-05-10,395.2856140136719,65.64815521240234,36.169090270996094,90.26167297363281,88.06977081298828,20.35285758972168,188.75,72.20870208740234
2023-05-11,394.5962219238281,65.4872817993164,36.03974151611328,91.2159194946289,88.39659118652344,20.002700805664062,187.1300048828125,71.41655731201172
2023-05-12,394.07916259765625,65.37108612060547,35.614776611328125,90.45254516601562,87.8666000366211,19.84513282775879,186.80999755859375,71.4078598022461
2023-05-15,395.43878173828125,65.8716049194336,36.27070999145508,89.515625,87.67224884033203,20.07273292541504,187.2100067138672,71.28598022460938
2023-05-16,392.79620361328125,65.2459487915039,36.01203155517578,89.24674987792969,87.38958740234375,19.853885650634766,184.8699951171875,69.50143432617188
2023-05-17,397.5643615722656,65.54983520507812,36.17832565307617,88.98645782470703,87.10690307617188,20.090242385864258,184.22999572753906,70.44158172607422
2023-05-18,401.39410400390625,65.45153045654297,35.984317779541016,88.32718658447266,86.56807708740234,19.906410217285156,181.83999633789062,70.1020736694336
2023-05-19,400.8100280761719,65.83585357666016,36.01203155517578,87.70262145996094,86.2412109375,19.880146026611328,183.63999938964844,69.98892211914062
2023-05-22,400.9728698730469,65.85372924804688,36.30766296386719,87.39031219482422,86.08222198486328,19.897655487060547,183.2100067138672,70.41546630859375
2023-05-23,396.47283935546875,64.88843536376953,35.744110107421875,87.6418685913086,86.22354888916016,19.976438522338867,183.42999267578125,69.75386047363281
2023-05-24,393.6004333496094,63.941036224365234,35.4761962890625,87.2081527709961,86.00272369384766,19.985193252563477,181.9499969482422,68.2566146850586
2023-05-25,397.0090026855469,63.85166549682617,35.40228271484375,86.99124908447266,85.46387481689453,19.67005157470703,180.1999969482422,68.24789428710938
2023-05-26,402.1505432128906,64.477294921875,36.0305061340332,87.69393157958984,85.62289428710938,19.985193252563477,180.9199981689453,69.03136444091797
2023-05-30,402.3037109375,63.824851989746094,35.614776611328125,88.57009887695312,86.29423522949219,19.521236419677734,182.0399932861328,69.2925033569336
2023-05-31,400.0728454589844,63.1634521484375,35.28218078613281,89.34214782714844,86.62104797363281,19.302387237548828,182.32000732421875,69.64071655273438
2023-06-01,403.87396240234375,64.1019287109375,35.910404205322266,89.69268035888672,86.86190032958984,19.617528915405273,183.75999450683594,69.6494140625
2023-06-02,409.71441650390625,64.93313598632812,36.529396057128906,88.70980834960938,86.17125701904297,19.871395111083984,181.0500030517578,71.34690856933594
2023-06-05,408.9292907714844,64.55774688720703,36.52015686035156,88.54454040527344,86.14470672607422,19.81886863708496,182.13999938964844,70.8507308959961
2023-06-06,409.8197326660156,65.0940170288086,36.843505859375,89.06641387939453,86.19781494140625,19.84513282775879,182.33999633789062,71.52971649169922
2023-06-07,408.4026794433594,64.52152252197266,36.68522262573242,87.74435424804688,85.56916809082031,19.923917770385742,180.14999389648438,72.84418487548828
2023-06-08,410.8729553222656,65.20414733886719,36.9459228515625,88.77069091796875,86.14470672607422,19.95893096923828,182.52999877929688,72.39153289794922
2023-06-09,411.61016845703125,65.09491729736328,37.113525390625,88.64891815185547,85.83480072021484,19.83637809753418,182.0399932861328,71.97368621826172
2023-06-12,415.3442687988281,65.3770751953125,37.18800735473633,88.90985870361328,85.9764633178711,19.565006256103516,181.8800048828125,71.9910888671875
2023-06-13,418.08258056640625,65.9959945678711,37.56045150756836,88.03137969970703,85.36551666259766,19.82762336730957,180.5399932861328,72.45246124267578
2023-06-14,418.58050537109375,66.24172973632812,37.839778900146484,88.73589324951172,85.48060607910156,19.871395111083984,180.63999938964844,72.7223129272461
2023-06-15,423.7698974609375,66.94255828857422,38.1935920715332,89.58829498291016,86.14470672607422,20.291582107543945,181.91000366210938,73.1053466796875
2023-06-16,422.326416015625,66.79694366455078,38.06324005126953,89.24040222167969,85.77283477783203,20.54544448852539,181.6300048828125,73.05311584472656
2023-06-20,420.1353759765625,65.91407775878906,37.318363189697266,89.85792541503906,86.02960205078125,20.36161231994629,179.75,72.1913070678711
2023-06-21,417.9826354980469,66.01419830322266,37.14145278930664,90.07536315917969,86.10926818847656,20.65924835205078,179.49000549316406,71.75604248046875
2023-06-22,419.4914245605469,65.60462188720703,37.0110969543457,88.98814392089844,85.62227630615234,20.27407455444336,177.7100067138672,70.72884368896484
2023-06-23,416.320068359375,64.58523559570312,36.471065521240234,89.87532043457031,85.9764633178711,20.055225372314453,178.1999969482422,69.75386047363281
2023-06-26,414.61907958984375,64.66714477539062,36.592105865478516,89.97101593017578,86.18895721435547,20.08148765563965,178.50999450683594,71.36432647705078
2023-06-27,419.1647033691406,65.23145294189453,36.96454620361328,89.73615264892578,85.88790893554688,19.757591247558594,177.69000244140625,72.24352264404297
2023-06-28,419.3761291503906,65.27696990966797,36.74108123779297,90.1188735961914,86.23324584960938,19.696313858032227,177.27999877929688,72.34799194335938
2023-06-29,421.029052734375,65.18595123291016,36.54555130004883,88.49237060546875,85.3478012084961,19.705068588256836,177.08999633789062,73.15615844726562
2023-06-30,425.99749755859375,65.98688507080078,36.83419418334961,89.53609466552734,85.53372192382812,19.871395111083984,178.27000427246094,73.56110382080078
2023-07-03,426.4876403808594,65.91407775878906,37.243873596191406,89.02851867675781,85.16272735595703,19.871395111083984,178.47000122070312,74.2829818725586
2023-07-05,425.8533630371094,65.17684936523438,37.02040481567383,88.18257141113281,84.75445556640625,19.993947982788086,177.83999633789062,74.45025634765625
2023-07-06,422.5186462402344,64.0482406616211,36.26622772216797,86.93536376953125,84.06214904785156,19.950178146362305,177.30999755859375,73.87801361083984
2023-07-07,421.4518737792969,64.53063201904297,36.675907135009766,86.41207885742188,83.95561981201172,20.11650276184082,178.63999938964844,73.71077728271484
2023-07-10,422.5186462402344,64.71265411376953,36.70384216308594,86.52545166015625,84.39053344726562,20.1602725982666,178.77999877929688,74.02767944335938
2023-07-11,425.2094421386719,65.29515838623047,37.0762825012207,86.97026824951172,84.56804656982422,20.39662742614746,179.4499969482422,75.08409118652344
2023-07-12,428.6307067871094,66.5420913696289,37.90495681762695,87.9383316040039,85.39350128173828,20.54544448852539,181.8800048828125,75.48904418945312
2023-07-13,432.0326232910156,67.60697937011719,38.3984375,88.86278533935547,86.10357666015625,20.834321975708008,182.00999450683594,75.97322845458984
2023-07-14,431.7635498046875,67.2247085571289,38.18428039550781,88.33954620361328,85.67753601074219,20.69426155090332,181.42999267578125,75.82357788085938
2023-07-17,433.2627258300781,67.14279174804688,38.230838775634766,88.38314056396484,85.81954956054688,20.527936935424805,181.55999755859375,75.33058166503906
2023-07-18,436.4820861816406,67.57968139648438,37.95151138305664,88.7843246459961,85.91716766357422,20.799306869506836,183.63999938964844,74.91683959960938
2023-07-19,437.4527587890625,67.54326629638672,37.87702178955078,89.78728485107422,86.21009063720703,20.913108825683594,183.6699981689453,75.76195526123047
2023-07-20,434.5504455566406,67.1974105834961,37.597694396972656,88.69712829589844,85.52664184570312,20.97438621520996,182.74000549316406,75.51546478271484
2023-07-21,434.5504455566406,67.33393859863281,37.54182815551758,88.72327423095703,85.59764099121094,21.08818817138672,182.17999267578125,75.86759185791016
2023-07-24,436.4917297363281,67.17010498046875,38.05392837524414,88.40058135986328,85.39350128173828,21.4646053314209,181.39999389648438,76.49262237548828
2023-07-25,437.6833801269531,67.2428970336914,38.37050247192383,88.23487854003906,85.2337417602539,21.543392181396484,182.41000366210938,75.94680786132812
2023-07-26,437.75067138671875,67.42495727539062,38.593963623046875,88.32207489013672,85.52664184570312,21.438344955444336,183.3000030517578,76.29015350341797
2023-07-27,434.8484191894531,67.27022552490234,38.119102478027344,86.60397338867188,84.59469604492188,21.385820388793945,180.4199981689453,74.6351318359375
2023-07-28,439.1056213378906,67.75260925292969,39.0408935546875,87.04874420166016,84.8698501586914,21.51712989807129,181.86000061035156,74.57347869873047
2023-07-31,439.9417724609375,67.77081298828125,39.05951690673828,87.25807189941406,84.97636413574219,21.60466957092285,182.35000610351562,75.05768585205078
2023-08-01,438.682861328125,66.92435455322266,38.56603240966797,85.82817077636719,84.47982025146484,21.49086570739746,180.4600067138672,74.9344253540039
2023-08-02,432.58038330078125,65.67743682861328,37.64424133300781,84.90990447998047,84.31076049804688,21.16697120666504,179.60000610351562,74.50306701660156
2023-08-03,431.3406982421875,65.49539184570312,37.7932243347168,82.95091247558594,83.68785858154297,21.36831283569336,179.5399932861328,73.69314575195312
2023-08-04,429.3898620605469,65.67743682861328,37.74666976928711,84.42015075683594,84.57768249511719,21.403329849243164,180.19000244140625,73.09452056884766
2023-08-07,433.1378173828125,66.23262023925781,37.69080352783203,83.58934783935547,84.3730239868164,21.41208267211914,179.77999877929688,74.01007080078125
2023-08-08,431.2542419433594,65.8321533203125,37.23456954956055,84.56008911132812,84.8001480102539,21.385820388793945,178.63999938964844,73.53468322753906
2023-08-09,428.37115478515625,65.81394958496094,37.327674865722656,84.99737548828125,84.85353088378906,21.534637451171875,177.7899932861328,73.52589416503906
2023-08-10,428.5248718261719,66.09611511230469,37.383541107177734,83.59806060791016,84.20398712158203,21.42083740234375,177.60000610351562,73.2441635131836
2023-08-11,428.2750549316406,65.65013122558594,36.83419418334961,83.40568542480469,83.75907897949219,21.385820388793945,177.60000610351562,73.35863494873047
2023-08-14,430.6391296386719,65.35887145996094,36.65728759765625,83.22203826904297,83.62560272216797,21.280773162841797,177.05999755859375,72.87443542480469
2023-08-15,425.6226806640625,64.548828125,36.23828887939453,82.71479034423828,83.4654312133789,21.026912689208984,176.58999633789062,72.05572509765625
2023-08-16,422.4993896484375,64.02092742919922,35.91240692138672,82.067626953125,83.14509582519531,20.93937110900879,175.57000732421875,71.16658020019531
2023-08-17,419.2799987792969,63.56584930419922,35.9962043762207,81.71781158447266,83.03831481933594,20.99189567565918,175.3000030517578,70.5943832397461
2023-08-18,419.4818115234375,63.56584930419922,35.75412368774414,82.00639343261719,83.2874755859375,21.140708923339844,175.3300018310547,70.81444549560547
2023-08-21,422.2111511230469,63.802494049072266,35.837921142578125,80.91322326660156,82.77134704589844,21.08818817138672,175.80999755859375,70.16299438476562
2023-08-22,421.0674743652344,63.68416976928711,35.76343536376953,81.5341567993164,82.80693054199219,21.096940994262695,176.10000610351562,70.365478515625
2023-08-23,425.7572326660156,64.37590789794922,36.33140563964844,83.55435180664062,83.70568084716797,21.140708923339844,177.88999938964844,71.47470092773438
2023-08-24,419.8567199707031,63.493038177490234,36.191734313964844,83.00337219238281,83.39423370361328,21.158218383789062,177.85000610351562,71.2018051147461
2023-08-25,422.8165283203125,63.92081069946289,36.228981018066406,83.27449798583984,83.36756134033203,21.36831283569336,177.6199951171875,71.2546157836914
2023-08-28,425.497802734375,64.5943374633789,36.582801818847656,83.36195373535156,83.59888458251953,21.33329963684082,178.1300048828125,71.92366790771484
2023-08-29,431.6482849121094,65.39527893066406,37.04834747314453,84.22775268554688,84.19507598876953,21.41208267211914,179.8699951171875,72.79520416259766
2023-08-30,433.4261169433594,65.35887145996094,36.92730712890625,84.14028930664062,84.1861801147461,21.438344955444336,180.32000732421875,73.05931854248047
2023-08-31,432.79180908203125,65.1040267944336,36.471065521240234,84.51636505126953,84.35525512695312,21.525882720947266,180.02000427246094,72.52229309082031
2023-09-01,433.59918212890625,65.06761932373047,36.899375915527344,83.19972229003906,83.83959197998047,21.779747009277344,180.11000061035156,72.64555358886719
2023-09-05,431.72515869140625,64.50332641601562,36.601417541503906,82.03307342529297,83.33113098144531,21.884794235229492,178.63999938964844,71.8004379272461
2023-09-06,428.8228759765625,64.36679077148438,36.39657974243164,82.23482513427734,83.11700439453125,21.93731689453125,177.8300018310547,71.6507797241211
2023-09-07,427.5063171386719,64.15746307373047,35.9682731628418,82.46290588378906,83.40245819091797,21.89354705810547,178.02000427246094,72.09973907470703
2023-09-08,428.1501159667969,64.06644439697266,36.04275894165039,82.7786865234375,83.42032623291016,21.93731689453125,178.0800018310547,71.81803131103516
2023-09-11,430.9659423828125,64.73087310791016,36.48968505859375,82.18222045898438,83.27757263183594,22.068626403808594,178.41000366210938,71.82682800292969
2023-09-12,428.601806640625,64.4669189453125,36.37795639038086,82.65586853027344,83.3935546875,22.147411346435547,177.49000549316406,71.7916259765625
2023-09-13,429.1015625,64.26667022705078,36.33140563964844,82.6383285522461,83.49169158935547,22.217443466186523,177.0800018310547,71.00812530517578
2023-09-14,432.80145263671875,65.11312866210938,36.573486328125,82.04185485839844,83.30433654785156,22.401275634765625,177.1699981689453,72.29341888427734
2023-09-15,427.5869445800781,64.9675064086914,36.4338264465332,81.54187774658203,83.04566192626953,22.348752975463867,178.33999633789062,72.02052307128906
2023-09-18,427.83770751953125,64.73995971679688,36.38726806640625,82.00675964355469,83.1259536743164,22.339998245239258,179.38999938964844,71.37787628173828
2023-09-19,426.950439453125,64.79457092285156,36.17311477661133,81.40152740478516,82.82259368896484,22.357505798339844,179.22000122070312,71.05213165283203
2023-09-20,423.0253601074219,64.63984680175781,36.024139404296875,81.6558837890625,82.76016998291016,22.173673629760742,179.35000610351562,71.11376190185547
2023-09-21,416.03338623046875,63.56584930419922,35.40030288696289,79.55946350097656,82.14459991455078,22.1036434173584,178.0500030517578,68.69282531738281
2023-09-22,415.0979309082031,63.62046813964844,35.819297790527344,80.19977569580078,82.46575927734375,22.121150970458984,178.6199951171875,68.17343139648438
2023-09-25,416.843505859375,63.33831024169922,35.661014556884766,78.22615051269531,81.8591537475586,22.016101837158203,177.6999969482422,68.11180877685547
2023-09-26,410.7195129394531,62.5191650390625,35.15822219848633,77.95423126220703,81.83238220214844,21.98984146118164,176.27999877929688,66.87053680419922
2023-09-27,410.8835144042969,62.40083312988281,35.21408462524414,77.55073547363281,81.46659851074219,22.112396240234375,174.10000610351562,66.42154693603516
2023-09-28,413.26556396484375,62.91053009033203,35.307193756103516,77.7875747680664,81.6896743774414,22.08613395690918,173.22999572753906,67.05889892578125
2023-09-29,412.2626037597656,62.7285041809082,35.33512878417969,77.79632568359375,81.70747375488281,21.849777221679688,171.4499969482422,67.25447082519531
2023-10-02,412.0986022949219,61.80924606323242,35.15822219848633,76.4940185546875,81.0447006225586,21.683454513549805,169.64999389648438,66.01888275146484
2023-10-03,406.5823059082031,61.03559875488281,34.692665100097656,74.8485107421875,80.37388610839844,21.587160110473633,169.16000366210938,64.72997283935547
2023-10-04,409.5429992675781,61.14481735229492,34.590248107910156,75.90445709228516,80.88372039794922,20.983139038085938,169.13999938964844,65.5210952758789
2023-10-05,409.3886413574219,61.68180847167969,34.720603942871094,75.52609252929688,81.03578186035156,20.860584259033203,168.8300018310547,65.88555145263672
2023-10-06,414.2492370605469,62.36442565917969,35.22339630126953,74.61093139648438,80.56171417236328,20.93937110900879,169.6999969482422,66.06332397460938
2023-10-09,416.9013671875,62.273414611816406,35.05580139160156,76.3620376586914,81.59032440185547,21.37706756591797,172.82000732421875,66.7833251953125
2023-10-10,419.0712585449219,63.12898635864258,35.558589935302734,76.25643920898438,81.42931365966797,21.324542999267578,172.52999877929688,67.10336303710938
2023-10-11,420.78790283203125,63.39291763305664,35.78205490112305,77.84912109375,81.87651062011719,21.20198631286621,173.7899932861328,68.26780700683594
2023-10-12,418.22259521484375,62.86503219604492,35.381683349609375,75.73726654052734,81.08943176269531,21.193233489990234,173.25999450683594,67.27223205566406
2023-10-13,416.1394348144531,62.28252410888672,35.2513313293457,77.0923843383789,81.60822296142578,21.75348663330078,178.8300018310547,67.10336303710938
2023-10-16,420.51788330078125,62.73759460449219,35.51203918457031,75.85165405273438,81.12519836425781,21.683454513549805,177.9600067138672,67.90335845947266
2023-10-17,420.49859619140625,62.77401351928711,35.41892623901367,75.01570129394531,80.32913970947266,21.744731903076172,178.2899932861328,67.80559539794922
2023-10-18,414.8953857421875,61.68180847167969,34.8788948059082,74.3557357788086,79.95347595214844,21.93731689453125,180.8699951171875,66.36555480957031
2023-10-19,411.24993896484375,61.135711669921875,34.674049377441406,72.83343505859375,79.55996704101562,22.164920806884766,183.08999633789062,64.79219818115234
2023-10-20,406.19647216796875,60.5896110534668,34.25505828857422,73.24701690673828,80.02507019042969,21.998594284057617,183.58999633789062,64.35662841796875
2023-10-23,405.492431640625,60.635128021240234,34.227115631103516,74.126953125,80.40071868896484,21.858531951904297,182.97000122070312,63.72550582885742
2023-10-24,408.5495910644531,60.98099136352539,34.66474151611328,75.10372161865234,80.5438232421875,21.622177124023438,182.9499969482422,64.54329681396484
2023-10-25,402.6860046386719,60.544105529785156,34.20850372314453,73.4317855834961,79.83723449707031,21.779747009277344,183.72000122070312,63.156620025634766
2023-10-26,397.8640441894531,60.10723114013672,34.0409049987793,74.55813598632812,80.44544219970703,21.595914840698242,184.00999450683594,64.36551666259766
2023-10-27,396.0606384277344,59.92519760131836,34.01297378540039,74.24137115478516,80.5706787109375,21.884794235229492,186.14999389648438,63.334388732910156
2023-10-30,400.7958068847656,60.689735412597656,34.366790771484375,73.906982421875,80.30233764648438,21.534637451171875,185.10000610351562,63.73440170288086
2023-10-31,403.31292724609375,60.90817642211914,34.1712532043457,73.54620361328125,80.13238525390625,21.455852508544922,184.08999633789062,64.81886291503906
2023-11-01,407.6141662597656,61.48158264160156,34.487831115722656,75.14083862304688,81.05532836914062,21.49086570739746,183.50999450683594,65.2188720703125
2023-11-02,415.42584228515625,62.73759460449219,35.093040466308594,76.85379028320312,81.5576171875,21.718469619750977,184.1199951171875,67.36113739013672
2023-11-03,419.2159423828125,63.40203094482422,35.80998611450195,77.37477111816406,82.18547058105469,21.60466957092285,184.7899932861328,68.97003936767578
2023-11-06,420.18035888671875,63.08346176147461,36.09862518310547,76.62422943115234,81.71007537841797,21.692209243774414,183.35000610351562,67.97447967529297
2023-11-07,421.3761901855469,62.70119857788086,36.03345489501953,77.75443267822266,82.1764907836914,21.22825050354004,182.58999633789062,67.41446685791016
2023-11-08,421.6848449707031,62.619285583496094,35.79136276245117,79.07887268066406,82.5083236694336,20.99189567565918,180.77000427246094,67.63668060302734
2023-11-09,418.39617919921875,62.61017990112305,35.45616912841797,77.25995635986328,81.69217681884766,20.93937110900879,181.49000549316406,66.56999969482422
2023-11-10,424.9251708984375,62.8923225402832,35.70756912231445,77.69261932373047,81.78185272216797,21.044418334960938,179.50999450683594,67.1922378540039
2023-11-13,424.5201721191406,63.0561637878418,35.6982536315918,77.5160140991211,81.73698425292969,21.350805282592773,180.50999450683594,66.6322250366211
2023-11-14,432.756103515625,64.66714477539062,36.64797592163086,79.27313995361328,82.96575927734375,21.3157901763916,182.1199951171875,70.330078125
2023-11-15,433.67236328125,64.5670394897461,36.95523452758789,78.16059112548828,82.31997680664062,21.17572784423828,181.63999938964844,70.53451538085938
2023-11-16,434.2026672363281,64.52152252197266,36.601417541503906,79.13187408447266,82.93888854980469,20.668001174926758,183.69000244140625,70.3833999633789
2023-11-17,434.7427978515625,65.39527893066406,36.64797592163086,79.50271606445312,82.9926986694336,20.965635299682617,183.6699981689453,70.330078125
2023-11-20,438.08929443359375,65.64102172851562,37.10421371459961,79.98834991455078,83.10929870605469,21.22825050354004,183.3699951171875,70.84562683105469
2023-11-21,437.13446044921875,65.38617706298828,36.87143325805664,79.95304870605469,83.2169189453125,21.350805282592773,185.35000610351562,70.34783935546875
2023-11-22,438.82220458984375,65.5409164428711,36.79695129394531,80.23558807373047,83.19001007080078,21.16697120666504,184.55999755859375,70.69451141357422
2023-11-24,439.09222412109375,66.04148864746094,36.815574645996094,79.29080963134766,82.75947570800781,21.026912689208984,185.52000427246094,70.89897155761719
2023-11-27,438.3014221191406,65.81394958496094,36.66659927368164,80.61528015136719,83.38734436035156,20.88684844970703,186.77000427246094,71.15675354003906
2023-11-28,438.7353820800781,65.8321533203125,36.97385787963867,80.77417755126953,83.75509643554688,21.140708923339844,189.25999450683594,71.62787628173828
2023-11-29,438.4267578125,65.96868896484375,36.759708404541016,81.78958892822266,84.194580078125,21.289527893066406,189.5399932861328,72.1256332397461
2023-11-30,440.1531066894531,65.91407775878906,36.83419418334961,80.8448257446289,83.78197479248047,20.930618286132812,188.75,72.6501235961914
2023-12-01,442.75701904296875,66.60579681396484,36.99248123168945,82.36746978759766,84.57247924804688,20.834321975708008,192.00999450683594,74.4367904663086
2023-12-04,440.4327392578125,66.0870132446289,36.573486328125,82.03971862792969,84.22178649902344,20.69426155090332,187.86000061035156,74.97901916503906
2023-12-05,440.3459777832031,65.8503646850586,36.35002517700195,83.80240631103516,84.81531524658203,20.51042938232422,187.14999389648438,74.48124694824219
2023-12-06,438.5715026855469,66.05060577392578,36.30347442626953,84.9184799194336,85.16604614257812,20.011455535888672,187.83999633789062,74.2590103149414
2023-12-07,441.9179382324219,66.36915588378906,36.480377197265625,84.43128967285156,85.0401382446289,20.046470642089844,188.14999389648438,74.47236633300781
2023-12-08,443.8178405761719,66.56938934326172,36.322086334228516,83.74038696289062,84.4915542602539,20.134010314941406,185.63999938964844,74.34790802001953
2023-12-11,445.5440368652344,66.73321533203125,36.53624725341797,83.56324005126953,84.50055694580078,20.06397819519043,183.58999633789062,74.5523681640625
2023-12-12,447.5789489746094,66.8515396118164,36.54555130004883,83.81127166748047,84.68038940429688,19.757591247558594,183.49000549316406,74.50790405273438
2023-12-13,453.75115966796875,67.82542419433594,36.9086799621582,85.77766418457031,85.93946075439453,19.985193252563477,187.6300048828125,77.36128234863281
2023-12-14,455.2073974609375,68.32601165771484,37.448726654052734,88.00897979736328,86.65382385253906,20.317842483520508,188.72999572753906,79.59244537353516
2023-12-15,454.4579162597656,67.66159057617188,37.22525405883789,88.10675048828125,86.58167266845703,20.35285758972168,187.0,78.4724349975586
2023-12-18,457.0142517089844,67.82542419433594,37.206634521484375,87.40473175048828,86.39225769042969,20.498884201049805,187.85000610351562,78.2946548461914
2023-12-19,459.7933349609375,68.3988265991211,37.52320861816406,87.87569427490234,86.55462646484375,20.655014038085938,189.1300048828125,78.89021301269531
2023-12-20,453.4218444824219,67.70854949951172,36.84772872924805,88.4710464477539,86.97855377197266,20.416229248046875,188.10000610351562,77.93019104003906
2023-12-21,457.72113037109375,68.80524444580078,37.540279388427734,87.9112548828125,86.84325408935547,20.452964782714844,189.42999267578125,78.62130737304688
2023-12-22,458.6409912109375,68.8697509765625,37.36003112792969,87.5113754272461,86.76207733154297,20.416229248046875,190.27000427246094,78.92723846435547
2023-12-26,460.57763671875,69.1830825805664,37.65412521362305,87.76019287109375,86.81619262695312,20.61827850341797,191.72000122070312,79.51216125488281
2023-12-27,461.4103698730469,69.55171966552734,37.87232971191406,89.31523895263672,87.49267578125,20.526437759399414,192.58999633789062,79.89910125732422
2023-12-28,461.584716796875,69.36740112304688,38.16642761230469,88.66659545898438,87.1589584350586,20.351940155029297,191.47000122070312,80.46601867675781
2023-12-29,460.2484130859375,69.44112396240234,38.14745330810547,87.8667984008789,86.94245910644531,20.241731643676758,191.1699981689453,79.51216125488281
2024-01-02,457.6727600097656,68.66699981689453,37.701560974121094,87.36030578613281,86.61776733398438,20.076417922973633,190.72000122070312,80.1960678100586
2024-01-03,453.9350280761719,68.15091705322266,37.49284744262695,87.72464752197266,86.82521057128906,20.33357048034668,189.1300048828125,78.27932739257812
2024-01-04,452.472900390625,68.3075942993164,37.36951446533203,86.3917007446289,86.30206298828125,20.223363876342773,189.32000732421875,78.13536071777344
2024-01-05,453.09259033203125,68.35365295410156,37.41694641113281,85.5652847290039,85.98635864257812,20.324386596679688,189.35000610351562,77.93739318847656
2024-01-08,459.56097412109375,69.08171081542969,37.52130889892578,86.40946960449219,86.2750015258789,20.03049659729004,187.8699951171875,79.05322265625
2024-01-09,458.86376953125,68.4642562866211,36.99003982543945,85.85853576660156,86.2389144897461,20.177440643310547,187.92999267578125,78.52230834960938
2024-01-10,461.4588317871094,68.90660858154297,36.90464782714844,85.45862579345703,86.10364532470703,20.03968048095703,187.5,78.61229705810547
2024-01-11,461.2554931640625,68.89739990234375,37.05644226074219,85.93851470947266,86.56363677978516,20.18662452697754,187.8699951171875,77.8833999633789
2024-01-12,461.5750427246094,69.1830825805664,37.18925476074219,85.76966857910156,86.79815673828125,20.260099411010742,189.7100067138672,78.35133361816406
2024-01-16,459.8804626464844,68.02188873291016,36.28799057006836,84.25900268554688,86.09459686279297,20.085601806640625,187.91000366210938,77.7754135131836
2024-01-17,457.3241271972656,67.37678527832031,35.74722671508789,84.12572479248047,85.8149642944336,20.058048248291016,185.83999633789062,76.35363006591797
2024-01-18,461.3909912109375,67.97581481933594,36.041324615478516,83.34374237060547,85.62557983398438,20.18662452697754,187.3699951171875,75.93968200683594
2024-01-19,467.1428527832031,68.13248443603516,36.420806884765625,83.61031341552734,85.63461303710938,20.149890899658203,187.92999267578125,76.84856414794922
2024-01-22,468.13055419921875,68.34445190429688,36.09825134277344,84.10795593261719,85.89617156982422,20.232547760009766,187.22000122070312,77.3074951171875
2024-01-23,469.4957580566406,68.15091705322266,36.411319732666016,83.44149017333984,85.67967987060547,20.342754364013672,187.9499969482422,76.77655792236328
2024-01-24,470.009033203125,68.66699981689453,36.81926345825195,82.95272827148438,85.43616485595703,20.517253875732422,186.39999389648438,75.67872619628906
2024-01-25,472.5653991699219,68.86053466796875,36.86669921875,83.4947738647461,85.80595397949219,20.673383712768555,187.13999938964844,76.65058898925781
2024-01-26,471.96502685546875,69.16465759277344,36.89516067504883,83.3348388671875,85.65263366699219,20.76522445678711,187.00999450683594,76.43461608886719
2024-01-29,475.70263671875,69.57015228271484,36.91413497924805,84.29457092285156,86.16675567626953,20.59072494506836,188.3300018310547,76.93854522705078
2024-01-30,475.33477783203125,69.47798156738281,36.62003707885742,85.05877685546875,86.28401947021484,20.728487014770508,188.58999633789062,76.21864318847656
2024-01-31,467.5785217285156,69.12779998779297,36.420806884765625,85.89408111572266,87.00560760498047,20.50806999206543,188.4499969482422,75.48975372314453
2024-02-01,473.69830322265625,69.80976867675781,36.771827697753906,87.57897186279297,87.54451751708984,20.260099411010742,190.41000366210938,76.85755920410156
2024-02-02,478.68505859375,69.2568130493164,36.667476654052734,85.64445495605469,86.40521240234375,20.03049659729004,188.61000061035156,75.9036865234375
2024-02-05,476.942138671875,68.88818359375,36.71491241455078,83.91498565673828,85.5643310546875,20.1131534576416,187.57000732421875,74.3109359741211
2024-02-06,478.3268127441406,69.31210327148438,37.549774169921875,84.73515319824219,86.02543640136719,20.18662452697754,188.5500030517578,75.30978393554688
2024-02-07,482.31622314453125,69.27523040771484,37.59720993041992,84.32506561279297,85.87174987792969,20.278467178344727,188.5,75.20179748535156
2024-02-08,482.5292663574219,69.15543365478516,37.38848876953125,83.83476257324219,85.59144592285156,20.3886775970459,188.3300018310547,75.81370544433594
2024-02-09,485.3180236816406,69.39505004882812,37.549774169921875,83.66535949707031,85.43771362304688,20.44378089904785,187.60000610351562,75.9306869506836
2024-02-12,485.1050109863281,69.51485443115234,37.84386444091797,83.76342010498047,85.51909637451172,20.452964782714844,187.11000061035156,75.94869232177734
2024-02-13,478.4236145019531,68.4458236694336,37.13233947753906,82.32814025878906,84.5787582397461,20.33357048034668,184.52999877929688,74.3829345703125
2024-02-14,482.7713623046875,69.21073150634766,37.663612365722656,82.74716186523438,84.89519500732422,20.14070701599121,184.4199981689453,74.96784210205078
2024-02-15,486.10235595703125,69.99407196044922,37.84386444091797,83.17506408691406,85.13032531738281,20.18662452697754,185.66000366210938,76.71357727050781
2024-02-16,483.68157958984375,70.10467529296875,38.02412033081055,82.69366455078125,84.75959014892578,20.232547760009766,186.33999633789062,75.92169189453125
2024-02-20,481.0187683105469,70.3903579711914,38.0810432434082,82.7649917602539,84.90425109863281,20.122337341308594,187.47000122070312,75.78670501708984
2024-02-21,481.4544677734375,70.44566345214844,38.14745330810547,82.1766128540039,84.63299560546875,20.204994201660156,187.47999572753906,76.20964813232422
2024-02-22,491.4184265136719,71.23821258544922,38.53641891479492,82.5777816772461,84.64202880859375,20.260099411010742,187.55999755859375,76.35363006591797
2024-02-23,491.7572937011719,71.33036041259766,38.51744842529297,83.68321228027344,85.03082275390625,19.966209411621094,188.6199951171875,76.31763458251953
2024-02-26,489.9562072753906,71.22899627685547,38.3466796875,83.43360137939453,84.90425109863281,20.149890899658203,188.1999969482422,75.48076629638672
2024-02-27,490.866455078125,71.42252349853516,38.422576904296875,82.8452377319336,84.7143783569336,20.306018829345703,188.0,75.57074737548828
2024-02-28,490.2176818847656,71.00782012939453,37.91976547241211,83.37117004394531,85.02177429199219,20.223363876342773,188.33999633789062,76.33563232421875
2024-02-29,491.97998046875,71.19213104248047,37.93873977661133,83.95958709716797,85.19358825683594,20.195810317993164,189.30999755859375,76.98353576660156
2024-03-01,496.59881591796875,71.88331604003906,38.403602600097656,84.48271179199219,85.58250427246094,20.29683494567871,192.88999938964844,77.9013900756836
2024-03-04,496.0663146972656,71.69900512695312,38.31821823120117,84.14287567138672,85.39212799072266,20.36112403869629,196.00999450683594,78.63029479980469
2024-03-05,491.1085205078125,71.56997680664062,37.976680755615234,85.34123229980469,85.91798400878906,20.204994201660156,197.19000244140625,77.67643737792969
2024-03-06,493.59710693359375,72.41783905029297,38.52693557739258,85.84203338623047,86.12647247314453,20.37030792236328,198.80999755859375,78.0633773803711
2024-03-07,498.49676513671875,73.27491760253906,38.76411437988281,85.76155090332031,86.27155303955078,20.425413131713867,199.94000244140625,78.04537963867188
2024-03-08,495.5046691894531,73.03529357910156,38.72616195678711,85.60951232910156,86.33499145507812,20.36112403869629,201.6300048828125,78.94523620605469
2024-03-11,495.0786437988281,72.62059020996094,38.811546325683594,85.56481170654297,86.22621154785156,20.53562355041504,202.0,78.56730651855469
2024-03-12,500.404296875,73.20117950439453,39.238460540771484,84.84935760498047,85.87264251708984,20.48051643371582,199.7899932861328,78.39632415771484
2024-03-13,499.6200256347656,73.21039581298828,39.11513137817383,84.43800354003906,85.6822509765625,20.76522445678711,201.19000244140625,78.00038146972656
2024-03-14,498.6323547363281,72.6758804321289,38.91590118408203,83.14132690429688,85.0476303100586,20.829513549804688,200.35000610351562,76.83056640625
2024-03-15,495.2083740234375,72.70352172851562,38.67873001098633,83.1144790649414,84.90260314941406,20.902984619140625,199.7100067138672,76.65958404541016
2024-03-18,498.1514892578125,72.68509674072266,38.74513626098633,82.86408233642578,84.80286407470703,21.095849990844727,200.02999877929688,76.69558715820312
2024-03-19,500.9197692871094,72.8141098022461,38.555397033691406,83.09659576416016,85.0476303100586,21.086666107177734,199.8000030517578,76.66857147216797
2024-03-20,505.5530090332031,73.58824157714844,38.991798400878906,83.06976318359375,85.24706268310547,21.03156089782715,202.17999267578125,77.1725082397461
2024-03-21,507.2236633300781,73.55137634277344,39.039241790771484,83.2486343383789,85.25614929199219,21.004011154174805,201.97000122070312,77.73042297363281
2024-03-22,506.26214599609375,73.39469909667969,38.76411437988281,84.04450988769531,85.67317199707031,20.857065200805664,200.35000610351562,76.75208282470703
2024-03-25,504.8633117675781,73.238037109375,38.79257583618164,83.62419891357422,85.446533203125,21.03156089782715,200.99000549316406,76.2801513671875
2024-03-26,503.9308776855469,73.32098388671875,38.76411437988281,83.85672760009766,85.57344055175781,20.866249084472656,201.63999938964844,75.97156524658203
2024-03-27,508.16583251953125,73.76335144042969,38.83052062988281,84.68839263916016,85.89983367919922,20.847881317138672,203.10000610351562,77.93190002441406
2024-03-28,508.0687255859375,73.59745788574219,38.97283172607422,84.61686706542969,85.81822967529297,21.095849990844727,205.72000122070312,78.48551177978516
2024-04-01,507.1847839355469,73.28411865234375,39.039241790771484,83.0395278930664,85.04175567626953,21.196874618530273,207.82000732421875,77.1695556640625
2024-04-02,503.9600524902344,72.76803588867188,39.162567138671875,82.58194732666016,84.85990905761719,21.38974380493164,210.88999938964844,76.1984634399414
2024-04-03,504.5136413574219,73.17353820800781,39.1910285949707,82.5639877319336,84.95991516113281,21.646896362304688,212.74000549316406,76.2801513671875
2024-04-04,498.3554992675781,72.54686737060547,39.04872512817383,83.15617370605469,85.2508773803711,21.70199966430664,211.52000427246094,75.7900619506836
2024-04-05,503.561767578125,72.77725982666016,39.13410568237305,81.99870300292969,84.68712615966797,21.812210083007812,215.13999938964844,76.18031311035156
2024-04-08,503.8434753417969,73.13666534423828,39.3902587890625,81.98973083496094,84.49620056152344,21.80302619934082,216.47999572753906,76.99711608886719
2024-04-09,504.42626953125,73.12744903564453,39.65589141845703,82.75241088867188,84.8326187133789,21.68363380432129,217.6699981689453,78.02264404296875
2024-04-10,499.37530517578125,72.15979766845703,39.11513137817383,80.94892883300781,83.70516967773438,21.793840408325195,215.61000061035156,74.79176330566406
2024-04-11,503.1441345214844,72.35332489013672,39.35231399536133,80.58108520507812,83.5869369506836,21.757104873657227,219.8000030517578,75.04586791992188
2024-04-12,496.19915771484375,71.18292236328125,38.45103454589844,81.0117416381836,83.93246459960938,21.784656524658203,216.88999938964844,74.15646362304688
2024-04-15,489.9827575683594,70.97095489501953,38.204376220703125,79.75560760498047,83.39598846435547,21.812210083007812,220.9499969482422,72.89495086669922
2024-04-16,489.0890808105469,70.27055358886719,37.701560974121094,79.22625732421875,83.06868743896484,21.77547264099121,221.22000122070312,71.86943054199219
2024-04-17,486.194580078125,70.31663513183594,37.673099517822266,80.10555267333984,83.5960464477539,21.4356632232666,219.58999633789062,71.34304809570312
2024-04-18,485.19415283203125,70.12310028076172,37.82489013671875,79.7017822265625,83.3050765991211,21.42647933959961,220.33999633789062,71.35211181640625
2024-04-19,480.9591369628906,70.15074157714844,37.673099517822266,79.9889144897461,83.41419219970703,21.527503967285156,221.02999877929688,71.69698333740234
2024-04-22,485.388427734375,70.97095489501953,38.0810432434082,79.85430145263672,83.42330169677734,21.527503967285156,215.57000732421875,72.332275390625
2024-04-23,491.1483154296875,71.74507904052734,38.39411544799805,79.8812255859375,83.53239440917969,21.61934471130371,215.0399932861328,72.99479675292969
2024-04-24,490.9151916503906,71.60684967041016,38.52693557739258,79.31599426269531,83.27779388427734,21.591793060302734,214.63999938964844,73.13092803955078
2024-04-25,489.05023193359375,71.27507019042969,38.61231994628906,78.75968170166016,82.95956420898438,21.711185455322266,215.9199981689453,72.71345520019531
2024-04-26,493.6834716796875,71.8464584350586,39.05820846557617,79.17240905761719,83.1868896484375,21.72955322265625,216.6199951171875,72.749755859375
2024-04-29,495.43182373046875,72.12293243408203,39.43769454956055,79.83636474609375,83.52330017089844,21.711185455322266,216.17999267578125,73.49394989013672
2024-04-30,487.5835876464844,71.21056365966797,38.8874397277832,79.15446472167969,83.13232421875,21.4356632232666,211.8699951171875,72.25059509277344
2024-05-01,486.0002746582031,71.05389404296875,38.925392150878906,79.7379150390625,83.4615478515625,21.123403549194336,213.7899932861328,72.27781677246094
2024-05-02,490.54608154296875,72.01234436035156,39.9310188293457,80.08006286621094,83.85367584228516,21.196874618530273,213.1300048828125,73.29429626464844
2024-05-03,496.6265563964844,72.73116302490234,40.29153060913086,80.89041900634766,84.31876373291016,21.224428176879883,212.9600067138672,73.78437042236328
2024-05-06,501.7550964355469,73.22882080078125,40.32947540283203,81.20555114746094,84.39173126220703,21.463214874267578,215.1999969482422,73.84789276123047
2024-05-07,502.3088684082031,73.42236328125,40.10178756713867,81.70075988769531,84.61058807373047,21.444847106933594,214.2100067138672,74.54672241210938
2024-05-08,502.3572998046875,73.33941650390625,40.111270904541016,81.20555114746094,84.37349700927734,21.334636688232422,213.5800018310547,73.92050170898438
2024-05-09,505.25189208984375,73.9015884399414,40.2346076965332,81.60171508789062,84.62884521484375,21.417293548583984,216.9499969482422,75.43611907958984
2024-05-10,505.9027099609375,74.03981018066406,40.31999206542969,81.14250946044922,84.3552474975586,21.380558013916016,218.7100067138672,75.22738647460938
2024-05-13,505.970703125,74.03981018066406,40.62358093261719,81.3495864868164,84.45555114746094,21.518320083618164,216.25999450683594,75.47242736816406
2024-05-14,508.2921142578125,74.59276580810547,40.84177780151367,81.80876922607422,84.70176696777344,21.42647933959961,218.08999633789062,76.05327606201172
2024-05-15,514.5863647460938,75.38533020019531,41.278175354003906,82.92527770996094,85.34017181396484,21.499950408935547,220.88999938964844,77.10602569580078
2024-05-16,513.527587890625,74.9798355102539,41.36357116699219,82.84423828125,85.17599487304688,21.555055618286133,220.02999877929688,77.05158233642578
2024-05-17,514.2656860351562,75.23787689208984,41.5438232421875,82.28599548339844,84.9115219116211,21.77547264099121,223.66000366210938,77.04249572753906
2024-05-20,514.8582153320312,75.29316711425781,41.39202880859375,82.04288482666016,84.78387451171875,21.968339920043945,224.55999755859375,76.58870697021484
2024-05-21,516.1209106445312,75.1733627319336,41.13587951660156,82.466064453125,85.00275421142578,21.87649917602539,224.22999572753906,76.5615005493164
2024-05-22,514.6348876953125,74.46375274658203,41.00305938720703,82.56513977050781,84.89330291748047,21.564239501953125,220.11000061035156,75.87174224853516
2024-05-23,510.8757629394531,74.08589935302734,40.6994743347168,82.03389739990234,84.59236145019531,21.454030990600586,215.72000122070312,74.23814392089844
2024-05-24,514.256103515625,74.69414520263672,40.81331253051758,82.2770004272461,84.70176696777344,21.600975036621094,215.9199981689453,74.29259490966797
2024-05-28,514.615478515625,74.66649627685547,40.75639343261719,81.09749603271484,84.22758483886719,21.98670768737793,218.19000244140625,73.80252838134766
2024-05-29,511.0118408203125,73.48686218261719,40.14922332763672,80.11607360839844,83.81720733642578,21.757104873657227,216.16000366210938,73.0855484008789
2024-05-30,507.62188720703125,74.10433197021484,40.03537368774414,80.89041900634766,84.23670196533203,21.472396850585938,216.57000732421875,74.15646362304688
2024-05-31,512.245361328125,74.81395721435547,39.64640808105469,81.43962860107422,84.62884521484375,21.371374130249023,215.3000030517578,75.54503631591797
2024-06-03,512.6630249023438,75.02590942382812,40.0638427734375,82.75688171386719,85.18312072753906,21.06829833984375,217.22000122070312,75.37259674072266
2024-06-04,513.2362060546875,74.93374633789062,39.50410461425781,83.72358703613281,85.64961242675781,20.857065200805664,215.27000427246094,75.95342254638672
2024-06-05,519.3360595703125,75.45904541015625,40.13973617553711,84.33792114257812,85.96060943603516,20.930538177490234,217.82000732421875,75.86266326904297
2024-06-06,519.3262329101562,75.71710205078125,40.338966369628906,84.21145629882812,85.92398834228516,21.2060604095459,219.42999267578125,76.00787353515625
2024-06-07,518.6949462890625,74.89689636230469,39.883583068847656,82.66654205322266,85.01849365234375,20.902984619140625,211.60000610351562,75.29090118408203
2024-06-10,520.297607421875,74.84159851074219,40.120758056640625,82.11544799804688,84.8355484008789,21.2060604095459,213.5399932861328,75.54503631591797
2024-06-11,521.550537109375,73.99114227294922,39.987022399902344,82.96469116210938,85.28370666503906,21.17850685119629,214.14999389648438,75.27275085449219
2024-06-12,525.8341674804688,74.8631591796875,40.38823318481445,83.58807373046875,85.75936889648438,21.25197982788086,214.72000122070312,75.94434356689453
2024-06-13,526.8928833007812,73.79422760009766,40.29270553588867,84.81675720214844,86.32646942138672,21.270349502563477,212.97000122070312,76.25291442871094
2024-06-14,527.21337890625,72.97846221923828,40.34047317504883,85.53052520751953,86.5276870727539,21.18769073486328,215.72999572753906,76.23477935791016
2024-06-17,531.4094848632812,73.26912689208984,40.598388671875,84.6812515258789,86.12521362304688,21.261165618896484,214.61000061035156,75.93527221679688
2024-06-18,532.7596435546875,73.55979919433594,40.97093963623047,85.45822143554688,86.50025177001953,21.4356632232666,215.47000122070312,76.23477935791016
2024-06-20,531.312255859375,73.606689453125,40.904075622558594,84.8890380859375,86.28073120117188,21.481582641601562,218.16000366210938,76.0169677734375
2024-06-21,530.6002197265625,73.09097290039062,40.76077651977539,84.8890380859375,86.29898071289062,21.307085037231445,214.77999877929688,76.2075424194336
2024-06-24,528.8753051757812,73.67233276367188,40.76077651977539,85.23236083984375,86.37220764160156,21.481582641601562,215.6300048828125,76.79745483398438
2024-06-25,530.9119262695312,73.8504867553711,40.665252685546875,85.37692260742188,86.44535827636719,21.27953338623047,214.55999755859375,75.85359191894531
2024-06-26,531.5745849609375,73.306640625,40.57928466796875,84.15724182128906,85.92398834228516,21.316267013549805,212.5800018310547,75.61763000488281
2024-06-27,532.4126586914062,73.3628921508789,40.60793685913086,84.49153900146484,86.11608123779297,21.42647933959961,214.99000549316406,76.3527603149414
2024-06-28,530.3175048828125,73.44729614257812,40.68436050415039,82.91952514648438,85.65876770019531,21.334636688232422,215.00999450683594,76.96195220947266
2024-07-01,531.4088745117188,73.57856750488281,40.779884338378906,81.48841857910156,85.0211181640625,21.61016082763672,215.57000732421875,76.2360610961914
2024-07-02,534.9851684570312,73.75672912597656,40.904075622558594,82.12284088134766,85.34222412109375,21.637710571289062,215.55999755859375,76.59440612792969
2024-07-03,537.3726196289062,74.6006088256836,41.505882263183594,83.20137023925781,85.91105651855469,21.757104873657227,217.99000549316406,76.5208969116211
2024-07-05,540.4713134765625,75.09757995605469,41.67782974243164,83.89017486572266,86.38814544677734,21.839763641357422,220.92999267578125,76.73223876953125
2024-07-08,541.0949096679688,74.7225112915039,41.6873779296875,84.07146453857422,86.41564178466797,21.54587173461914,218.19000244140625,76.98031616210938
2024-07-09,541.621337890625,74.4224624633789,41.85932540893555,83.6998519897461,86.29637145996094,21.39892578125,218.55999755859375,76.96195220947266
2024-07-10,546.9806518554688,75.47264099121094,42.098140716552734,83.96269226074219,86.37896728515625,21.39892578125,219.36000061035156,77.53162384033203
2024-07-11,542.2643432617188,75.68831634521484,42.34650802612305,84.77838134765625,86.9294204711914,21.472396850585938,223.25,79.75521850585938
2024-07-12,545.6846923828125,76.49470520019531,42.51845169067383,85.14093017578125,87.1129379272461,21.38974380493164,223.11000061035156,80.36164855957031
2024-07-15,547.1854248046875,75.819580078125,42.069480895996094,84.1620864868164,86.83767700195312,21.233613967895508,223.8300018310547,80.90376281738281
2024-07-16,550.4302368164062,76.18527221679688,42.30829620361328,85.34939575195312,87.22301483154297,21.17850685119629,228.2899932861328,81.8960952758789
2024-07-17,542.7125854492188,75.78207397460938,41.620513916015625,85.36752319335938,87.29642486572266,21.17850685119629,227.22999572753906,82.45659637451172
2024-07-18,538.5418701171875,75.03194427490234,41.22885513305664,84.71495056152344,87.04871368408203,21.022377014160156,225.77999877929688,81.73072052001953
2024-07-19,534.9656372070312,74.57247924804688,40.82765197753906,84.21646881103516,86.77349090576172,20.7376708984375,221.72999572753906,81.58370971679688
2024-07-22,540.4811401367188,75.36012268066406,41.171539306640625,83.97174835205078,86.69087982177734,20.792776107788086,221.8000030517578,82.42903137207031
2024-07-23,539.6332397460938,74.93817901611328,40.80854415893555,83.85393524169922,86.75509643554688,20.599910736083984,222.5800018310547,82.36470794677734
2024-07-24,527.40380859375,73.99114227294922,40.21628189086914,82.94760131835938,86.56244659423828,20.59072494506836,221.8000030517578,81.15184020996094
2024-07-25,524.6559448242188,73.52230834960938,40.053890228271484,83.62733459472656,86.75509643554688,20.636646270751953,218.3300018310547,80.88539123535156
2024-07-26,530.5317993164062,74.45997619628906,40.46465301513672,84.2799301147461,87.16796112060547,20.425413131713867,220.6300048828125,82.30039978027344
2024-07-29,530.8436889648438,74.13178253173828,40.33091735839844,84.73307800292969,87.31475067138672,20.33357048034668,220.32000732421875,82.72306060791016
2024-07-30,528.1542358398438,74.3005599975586,40.1494140625,85.05934143066406,87.49827575683594,20.269283294677734,222.52000427246094,83.36625671386719
2024-07-31,536.7390747070312,75.35074615478516,41.02825164794922,85.92945098876953,88.1404800415039,20.7376708984375,226.5500030517578,83.07222747802734
2024-08-01,529.1384887695312,73.35352325439453,40.31181335449219,86.67057037353516,88.51686096191406,20.489700317382812,225.77000427246094,83.90835571289062
2024-08-02,519.2866821289062,72.2001953125,39.7386589050293,89.37132263183594,89.88798522949219,20.1131534576416,225.33999633789062,83.86241912841797
2024-08-05,504.1631164550781,70.62491607666016,38.61145782470703,89.8442153930664,89.98001861572266,20.076417922973633,222.47999572753906,81.4642562866211
2024-08-06,508.81134033203125,70.74681091308594,38.83116149902344,87.83453369140625,89.17941284179688,19.911104202270508,220.6999969482422,83.07222747802734
2024-08-07,505.4103698730469,71.0843734741211,39.06998062133789,87.21617126464844,88.85733795166016,20.094785690307617,220.5500030517578,82.5025405883789
2024-08-08,517.09423828125,72.27520751953125,39.95836639404297,86.67964935302734,88.59048461914062,20.278467178344727,224.00999450683594,83.31112670898438
2024-08-09,519.3744506835938,72.5564956665039,40.17807388305664,87.53445434570312,88.94937133789062,20.397859573364258,224.55999755859375,83.69701385498047
2024-08-12,519.6472778320312,72.4908676147461,40.31181335449219,87.85273742675781,89.19784545898438,20.682567596435547,228.41000366210938,83.08140563964844
2024-08-13,528.1932373046875,73.73796081542969,40.76077651977539,88.46195983886719,89.59353637695312,20.489700317382812,228.05999755859375,83.80728149414062
2024-08-14,529.8594360351562,74.00988006591797,40.541072845458984,89.0167007446289,89.71315002441406,20.36112403869629,226.1999969482422,84.02780151367188
2024-08-15,538.94140625,74.91004180908203,40.99004364013672,88.29828643798828,89.15180969238281,20.526437759399414,226.91000366210938,83.96349334716797
2024-08-16,540.1495971679688,75.32261657714844,41.467674255371094,88.60746765136719,89.32666778564453,20.397859573364258,231.99000549316406,83.91755676269531
2024-08-19,545.3143920898438,76.24152374267578,41.86888122558594,89.0167007446289,89.44627380371094,20.28765296936035,231.61000061035156,84.61585998535156
2024-08-20,544.4276123046875,76.0071029663086,41.544097900390625,89.72599792480469,89.8051528930664,20.204994201660156,232.4600067138672,84.51480102539062
2024-08-21,546.298583984375,76.7103500366211,41.706485748291016,89.78055572509766,89.98922729492188,20.10396957397461,232.14999389648438,84.96502685546875
2024-08-22,542.0109252929688,76.26028442382812,41.19064712524414,88.8893814086914,89.57511138916016,20.085601806640625,229.3699951171875,85.21311950683594
2024-08-23,547.7699584960938,77.65739440917969,41.8784294128418,89.47137451171875,89.98922729492188,20.44378089904785,232.02000427246094,87.08753967285156
2024-08-26,546.4641723632812,77.31046295166016,41.524993896484375,89.24403381347656,89.87879180908203,20.655014038085938,232.75999450683594,87.05079650878906
2024-08-27,547.2144775390625,77.66678619384766,41.582305908203125,89.0894546508789,89.84197235107422,20.55398941040039,233.38999938964844,87.17942810058594
2024-08-28,544.037841796875,77.39486694335938,41.324378967285156,88.98033905029297,89.79596710205078,20.306018829345703,231.75,86.83946990966797
2024-08-29,544.0865478515625,77.68553161621094,41.34348678588867,88.68932342529297,89.6395263671875,20.53562355041504,232.9499969482422,86.572998046875
2024-08-30,549.2803955078125,77.80743408203125,41.42945861816406,87.74359893798828,89.32666778564453,20.306018829345703,231.2899932861328,87.40913391113281
2024-09-03,537.976806640625,76.57909393310547,40.60793685913086,89.17867279052734,89.91549682617188,19.901918411254883,230.2899932861328,87.36319732666016
2024-09-04,536.8756103515625,76.24152374267578,40.598388671875,90.32817077636719,90.44158172607422,19.754974365234375,230.42999267578125,87.61128234863281
2024-09-05,535.5697631835938,76.26028442382812,40.655704498291016,90.83908081054688,90.65388488769531,19.800893783569336,232.35000610351562,87.32644653320312
2024-09-06,526.5560913085938,74.8256607055664,39.91059875488281,90.8299560546875,90.78309631347656,19.534557342529297,230.6300048828125,87.24374389648438
2024-09-09,532.4514770507812,75.5757827758789,40.24494552612305,91.2222671508789,90.91233825683594,19.58966064453125,231.60000610351562,88.21771240234375
2024-09-10,534.770751953125,75.20072174072266,40.09210205078125,91.86087799072266,91.29996490478516,19.304954528808594,232.6199951171875,89.49490356445312
2024-09-11,540.2568969726562,75.65080261230469,40.38823318481445,91.78788757324219,91.23535919189453,19.479450225830078,232.25,89.32032775878906
2024-09-12,544.8076171875,76.2696533203125,40.722572326660156,91.35911560058594,91.08767700195312,19.856000900268555,236.3300018310547,89.69705200195312
2024-09-13,547.6530151367188,76.44781494140625,40.91362762451172,91.60542297363281,91.26301574707031,19.89273452758789,238.67999267578125,90.63426971435547
2024-09-16,548.4619140625,77.0666732788086,41.047359466552734,92.44474029541016,91.5030288696289,20.03968048095703,238.66000366210938,90.93748474121094
2024-09-17,548.68603515625,76.63536071777344,41.095123291015625,91.99771118164062,91.3368911743164,20.177440643310547,237.33999633789062,90.30347442626953
2024-09-18,547.0586547851562,76.39156341552734,40.95183563232422,90.85731506347656,90.94001770019531,20.048864364624023,235.50999450683594,90.1932144165039
2024-09-19,556.3939819335938,77.90119934082031,41.82111358642578,90.55626678466797,90.86616516113281,20.40704345703125,239.1699981689453,90.21160888671875
2024-09-20,555.4320678710938,77.13230895996094,41.73514175415039,90.20956420898438,90.83849334716797,20.40704345703125,242.2100067138672,89.8532485961914
2024-09-23,556.820068359375,77.42298126220703,42.05992889404297,90.01799774169922,90.78309631347656,20.416229248046875,242.67999267578125,90.74451446533203
2024-09-24,558.413330078125,77.8824462890625,43.49281311035156,89.99976348876953,90.88462829589844,20.756040573120117,246.07000732421875,90.8731689453125
2024-09-25,557.1815795898438,77.46048736572266,43.0342903137207,89.25165557861328,90.51543426513672,20.58154296875,245.72999572753906,90.26673126220703
2024-09-26,559.3906860351562,79.16704559326172,44.61046600341797,89.46147918701172,90.4508285522461,20.397859573364258,246.97999572753906,89.44895935058594
2024-09-27,558.5794067382812,78.68882751464844,44.52449417114258,89.92674255371094,90.81079864501953,20.498884201049805,245.02000427246094,89.56293487548828
2024-09-30,560.8177490234375,78.41690826416016,43.808048248291016,89.49799346923828,90.56159210205078,20.452964782714844,243.05999755859375,90.26713562011719
2024-10-01,555.7937622070312,77.83556365966797,44.12328338623047,90.1441421508789,90.8911361694336,20.81114387512207,245.61000061035156,89.68338775634766
2024-10-02,556.0282592773438,77.67615509033203,44.99256896972656,89.3844985961914,90.6319580078125,20.98564338684082,245.66000366210938,89.36833953857422
2024-10-03,555.0118408203125,76.95414733886719,44.45762252807617,88.54244232177734,90.16911315917969,21.28871726989746,245.49000549316406,88.5529556274414
2024-10-04,560.055419921875,77.40422821044922,44.868385314941406,87.45330047607422,89.2989730834961,21.343820571899414,245.0,88.12673950195312
2024-10-07,554.9923095703125,76.97290802001953,45.24093246459961,86.79429626464844,88.97499084472656,21.637710571289062,244.1699981689453,87.34840393066406
2024-10-08,560.2411499023438,76.85100555419922,44.12328338623047,86.94073486328125,89.04906463623047,21.132587432861328,242.3699951171875,87.52445983886719
2024-10-09,564.1215209960938,76.86976623535156,43.88446807861328,86.44649505615234,88.71581268310547,20.94890594482422,241.0500030517578,87.61711120605469
2024-10-10,563.1343994140625,76.7760009765625,43.97044372558594,86.10787200927734,88.70655059814453,21.36219024658203,242.82000732421875,86.83879852294922
2024-10-11,566.506591796875,77.1698226928711,44.285675048828125,85.76004791259766,88.7343521118164,21.380558013916016,245.47000122070312,87.82096862792969
2024-10-14,571.1397094726562,77.39486694335938,44.10417938232422,85.82410430908203,88.57696533203125,21.049930572509766,245.07000732421875,88.34912109375
2024-10-15,566.7020263671875,76.11026000976562,43.168025970458984,86.86750030517578,89.03055572509766,20.645830154418945,245.9199981689453,89.4146728515625
2024-10-16,569.1651000976562,76.30716705322266,43.50236892700195,87.23362731933594,89.16938781738281,20.59072494506836,247.14999389648438,90.3968505859375
2024-10-17,569.214111328125,76.31654357910156,43.43549346923828,85.85157012939453,88.70655059814453,20.61827850341797,248.6300048828125,89.68338775634766
2024-10-18,571.4036254882812,76.83226013183594,43.86536407470703,85.91564178466797,88.80838775634766,20.50806999206543,251.27000427246094,90.35052490234375
2024-10-21,570.4651489257812,75.9227294921875,43.5596809387207,84.41461181640625,88.1233901977539,20.572359085083008,251.22000122070312,88.58076477050781
2024-10-22,570.1622314453125,75.49140167236328,43.46415710449219,84.49700164794922,88.04007720947266,20.930538177490234,253.92999267578125,88.71048736572266
2024-10-23,564.952392578125,74.73188018798828,43.20623779296875,84.2681884765625,87.83641815185547,20.81114387512207,250.8699951171875,89.35908508300781
2024-10-24,566.1742553710938,75.15383911132812,43.13936996459961,84.80817413330078,88.03080749511719,20.801959991455078,252.8000030517578,89.55366516113281
2024-10-25,565.9786987304688,74.90067291259766,43.101158142089844,84.3322525024414,87.83641815185547,20.94890594482422,253.32000732421875,88.71048736572266
2024-10-28,567.7283935546875,75.50077056884766,43.29220962524414,84.10343933105469,87.63277435302734,20.3886775970459,253.3300018310547,88.98845672607422
2024-10-29,568.6470947265625,75.2288589477539,43.15847396850586,84.23155975341797,87.6697998046875,20.351940155029297,256.0899963378906,88.34912109375
2024-10-30,566.9268188476562,74.74126434326172,42.73816680908203,84.47867584228516,87.54022216796875,20.609094619750977,257.5,88.73827362060547
2024-10-31,555.8133544921875,74.28180694580078,42.46113967895508,84.61598205566406,87.49393463134766,20.746854782104492,253.50999450683594,87.23722839355469
2024-11-01,558.1591186523438,74.43183898925781,42.49934768676758,83.42302703857422,86.9758071899414,20.526437759399414,252.47000122070312,86.27359008789062
2024-11-04,556.9568481445312,74.48809814453125,42.73816680908203,84.71790313720703,87.4400863647461,20.87543296813965,252.8300018310547,87.21868896484375
2024-11-05,563.6914672851562,75.2288589477539,43.320865631103516,85.16788482666016,87.48651123046875,21.004011154174805,253.39999389648438,88.37691497802734
2024-11-06,577.7079467773438,74.14116668701172,42.785926818847656,82.83528137207031,86.58582305908203,20.7744083404541,245.6999969482422,86.4959716796875
2024-11-07,582.1749267578125,75.26634979248047,43.73162841796875,83.8730239868164,87.28223419189453,20.98564338684082,249.64999389648438,87.53373718261719
2024-11-08,584.69677734375,74.22555541992188,42.652191162109375,84.93832397460938,87.46792602539062,20.664199829101562,247.9600067138672,88.84020233154297
2024-11-11,585.2538452148438,74.24430847167969,42.3274040222168,84.5250473022461,87.22650146484375,20.33357048034668,242.13999938964844,88.39544677734375
2024-11-12,583.4359130859375,72.86593627929688,41.524993896484375,83.25774383544922,86.67869567871094,20.223363876342773,240.0500030517578,87.17236328125
2024-11-13,583.7192993164062,72.43461608886719,41.257511138916016,82.46794891357422,86.62297058105469,20.159074783325195,237.6300048828125,87.6541976928711
2024-11-14,579.9659423828125,72.58464050292969,41.02825164794922,82.94550323486328,86.61368560791016,20.14070701599121,237.00999450683594,86.8666000366211
2024-11-15,572.537353515625,72.32209014892578,41.02825164794922,82.72510528564453,86.65082550048828,20.03968048095703,236.58999633789062,86.91293334960938
2024-11-18,574.88330078125,72.7159194946289,41.4963264465332,82.87200164794922,86.84581756591797,20.498884201049805,241.08999633789062,87.54299926757812
2024-11-19,576.9847412109375,72.62213897705078,41.467674255371094,83.2944564819336,87.0315170288086,20.563173294067383,243.25,87.9692153930664
2024-11-20,577.1802368164062,72.42522430419922,41.41990661621094,83.02813720703125,86.90152740478516,20.55398941040039,244.6199951171875,87.85802459716797
2024-11-21,580.2787475585938,72.44398498535156,41.33393478393555,82.9638442993164,86.85511016845703,20.700937271118164,246.66000366210938,88.50662994384766
2024-11-22,582.0772705078125,72.72528076171875,41.34348678588867,83.009765625,86.91082000732422,20.719303131103516,249.83999633789062,89.17376708984375
2024-11-25,584.0516967773438,73.10035705566406,41.37214279174805,85.15872192382812,87.84864044189453,20.425413131713867,242.47999572753906,90.41537475585938
2024-11-26,587.101318359375,72.67840576171875,41.200199127197266,84.82811737060547,87.66292572021484,20.425413131713867,242.9499969482422,90.77674865722656
2024-11-27,585.322265625,73.07221984863281,41.257511138916016,85.41585540771484,88.0157699584961,20.315204620361328,243.49000549316406,91.36048889160156
2024-11-29,588.9583129882812,74.04739379882812,41.324378967285156,86.2974853515625,88.38719940185547,20.33357048034668,245.58999633789062,90.95279693603516
2024-12-02,590.0140380859375,74.25367736816406,41.486778259277344,86.50479888916016,88.37973022460938,20.18662452697754,243.44000244140625,89.62779998779297
2024-12-03,590.2877197265625,74.67562103271484,41.57275390625,85.75837707519531,88.1282730102539,20.416229248046875,243.92999267578125,89.17376708984375
2024-12-04,593.953125,74.73188018798828,41.67782974243164,86.67991638183594,88.46354675292969,20.306018829345703,244.6699981689453,88.932861328125
2024-12-05,592.9756469726562,75.09757995605469,41.95484924316406,86.8550033569336,88.4542465209961,20.278467178344727,242.86000061035156,88.71975708007812
2024-12-06,594.0997924804688,75.08820343017578,41.88798141479492,86.9840087890625,88.73367309570312,20.122337341308594,242.9499969482422,88.59003448486328
2024-12-09,591.0403442382812,75.04132080078125,42.74771499633789,86.18228149414062,88.42630004882812,20.315204620361328,245.36000061035156,88.84020233154297
2024-12-10,589.2027587890625,74.36620330810547,42.05992889404297,85.77680969238281,88.2679672241211,20.36112403869629,248.58999633789062,87.55225372314453
2024-12-11,593.7576904296875,74.83503723144531,42.231876373291016,84.96585083007812,88.00717163085938,20.61827850341797,250.9600067138672,87.34840393066406
2024-12-12,590.6982421875,74.17866516113281,42.02172088623047,83.93374633789062,87.67186737060547,20.53562355041504,247.27999877929688,87.20942687988281
2024-12-13,590.5810546875,73.97237396240234,42.05992889404297,83.07670593261719,87.2620849609375,20.526437759399414,244.2899932861328,86.95924377441406
2024-12-16,593.102783203125,73.72858428955078,41.83066940307617,83.32552337646484,87.29000091552734,20.416229248046875,244.8800048828125,86.65347290039062
2024-12-17,590.6591186523438,73.61167907714844,41.730613708496094,83.52825164794922,87.29000091552734,20.278467178344727,243.94000244140625,86.23651885986328
2024-12-18,573.0554809570312,71.80584716796875,40.75923156738281,82.4837875366211,86.61531066894531,20.094785690307617,239.25999450683594,82.67847442626953
2024-12-19,572.8794555664062,71.5777359008789,40.895225524902344,81.23487854003906,86.22284698486328,20.094785690307617,239.60000610351562,81.39979553222656
2024-12-20,579.7603149414062,71.3781509399414,41.06036376953125,81.69743347167969,86.54057312011719,20.223363876342773,242.10000610351562,82.7711410522461
2024-12-23,583.2321166992188,71.84385681152344,41.29349136352539,80.9480972290039,86.15744018554688,20.238842010498047,240.9600067138672,83.09481811523438
2024-12-24,589.7147216796875,72.10047912597656,41.41977310180664,81.2903823852539,86.20416259765625,20.354934692382812,241.44000244140625,83.64678955078125
2024-12-26,589.7540283203125,72.4426498413086,41.274070739746094,81.244140625,86.2695541381836,20.296886444091797,243.07000732421875,83.87132263183594
2024-12-27,583.5459594726562,72.33808898925781,41.08950424194336,80.5780258178711,86.0453109741211,20.393630981445312,241.39999389648438,83.02934265136719
2024-12-30,576.88671875,71.86287689208984,40.75923156738281,81.22562408447266,86.54991912841797,20.57744598388672,240.6300048828125,82.61768341064453
2024-12-31,574.7879028320312,71.86287689208984,40.62323760986328,80.79081726074219,86.39104461669922,20.683862686157227,242.1300048828125,83.33806610107422
2025-01-02,573.375732421875,71.61576080322266,40.56495666503906,81.01285552978516,86.4377670288086,20.887025833129883,245.4199981689453,82.59898376464844
2025-01-03,580.544921875,71.92939758300781,40.94380187988281,80.75382232666016,86.29759979248047,20.780607223510742,243.49000549316406,83.68421936035156
2025-01-06,583.88916015625,72.61371612548828,41.08950424194336,80.39301300048828,86.21350860595703,20.819305419921875,243.19000244140625,82.60833740234375
2025-01-07,577.288818359375,72.55669403076172,40.79808807373047,79.48639678955078,85.82101440429688,20.91604995727539,244.55999755859375,81.82247924804688
2025-01-08,578.1322021484375,72.4426498413086,40.60381317138672,79.58815002441406,85.97054290771484,20.877351760864258,245.86000061035156,82.03765106201172
2025-01-10,569.3056640625,71.34012603759766,39.91413116455078,79.06082153320312,85.3444595336914,21.438467025756836,248.2100067138672,80.03559112548828
2025-01-13,570.1883544921875,71.1405258178711,39.642147064208984,79.0331039428711,85.1949462890625,21.5932559967041,245.74000549316406,81.01791381835938
2025-01-14,570.9729614257812,71.39715576171875,40.0889778137207,78.90357208251953,85.22297668457031,21.583581924438477,247.02999877929688,81.75699615478516
2025-01-15,581.3588256835938,72.30958557128906,40.613529205322266,80.26348876953125,86.12006378173828,21.931861877441406,248.8800048828125,82.2247543334961
2025-01-16,580.2408447265625,72.68025207519531,40.56495666503906,80.52251434326172,86.32565307617188,21.83511734008789,250.60000610351562,83.92745971679688
2025-01-17,586.0663452148438,72.97489166259766,40.88551330566406,80.66129302978516,86.39104461669922,21.738372802734375,249.27000427246094,83.87132263183594
2025-01-21,591.4310302734375,74.44808197021484,41.322635650634766,81.38289642333984,86.68074798583984,21.631956100463867,253.1300048828125,85.44303894042969
2025-01-22,594.7557373046875,74.27699279785156,41.351776123046875,80.95732879638672,86.45645904541016,21.612606048583984,254.42999267578125,83.95552062988281
2025-01-23,598.0018920898438,74.88526916503906,41.448909759521484,80.32826232910156,86.2322006225586,21.53521156311035,254.07000732421875,84.5729751586914
2025-01-24,596.2561645507812,75.303466796875,41.72090530395508,80.68904876708984,86.40975189208984,21.544885635375977,255.64999389648438,84.86299133300781
2025-01-27,587.8218994140625,75.303466796875,40.96322250366211,81.64192962646484,86.97040557861328,21.21595573425293,252.99000549316406,85.9949951171875
2025-01-28,592.8727416992188,75.20841979980469,41.26435470581055,81.58642578125,86.97977447509766,21.235305786132812,255.17999267578125,84.95653533935547
2025-01-29,590.2149658203125,75.19892120361328,41.274070739746094,81.4198989868164,86.87696075439453,21.274002075195312,254.1999969482422,83.83389282226562
2025-01-30,593.3826293945312,76.02580261230469,41.97346115112305,81.72518920898438,87.06388092041016,21.293350219726562,258.04998779296875,84.90042114257812
2025-01-31,590.2246704101562,75.3129653930664,41.49748229980469,81.18862915039062,86.9236831665039,21.25465202331543,258.55999755859375,84.71331787109375
2025-02-03,586.2527465820312,74.42906188964844,41.196353912353516,81.84966278076172,86.98554229736328,21.419116973876953,259.94000244140625,84.53556060791016
2025-02-04,590.185546875,75.2939682006836,41.934608459472656,82.10033416748047,87.20117950439453,21.47716522216797,262.5,84.6010513305664
2025-02-05,592.5784301757812,76.02580261230469,41.827754974365234,83.45582580566406,87.70741271972656,21.34172248840332,264.1300048828125,85.7891845703125
2025-02-06,594.6380004882812,76.38697814941406,42.00260543823242,83.41868591308594,87.60427856445312,21.351396560668945,263.42999267578125,86.00434875488281
2025-02-07,589.1949462890625,75.66463470458984,41.963748931884766,82.88018798828125,87.31368255615234,21.36107063293457,263.8999938964844,85.72369384765625
2025-02-10,593.1963500976562,76.1778793334961,42.4688720703125,82.62953186035156,87.29491424560547,21.670652389526367,268.3699951171875,85.68627166748047
2025-02-11,593.6475219726562,76.5390396118164,42.303733825683594,82.10033416748047,87.06993103027344,21.83511734008789,267.3900146484375,86.06047821044922
2025-02-12,591.7350463867188,76.82417297363281,42.536865234375,80.9862289428711,86.469970703125,21.5932559967041,267.6700134277344,85.26527404785156
2025-02-13,597.9822998046875,77.75560760498047,42.8088493347168,82.33243560791016,87.11680603027344,21.699676513671875,270.30999755859375,86.11661529541016
2025-02-14,597.952880859375,77.86965942382812,43.139122009277344,82.76878356933594,87.48241424560547,21.7093505859375,266.2900085449219,85.72369384765625
2025-02-18,599.7083129882812,78.43041229248047,43.411109924316406,81.79393768310547,87.01367950439453,22.02860450744629,270.70001220703125,86.10726928710938
2025-02-19,601.1206665039062,77.62254333496094,43.343109130859375,81.89608001708984,87.1543197631836,22.20274543762207,270.8500061035156,86.1727523803711
2025-02-20,598.6197509765625,77.98371124267578,43.74137878417969,82.20245361328125,87.33242797851562,22.231767654418945,270.989990234375,86.58438873291016
2025-02-21,588.380859375,77.49898529052734,43.61510467529297,83.19586944580078,87.8480224609375,21.92218589782715,270.739990234375,85.7330551147461
2025-02-24,585.7035522460938,77.45146179199219,42.944847106933594,83.4372787475586,88.03548431396484,21.844791412353516,272.2099914550781,86.0698471069336
2025-02-25,582.790771484375,78.15479278564453,42.9739875793457,84.87631225585938,88.72920227050781,21.60293197631836,268.6199951171875,87.12699890136719
2025-02-26,583.0849609375,78.25933074951172,43.40139389038086,85.37765502929688,88.97295379638672,21.419116973876953,269.0299987792969,86.76214599609375
2025-02-27,573.7777099609375,77.37543487548828,42.55629348754883,84.7741928100586,88.86982727050781,21.44814109802246,264.92999267578125,87.10830688476562
2025-02-28,582.73193359375,77.5370101928711,41.97346115112305,85.81402587890625,89.3573226928711,21.283676147460938,263.2699890136719,87.84738159179688
2025-03-03,572.5224609375,78.39240264892578,41.60434341430664,86.21449279785156,89.68167114257812,21.148235321044922,266.739990234375,88.2590103149414
2025-03-04,565.7455444335938,78.3733901977539,41.95403289794922,85.15277099609375,89.39959716796875,21.21595573425293,269.05999755859375,87.2392807006836
2025-03-05,571.8261108398438,80.24576568603516,43.20711898803711,84.47289276123047,88.90132904052734,21.157909393310547,269.6199951171875,88.21223449707031
2025-03-06,561.6755981445312,79.41887664794922,42.93513488769531,84.19348907470703,88.85433197021484,21.051490783691406,268.25,85.94822692871094
2025-03-07,564.8236083984375,80.24576568603516,43.148834228515625,83.92340087890625,88.74150085449219,21.235305786132812,268.3900146484375,86.4627685546875
2025-03-10,549.779296875,78.3543930053711,42.11916732788086,84.79885864257812,89.36202239990234,21.099863052368164,266.0400085449219,85.63014221191406
2025-03-11,545.208984375,78.08827209472656,42.4688720703125,84.19348907470703,89.0423583984375,21.21595573425293,269.1600036621094,84.62910461425781
2025-03-12,548.1021728515625,78.64901733398438,42.70199966430664,83.69055938720703,88.77909851074219,21.21595573425293,270.3299865722656,84.36715698242188
2025-03-13,540.7957763671875,78.12627410888672,42.52714920043945,84.42633056640625,89.1363754272461,21.138561248779297,275.1300048828125,82.701904296875
2025-03-14,551.96630859375,79.56144714355469,43.304256439208984,83.9792709350586,88.82613372802734,21.25465202331543,275.239990234375,84.35779571533203
2025-03-17,556.2227172851562,80.45486450195312,44.04250717163086,84.39837646484375,88.90132904052734,21.399770736694336,276.7300109863281,85.79853820800781
2025-03-18,550.2108154296875,80.44535827636719,43.819091796875,84.48219299316406,89.0047378540039,21.351396560668945,279.9599914550781,85.3494873046875
2025-03-19,556.2030639648438,80.6829605102539,43.925941467285156,84.91993713378906,89.27740478515625,21.48683738708496,281.1099853515625,85.452392578125
2025-03-20,554.5946655273438,80.00814819335938,43.51796340942383,84.9758071899414,89.40901184082031,21.525535583496094,280.75,85.3962631225586
2025-03-21,554.7776489257812,79.51393127441406,43.304256439208984,84.47289276123047,89.33379364013672,21.399770736694336,278.489990234375,84.45134735107422
2025-03-24,564.7128295898438,79.5044174194336,43.498531341552734,83.60672760009766,88.81670379638672,21.47716522216797,277.25,85.75176239013672
2025-03-25,566.0703735351562,79.9416275024414,43.372257232666016,83.59742736816406,88.96714782714844,21.506187438964844,278.4700012207031,84.78959655761719
2025-03-26,559.3123779296875,78.90563201904297,43.109981536865234,83.04792785644531,88.76030731201172,21.47716522216797,278.239990234375,85.12039184570312
2025-03-27,557.8270263671875,79.07671356201172,43.32368469238281,82.80577850341797,88.68508911132812,21.53521156311035,281.9700012207031,84.90300750732422
2025-03-28,546.5933227539062,78.3733901977539,42.51743698120117,83.95132446289062,89.39959716796875,21.467491149902344,284.05999755859375,84.78959655761719
2025-03-31,550.2625732421875,77.67957305908203,42.449440002441406,84.78022766113281,89.66285705566406,21.767396926879883,288.1400146484375,85.5740737915039
2025-04-01,551.8167114257812,77.79362487792969,42.58543395996094,85.51487731933594,89.9778823852539,21.777070999145508,287.57000732421875,85.61188507080078
2025-04-02,555.308837890625,77.97420501708984,42.643714904785156,85.45880126953125,89.89297485351562,21.912511825561523,288.1600036621094,86.1317138671875
2025-04-03,527.9428100585938,76.33944702148438,41.740333557128906,85.85137939453125,90.81729125976562,21.032142639160156,286.4200134277344,83.1922836303711
2025-04-04,497.03546142578125,71.30210876464844,39.41872787475586,86.78607940673828,91.07193756103516,20.267866134643555,279.7200012207031,79.5818099975586
2025-04-07,496.150146484375,69.5818099975586,37.951934814453125,84.16893768310547,89.98731994628906,19.948610305786133,273.7099914550781,77.4930191040039
2025-04-08,488.3790283203125,69.34420776367188,37.41767501831055,82.57996368408203,89.53459167480469,19.50358772277832,275.20001220703125,75.41368865966797
2025-04-09,539.6683349609375,74.69518280029297,40.01126480102539,83.06600952148438,89.25163269042969,20.20981788635254,285.3800048828125,79.9126205444336
2025-04-10,516.0205078125,73.22200775146484,39.32158660888672,80.7760009765625,88.69517517089844,19.958282470703125,292.3500061035156,78.0884780883789
2025-04-11,525.227783203125,75.05635070800781,40.55524444580078,81.21529388427734,88.19530487060547,20.248516082763672,297.92999267578125,79.0430679321289
2025-04-14,530.3232421875,75.86422729492188,40.92436981201172,81.79481506347656,88.90267181396484,20.258190155029297,296.2300109863281,80.67818450927734
2025-04-15,528.837890625,76.54854583740234,40.88551330566406,82.0845718383789,89.16675567626953,20.20981788635254,297.7799987792969,80.92391967773438
2025-04-16,517.0828857421875,76.25391387939453,40.40953826904297,82.54257202148438,89.5534439086914,20.46135139465332,307.4700012207031,80.8672103881836
2025-04-17,517.8206787109375,77.08079528808594,40.720375061035156,81.81350708007812,89.29878997802734,20.674190521240234,306.1199951171875,82.07699584960938
2025-04-21,505.4951171875,76.66260528564453,40.710662841796875,80.3834457397461,88.81778717041016,20.500049591064453,315.5899963378906,80.36627960205078
2025-04-22,518.64697265625,78.24983215332031,41.322635650634766,80.83207702636719,88.88379669189453,20.59679412841797,311.1099853515625,81.92578887939453
2025-04-23,526.6837158203125,78.56348419189453,41.798614501953125,81.61723327636719,88.9781265258789,20.44200325012207,303.6499938964844,82.07699584960938
2025-04-24,537.769775390625,79.60897064208984,42.284305572509766,82.47716522216797,89.4591293334961,20.625816345214844,308.07000732421875,82.37947082519531
2025-04-25,541.6553344726562,79.95112609863281,42.20659255981445,83.08470153808594,89.79866790771484,20.65484046936035,304.7300109863281,82.2376937866211
2025-04-28,541.8618774414062,80.4833755493164,42.284305572509766,83.6081314086914,90.15707397460938,20.538747787475586,309.07000732421875,82.7480697631836
2025-04-29,545.2752075195312,80.64494323730469,42.40087127685547,84.30913543701172,90.46830749511719,20.277538299560547,306.05999755859375,83.1922836303711
2025-04-30,545.4917602539062,80.5499038696289,42.50772476196289,83.6268310546875,90.60979461669922,19.900236129760742,303.7699890136719,83.48529052734375
2025-05-01,549.3575439453125,80.29328918457031,42.498008728027344,83.2027816772461,90.21520233154297,19.996980667114258,297.4599914550781,83.7593765258789
2025-05-02,557.51220703125,81.83300018310547,43.71223831176758,82.30218505859375,89.609619140625,20.08405113220215,297.9800109863281,84.78959655761719
2025-05-05,554.3153076171875,81.97557067871094,44.04250717163086,81.84249877929688,89.4487533569336,19.967958450317383,306.8800048828125,84.6005630493164
2025-05-06,549.68212890625,81.87100982666016,43.86766052246094,82.11456298828125,89.67583465576172,20.267866134643555,315.4800109863281,83.94841003417969
2025-05-07,551.9938354492188,81.59538269042969,43.36254119873047,82.46166229248047,89.91239929199219,20.01633071899414,310.75,84.04293060302734
2025-05-08,555.8399658203125,81.31026458740234,43.33340072631836,81.54229736328125,89.21218872070312,20.277538299560547,304.6300048828125,83.71212768554688
2025-05-09,555.1318359375,81.70944213867188,43.62481689453125,81.66425323486328,89.27841186523438,20.432329177856445,306.8399963378906,84.26976013183594
2025-05-12,573.4774169921875,82.12763977050781,44.56705856323242,80.90437316894531,88.710693359375,20.567771911621094,298.19000244140625,84.68562316894531
2025-05-13,577.2646484375,82.23218536376953,44.6447639465332,80.57601165771484,88.6444320678711,20.887025833129883,299.4599914550781,83.60814666748047
2025-05-14,578.0023803710938,81.83300018310547,44.9847526550293,80.04127502441406,88.3132553100586,20.780607223510742,293.1600036621094,82.78587341308594
2025-05-15,580.8255004882812,82.7264175415039,44.96532440185547,80.74488067626953,88.89047241210938,20.57744598388672,297.8399963378906,84.2981185913086
2025-05-16,584.504638671875,82.91650390625,44.936180114746094,80.96064758300781,88.91886138916016,20.500049591064453,294.239990234375,85.34724426269531
2025-05-19,585.1439819335938,83.70537567138672,45.03331756591797,80.72610473632812,88.87154388427734,20.471027374267578,298.0299987792969,85.36614227294922
2025-05-20,583.1764526367188,84.10456085205078,44.9847526550293,80.14449310302734,88.75799560546875,20.732234954833984,303.5799865722656,84.8652114868164
2025-05-21,573.349609375,83.61032104492188,44.86818313598633,78.77481842041016,88.14293670654297,20.70321273803711,305.82000732421875,82.6063003540039
2025-05-22,573.5757446289062,83.56279754638672,44.722476959228516,79.18758392333984,88.47410583496094,20.59679412841797,303.1099853515625,82.22824096679688
2025-05-23,569.6607666015625,83.6768569946289,44.907039642333984,79.31892395019531,88.7295913696289,20.712886810302734,309.75,82.31329345703125
2025-05-27,581.5043334960938,84.89342498779297,44.80018615722656,80.42591857910156,89.09866333007812,20.529071807861328,304.5,83.74992370605469
2025-05-28,578.14013671875,83.91446685791016,44.596195220947266,80.07880401611328,88.85262298583984,20.46135139465332,303.80999755859375,83.66486358642578
2025-05-29,580.4223022460938,84.28514099121094,44.76133346557617,80.8199462890625,89.22164916992188,20.354934692382812,305.6099853515625,84.42098999023438
2025-05-30,579.7730102539062,84.40869903564453,44.21735763549805,80.94187927246094,89.48660278320312,20.20014190673828,303.6000061035156,84.42098999023438
2025-06-02,583.0389404296875,85.3116226196289,44.53791046142578,80.18860626220703,89.18282318115234,20.625816345214844,311.6700134277344,84.5344009399414
2025-06-03,586.3637084960938,84.66532135009766,44.6447639465332,80.04735565185547,89.09734344482422,20.76125717163086,308.9100036621094,84.36427307128906
2025-06-04,586.2063598632812,85.04550170898438,45.19845199584961,81.34679412841797,89.75242614746094,20.683862686157227,310.8999938964844,84.6005630493164
2025-06-05,583.373291015625,84.98845672607422,45.43158721923828,81.40328979492188,89.48661804199219,20.780607223510742,309.3299865722656,84.5344009399414
2025-06-06,589.364013671875,85.2926025390625,45.577293395996094,80.36748504638672,88.77458190917969,20.945072174072266,305.17999267578125,84.9408187866211
2025-06-09,589.8951416015625,85.2831039428711,45.96584701538086,80.45225524902344,88.93597412109375,20.964420318603516,306.6199951171875,85.05423736572266
2025-06-10,593.2396240234375,85.39715576171875,46.228118896484375,80.8665542602539,89.0878677368164,20.91604995727539,306.7099914550781,85.78201293945312
2025-06-11,591.5477905273438,85.25458526611328,46.422401428222656,81.11139678955078,89.45811462402344,21.25465202331543,308.3699951171875,85.3188705444336
2025-06-12,593.898681640625,85.91039276123047,46.50010681152344,82.08125305175781,89.84733581542969,21.25465202331543,312.20001220703125,85.73474884033203
2025-06-13,587.2589111328125,84.8078842163086,45.76185989379883,81.29029083251953,89.51509094238281,21.912511825561523,316.2900085449219,84.90300750732422
2025-06-16,592.84619140625,85.1259994506836,46.32286834716797,80.47107696533203,89.25875854492188,21.8641414642334,311.7799987792969,84.96917724609375
2025-06-17,587.7802124023438,84.08174133300781,45.714778900146484,81.45037841796875,89.69546508789062,22.328510284423828,311.94000244140625,84.66673278808594
2025-06-18,587.6917114257812,84.22677612304688,45.7049674987793,81.59162139892578,89.75242614746094,22.38655662536621,310.260009765625,84.95972442626953
2025-06-20,586.3114013671875,83.47259521484375,45.44015884399414,81.44094848632812,89.80939483642578,22.50265121459961,310.1300048828125,84.90300750732422
2025-06-23,592.1027221679688,84.10108184814453,45.8128547668457,81.7046127319336,90.12268829345703,21.670652389526367,311.0799865722656,86.17897033691406
2025-06-24,598.6439208984375,85.1259994506836,46.99961471557617,82.29781341552734,90.43596649169922,21.148235321044922,306.19000244140625,86.40579986572266
2025-06-25,598.9793701171875,84.66188049316406,47.038848876953125,82.40140533447266,90.47394561767578,21.119211196899414,307.1199951171875,84.32646942138672
2025-06-26,603.6656494140625,85.60944366455078,47.35270309448242,82.8156967163086,90.79672241210938,21.196605682373047,306.7799987792969,84.24820709228516
2025-06-27,606.6647338867188,86.3829574584961,47.166351318359375,82.28840637207031,90.55937194824219,21.090187072753906,301.2200012207031,84.45817565917969
2025-06-30,609.5653686523438,86.43130493164062,47.313472747802734,83.09820556640625,90.92012786865234,21.099863052368164,304.8299865722656,85.00221252441406
2025-07-01,609.3681640625,86.2862777709961,47.4017448425293,83.3042221069336,90.75157165527344,21.21595573425293,307.54998779296875,85.62260437011719
2025-07-02,612.1304931640625,86.53767395019531,47.60771179199219,82.77497863769531,90.56108856201172,21.564233779907227,309.25,85.82302856445312
2025-07-03,616.9549560546875,86.5570068359375,47.823482513427734,82.19843292236328,90.24679565429688,21.5545597076416,307.1400146484375,85.91847229003906
2025-07-07,612.3574829101562,85.61911010742188,47.14673614501953,81.41398620605469,89.96109771728516,21.53521156311035,307.3699951171875,85.18355560302734
2025-07-08,612.0220336914062,86.24759674072266,47.440975189208984,81.31002044677734,89.82776641845703,21.60293197631836,304.1600036621094,85.05948638916016
2025-07-09,615.6920776367188,86.89542388916016,47.36251449584961,82.16062927246094,90.29442596435547,21.564233779907227,305.5199890136719,85.12629699707031
2025-07-10,617.4285888671875,86.83740997314453,47.490013122558594,82.21733093261719,90.24679565429688,21.496511459350586,306.20001220703125,85.66077423095703
2025-07-11,615.2579956054688,86.00587463378906,47.33308792114258,81.08318328857422,89.82776641845703,21.777070999145508,309.1400146484375,85.67032623291016
2025-07-14,616.4320678710938,86.00587463378906,47.4017448425293,80.91304779052734,89.78965759277344,21.5932559967041,308.010009765625,86.22389221191406
2025-07-15,613.7979125976562,85.10665893554688,47.745018005371094,80.34597778320312,89.43729400634766,21.5545597076416,306.7300109863281,84.95449829101562
2025-07-16,615.8499755859375,85.45474243164062,47.970603942871094,80.45938110351562,89.68489837646484,21.583581924438477,308.260009765625,85.75621795654297
2025-07-17,619.6187133789062,85.67713165283203,48.24522399902344,80.44049835205078,89.65634155273438,21.757720947265625,307.5899963378906,85.66077423095703
2025-07-18,619.1649780273438,85.4354019165039,48.1373405456543,80.5633544921875,89.9039535522461,21.796419143676758,308.3900146484375,85.84212493896484
2025-07-21,620.3389892578125,85.88984680175781,48.45119094848633,81.28164672851562,90.21824645996094,21.748046875,313.1300048828125,86.19525909423828
2025-07-22,620.427734375,86.3636245727539,48.480613708496094,81.77312469482422,90.47537994384766,21.7093505859375,316.1000061035156,87.67464447021484
2025-07-23,625.7060546875,88.51014709472656,48.971012115478516,81.3194580078125,90.15155792236328,21.651302337646484,312.17999267578125,87.846435546875
2025-07-24,625.9132080078125,87.8526611328125,48.706199645996094,81.17768859863281,90.01822662353516,21.670652389526367,310.2699890136719,87.54103088378906
2025-07-25,628.5572509765625,87.74629211425781,48.55907440185547,81.68807220458984,90.22775268554688,21.44814109802246,307.3999938964844,87.5505599975586
2025-07-28,628.3994140625,86.3346176147461,48.235416412353516,81.15876770019531,90.02777099609375,21.670652389526367,305.4100036621094,86.14753723144531
2025-07-29,626.741943359375,86.16057586669922,48.255035400390625,82.52925109863281,90.61824035644531,21.951210021972656,306.25,87.5314712524414
2025-07-30,625.9526977539062,85.54176330566406,47.901947021484375,82.10392761230469,90.30396270751953,21.9028377532959,300.9599914550781,86.29071044921875
2025-07-31,623.6045532226562,84.62320709228516,47.62732696533203,82.15118408203125,90.380126953125,21.719024658203125,302.9599914550781,85.07857513427734
2025-08-01,613.3834228515625,84.40081787109375,47.27424240112305,83.319091796875,91.42066192626953,21.370746612548828,309.1099853515625,84.86859893798828
2025-08-04,622.7067260742188,85.52242279052734,47.7646369934082,83.5467758178711,91.54486846923828,21.293350219726562,310.9100036621094,85.73712921142578
2025-08-05,619.5496215820312,85.51275634765625,47.901947021484375,83.80294799804688,91.47798156738281,21.10953712463379,311.1600036621094,86.1284408569336
2025-08-06,624.295166015625,86.07355499267578,48.12752914428711,83.319091796875,91.41108703613281,21.06116485595703,310.5,85.46034240722656
2025-08-07,623.7722778320312,86.84707641601562,48.5296516418457,83.1767807006836,91.34422302246094,21.12888526916504,313.1199951171875,85.70849609375
2025-08-08,628.63623046875,87.37887573242188,48.490421295166016,82.81625366210938,91.1340103149414,21.12888526916504,313.04998779296875,85.00221252441406
2025-08-11,627.39306640625,87.01144409179688,48.353111267089844,82.91112518310547,91.1626968383789,21.157909393310547,308.54998779296875,84.43909454345703
2025-08-12,634.0723876953125,88.07503509521484,48.94158935546875,82.49366760253906,91.14356231689453,21.07084083557129,308.2699890136719,84.91632080078125
2025-08-13,636.2427978515625,88.6068344116211,49.53006362915039,83.1767807006836,91.46844482421875,21.04181671142578,309.2099914550781,85.70849609375
2025-08-14,636.3020629882812,88.61650848388672,48.921974182128906,82.56009674072266,91.17223358154297,21.12888526916504,307.25,85.09765625
2025-08-15,634.8123168945312,89.13863372802734,48.98081970214844,81.97187805175781,90.9906997680664,21.06116485595703,307.42999267578125,85.58441925048828
2025-08-18,634.6741333007812,89.04193878173828,49.26525115966797,81.73467254638672,90.90470123291016,21.080514907836914,306.95001220703125,84.85905456542969
2025-08-19,631.23095703125,89.0516128540039,48.86312484741211,82.20906829833984,91.1340103149414,20.91604995727539,305.2699890136719,86.31934356689453
2025-08-20,629.5537109375,89.37068939208984,48.794471740722656,82.38931274414062,91.26777648925781,21.148235321044922,308.3599853515625,86.56749725341797
2025-08-21,627.028076171875,88.80988311767578,48.68658447265625,81.98135375976562,91.0002212524414,21.274002075195312,307.2900085449219,86.30979919433594
2025-08-22,636.6571655273438,90.14421844482422,49.657569885253906,82.58854675292969,91.50664520263672,21.36107063293457,310.5799865722656,87.98006439208984
2025-08-25,633.8551635742188,88.95492553710938,49.373138427734375,82.35136413574219,91.32512664794922,21.467491149902344,309.8299865722656,87.47421264648438
2025-08-26,636.5092163085938,88.85823059082031,49.245635986328125,82.3039321899414,91.56398010253906,21.30302619934082,312.0799865722656,87.24514770507812
2025-08-27,637.95947265625,88.6455078125,48.95139694213867,82.20906829833984,91.7359619140625,21.32237434387207,312.7099914550781,87.78917694091797
2025-08-28,640.21875,88.97425842285156,49.13774490356445,82.74983215332031,91.94617462158203,21.457815170288086,315.0299987792969,87.56010437011719
2025-08-29,636.4006958007812,88.45214080810547,48.90235900878906,82.16162109375,91.86974334716797,21.48683738708496,318.07000732421875,88.03732299804688
2025-09-02,631.6847534179688,87.58192443847656,48.86312484741211,81.55017852783203,91.59557342529297,21.83511734008789,325.5899963378906,86.57704162597656
2025-09-03,635.1082153320312,87.71729278564453,49.04947280883789,82.44542694091797,91.91192626953125,21.641630172729492,328.1400146484375,86.62476348876953
2025-09-04,640.4160766601562,88.35543823242188,48.892547607421875,83.07396697998047,92.3241195678711,21.48683738708496,326.69000244140625,87.27377319335938
2025-09-05,638.5612182617188,88.75187683105469,49.48102569580078,84.34060668945312,92.77466583251953,21.312700271606445,331.04998779296875,88.2568588256836
2025-09-08,640.1300048828125,89.64141845703125,49.93218994140625,85.46439361572266,93.062255859375,21.457815170288086,334.82000732421875,87.74144744873047
2025-09-09,641.60986328125,89.34168243408203,50.206809997558594,84.97869110107422,92.84176635742188,21.51586151123047,334.05999755859375,87.54103088378906
2025-09-10,643.4646606445312,89.32234191894531,50.55009078979492,85.46439361572266,93.09101867675781,21.66097640991211,335.260009765625,87.39785766601562
2025-09-11,648.81201171875,90.26990509033203,51.28568649291992,86.03579711914062,93.23480987548828,21.496511459350586,334.760009765625,88.99176788330078
2025-09-12,648.5949096679688,89.91215515136719,51.25625991821289,85.66437530517578,92.96640014648438,21.62228012084961,335.4200134277344,88.58135223388672
2025-09-15,652.0479736328125,90.51163482666016,51.62895965576172,85.86437225341797,93.11978149414062,21.815767288208008,338.9100036621094,88.43819427490234
2025-09-16,651.1502075195312,90.26023864746094,52.011470794677734,86.04530334472656,93.17728424072266,22.038280487060547,339.5899963378906,87.97051239013672
2025-09-17,650.3412475585938,89.92182159423828,52.23705291748047,85.82627868652344,92.9759750366211,21.806095123291016,336.9700012207031,87.8559799194336
2025-09-18,653.3798828125,90.26990509033203,52.109554290771484,84.94058227539062,92.66923522949219,21.7093505859375,335.6199951171875,88.046875
2025-09-19,656.615966796875,89.92182159423828,51.99185562133789,84.77867889404297,92.6308822631836,21.53521156311035,339.17999267578125,87.47421264648438
2025-09-22,659.7225341796875,90.21189880371094,52.24686050415039,84.47393035888672,92.47750091552734,21.53521156311035,345.04998779296875,87.49330139160156
2025-09-23,656.1312866210938,90.03785705566406,52.276283264160156,85.06438446044922,92.73632049560547,21.757720947265625,346.4599914550781,87.97051239013672
2025-09-24,654.043701171875,89.51573181152344,52.0997428894043,84.74059295654297,92.4870834350586,21.9028377532959,343.32000732421875,87.1052474975586
2025-09-25,651.0263061523438,88.8775634765625,51.79569625854492,84.74059295654297,92.28577423095703,22.057626724243164,344.75,86.84508514404297
2025-09-26,654.7560424804688,89.56407165527344,51.69761657714844,84.66438293457031,92.23783874511719,22.067302703857422,346.739990234375,87.70263671875
2025-09-29,656.59619140625,89.91215515136719,52.16839599609375,85.359619140625,92.50626373291016,21.88348960876465,352.4599914550781,87.73155975341797
2025-09-30,659.0695190429688,90.27957916259766,52.374366760253906,85.11200714111328,92.46791076660156,21.796419143676758,355.4700012207031,88.08806610107422
2025-10-01,661.3153686523438,91.02409362792969,52.78629684448242,85.33181762695312,92.7794418334961,21.757720947265625,356.0299987792969,88.22296905517578
2025-10-02,662.0770263671875,91.16912841796875,53.031494140625,85.58029174804688,92.87561798095703,21.612606048583984,354.7900085449219,87.76046752929688
2025-10-03,662.0671997070312,91.93297576904297,53.18842315673828,85.4178237915039,92.69290924072266,21.680326461791992,357.6400146484375,88.08806610107422
2025-10-06,664.4415283203125,92.14569854736328,53.43362045288086,84.73929595947266,92.4236831665039,21.9028377532959,364.3800048828125,87.25941467285156
2025-10-07,661.9780883789062,91.34317016601562,53.021690368652344,85.22669219970703,92.6544418334961,21.989906311035156,366.260009765625,86.94145202636719
2025-10-08,665.925537109375,91.61389923095703,53.44343185424805,85.29358673095703,92.67369842529297,22.018930435180664,372.29998779296875,86.48857116699219
2025-10-09,663.9963989257812,90.85972595214844,52.89418411254883,85.22669219970703,92.60639190673828,21.815767288208008,365.42999267578125,86.01643371582031
2025-10-10,646.050048828125,89.18697357177734,50.942405700683594,86.60285949707031,93.18331146240234,21.351396560668945,369.1199951171875,84.91798400878906
2025-10-13,655.9630126953125,89.9024887084961,52.423404693603516,86.5550765991211,93.23137664794922,21.62228012084961,378.0899963378906,85.45757293701172
2025-10-14,655.1616821289062,90.30859375,51.9526252746582,86.83222198486328,93.47175598144531,21.380420684814453,380.7900085449219,86.33441162109375
2025-10-15,658.0703125,90.74369049072266,52.80591583251953,86.6410903930664,93.3659896850586,21.457815170288086,387.3900146484375,87.58702850341797
2025-10-16,653.5887451171875,91.21746826171875,53.14918899536133,87.29093170166016,93.79869079589844,21.419116973876953,396.45001220703125,87.2786865234375
2025-10-17,657.298583984375,91.38184356689453,53.139381408691406,87.15715026855469,93.64484405517578,21.399770736694336,388.989990234375,87.8471908569336
2025-10-20,664.1348876953125,92.13602447509766,53.865169525146484,87.49163818359375,93.76984405517578,21.612606048583984,403.1499938964844,88.73365020751953
2025-10-21,664.1249389648438,91.45919799804688,53.26689147949219,87.92168426513672,93.94292449951172,21.390094757080078,377.239990234375,88.4831314086914
2025-10-22,660.6722412109375,91.3238296508789,53.21784591674805,87.97903442382812,93.96215057373047,21.728696823120117,377.2799987792969,88.85891723632812
2025-10-23,664.5899658203125,91.749267578125,53.688629150390625,87.37694549560547,93.65445709228516,22.096324920654297,378.7900085449219,88.80110931396484
2025-10-24,670.0213012695312,91.89430236816406,54.04171371459961,87.41519165039062,93.74100494384766,22.106000900268555,377.5199890136719,89.06127166748047
2025-10-27,677.926025390625,92.53245544433594,54.63999938964844,87.71144104003906,93.74100494384766,22.057626724243164,367.010009765625,89.31178283691406
2025-10-28,679.7266235351562,92.49378204345703,54.62038040161133,87.94080352783203,93.82754516601562,21.85446548461914,364.3800048828125,87.55811309814453
2025-10-29,680.0531005859375,91.97166442871094,54.934234619140625,87.052001953125,93.2217788696289,21.970558166503906,363.0,85.30340576171875
2025-10-30,672.5739135742188,91.5655517578125,54.36537551879883,86.54550170898438,93.08715057373047,21.98023223876953,370.1300048828125,85.70809936523438
2025-10-31,674.780029296875,91.36250305175781,54.23787307739258,86.2874984741211,93.1256103515625,22.13502311706543,368.1199951171875,85.92971801757812
2025-11-03,676.0463256835938,91.40118408203125,54.581153869628906,86.07170104980469,93.08124542236328,22.299488067626953,368.7799987792969,85.80445098876953
2025-11-04,668.0327758789062,90.46328735351562,53.58074188232422,86.26351165771484,93.19699096679688,22.144697189331055,362.32000732421875,85.94898223876953
2025-11-05,670.3478393554688,91.0434341430664,54.06132888793945,85.32357025146484,92.75330352783203,22.076976776123047,366.510009765625,86.02606201171875
2025-11-06,663.1553955078125,90.84037780761719,53.659202575683594,86.09085083007812,93.22593688964844,22.106000900268555,366.07000732421875,85.61173248291016
2025-11-07,663.808349609375,91.17880249023438,53.50227737426758,85.90863800048828,93.26451110839844,22.15437126159668,368.30999755859375,86.94145202636719
2025-11-10,674.1665649414062,92.13602447509766,54.4438362121582,85.88946533203125,93.13910675048828,22.39623260498047,378.3800048828125,86.89326477050781
2025-11-11,675.7100219726562,92.81285858154297,54.502685546875,86.28269958496094,93.42851257324219,22.54134750366211,379.8699951171875,87.86646270751953
2025-11-12,676.0859985351562,93.3639907836914,54.51249313354492,86.43616485595703,93.44776916503906,22.289813995361328,385.989990234375,87.21123504638672
2025-11-13,664.8670043945312,92.36808013916016,53.87498092651367,85.72639465332031,93.17769622802734,22.173721313476562,382.8699951171875,86.14169311523438
2025-11-14,664.7581176757812,92.10702514648438,53.90440368652344,85.23725128173828,93.02338409423828,22.222091674804688,375.9599914550781,86.32476043701172
2025-11-17,658.5648803710938,90.90806579589844,53.26689147949219,85.44827270507812,93.12947845458984,22.193069458007812,371.6499938964844,85.61173248291016
2025-11-18,653.03466796875,89.72844696044922,53.002071380615234,85.41947937011719,93.28380584716797,22.376882553100586,374.3500061035156,85.9586181640625
2025-11-19,655.557373046875,89.45770263671875,52.81571960449219,85.24683380126953,93.21627807617188,22.15437126159668,374.9599914550781,85.28413391113281
2025-11-20,645.5652465820312,88.22007751464844,52.089935302734375,85.58253479003906,93.43814086914062,21.94153594970703,374.8500061035156,84.92761993408203
2025-11-21,651.995849609375,89.58341217041016,52.08012771606445,85.84149932861328,93.74679565429688,21.796419143676758,374.2699890136719,86.30549621582031
2025-11-24,661.59228515625,89.6607666015625,52.629371643066406,86.33065032958984,93.89147186279297,21.9028377532959,380.20001220703125,86.53675079345703
2025-11-25,667.815185546875,90.73401641845703,52.81571960449219,86.5512466430664,94.13262939453125,21.786745071411133,380.0799865722656,87.33649444580078
2025-11-26,672.4254150390625,91.72993469238281,53.19823455810547,86.93490600585938,94.20978546142578,22.018930435180664,383.1199951171875,87.721923828125
2025-11-28,676.0958251953125,92.03934478759766,53.276695251464844,86.5224838256836,94.04581451416016,22.309162139892578,387.8800048828125,88.010986328125
2025-12-01,673.0091552734375,91.58489227294922,53.237464904785156,85.44537353515625,93.54080963134766,22.367210388183594,389.75,86.99925231933594
2025-12-02,674.2556762695312,91.89430236816406,53.257080078125,85.48388671875,93.61820220947266,22.270465850830078,387.239990234375,86.69091796875
2025-12-03,676.5905151367188,92.3874282836914,53.29631423950195,85.7245101928711,93.81169891357422,22.376882553100586,386.8800048828125,86.91253662109375
2025-12-04,677.0851440429688,92.6388168334961,53.28650665283203,85.26249694824219,93.52146911621094,22.4349308013916,387.1300048828125,86.70055389404297
2025-12-05,678.371337890625,92.6388168334961,53.688629150390625,84.86785888671875,93.32798767089844,22.570371627807617,386.44000244140625,86.60420227050781
2025-12-08,676.3333129882812,92.34874725341797,53.57093048095703,84.58869934082031,93.13449096679688,22.289813995361328,385.4200134277344,85.93934631347656
2025-12-09,675.7495727539062,92.22305297851562,53.482662200927734,84.67534637451172,92.99906158447266,22.24144172668457,387.3999938964844,85.61173248291016
2025-12-10,680.2312622070312,93.24796295166016,54.0809440612793,85.00260925292969,93.29896545410156,22.376882553100586,389.04998779296875,85.9200668334961
2025-12-11,681.8140869140625,93.7990951538086,53.8259391784668,84.8871078491211,93.30863952636719,22.357534408569336,393.239990234375,86.29586029052734
2025-12-12,674.4832153320312,93.30597686767578,53.19823455810547,84.06893920898438,93.05709838867188,22.173721313476562,395.44000244140625,86.18987274169922
2025-12-15,673.4641723632812,93.87644958496094,53.04130554199219,84.1266860961914,93.13449096679688,22.067302703857422,395.79998779296875,86.45967102050781
2025-12-16,671.6240844726562,93.44133758544922,52.70604705810547,84.58869934082031,93.39570617675781,21.844791412353516,395.8900146484375,85.82372283935547
2025-12-17,664.2338256835938,92.68333435058594,52.32801055908203,84.51171875,93.3763427734375,22.106000900268555,399.2900085449219,86.14169311523438
2025-12-18,669.2496948242188,93.3428955078125,52.92491149902344,84.91597747802734,93.61820220947266,21.951210021972656,398.57000732421875,85.68882751464844
2025-12-19,675.3153686523438,93.9729232788086,53.442222595214844,84.59902954101562,93.40758514404297,22.106000900268555,399.0199890136719,85.36121368408203
2025-12-22,679.5225219726562,94.20918273925781,53.73072052001953,84.41544342041016,93.31053924560547,22.389999389648438,408.2300109863281,85.79974365234375
2025-12-23,682.6282348632812,94.79000091552734,54.029170989990234,84.55072021484375,93.27171325683594,22.639999389648438,413.6400146484375,85.74140930175781
2025-12-24,685.0294799804688,94.90813446044922,54.13859939575195,85.06285858154297,93.51436614990234,22.6299991607666,411.92999267578125,86.30537414550781
2025-12-26,684.9600219726562,95.06563568115234,54.51663589477539,84.78263092041016,93.6017074584961,22.700000762939453,416.739990234375,86.40259552001953
2025-12-29,682.51904296875,94.7801513671875,54.37736129760742,85.10150909423828,93.73758697509766,22.489999771118164,398.6000061035156,86.57762145996094
2025-12-30,681.685546875,94.93766021728516,54.596221923828125,84.89859008789062,93.64054107666016,22.639999389648438,398.8900146484375,86.75264739990234
2025-12-31,676.635009765625,94.53404235839844,54.427101135253906,84.22218322753906,93.32994842529297,22.360000610351562,396.30999755859375,86.04283142089844
